WKT,Name,OBJECTID,UKATEGORIE,UTYP1,UART,UMONAT,USTUNDE,UWOCHENTAG,STRZUSTAND,ULICHTVERH,ISTRAD,ISTPKW,ISTFUSS,ISTKRAD,ISTGKFZ,ISTSONSTIG
"POINT (7.589618466000047 51.938395069000080)",Unfall 95572 (2019) Kat:3, Licht: 2,95572,3,2,5,01,21,3,1,2,0,1,0,1,0,0
"POINT (7.647013014000038 51.963760756000056)",Unfall 96140 (2019) Kat:3, Licht: 0,96140,3,6,2,01,10,6,1,0,0,1,0,0,0,0
"POINT (7.646820702000071 51.964178413000070)",Unfall 96221 (2019) Kat:3, Licht: 2,96221,3,2,4,01,20,5,1,2,1,1,0,0,0,0
"POINT (7.619863259000056 51.955014490000053)",Unfall 96294 (2019) Kat:3, Licht: 2,96294,3,6,3,01,19,4,0,2,1,0,0,0,0,0
"POINT (7.612114161000022 51.976383243000043)",Unfall 96359 (2019) Kat:3, Licht: 2,96359,3,2,6,01,20,3,1,2,0,1,1,0,0,0
"POINT (7.715785125000025 51.911246411000036)",Unfall 96360 (2019) Kat:2, Licht: 2,96360,2,3,5,01,20,3,1,2,0,1,0,0,0,0
"POINT (7.631288861000030 51.954006201000027)",Unfall 96361 (2019) Kat:3, Licht: 2,96361,3,2,6,01,20,3,1,2,0,1,1,0,0,0
"POINT (7.601998939000055 51.935137330000032)",Unfall 96558 (2019) Kat:3, Licht: 2,96558,3,6,2,01,19,2,1,2,0,1,0,0,0,1
"POINT (7.572087080000074 51.940287192000028)",Unfall 96574 (2019) Kat:3, Licht: 0,96574,3,6,2,01,14,1,1,0,0,1,0,0,0,0
"POINT (7.636599663000027 51.952911756000049)",Unfall 96575 (2019) Kat:2, Licht: 2,96575,2,3,5,01,00,1,1,2,1,1,0,0,0,0
"POINT (7.553021717000036 51.952612525000063)",Unfall 96636 (2019) Kat:3, Licht: 0,96636,3,2,5,01,13,6,1,0,1,1,0,0,0,0
"POINT (7.636345630000051 51.961905724000076)",Unfall 96740 (2019) Kat:3, Licht: 2,96740,3,1,0,01,01,5,0,2,1,0,0,0,0,0
"POINT (7.633261623000067 51.953441849000058)",Unfall 96822 (2019) Kat:3, Licht: 2,96822,3,6,3,01,20,4,0,2,1,0,0,0,0,0
"POINT (7.664818571000069 51.930798974000027)",Unfall 96823 (2019) Kat:3, Licht: 2,96823,3,6,2,01,18,4,0,2,0,1,0,0,0,0
"POINT (7.700666523000052 51.942125537000038)",Unfall 96824 (2019) Kat:2, Licht: 2,96824,2,7,4,01,17,4,0,2,0,1,0,0,0,0
"POINT (7.570158515000060 51.990019868000047)",Unfall 96825 (2019) Kat:2, Licht: 0,96825,2,1,0,01,13,4,0,0,1,0,0,0,0,0
"POINT (7.625616051000066 51.952929179000080)",Unfall 96826 (2019) Kat:2, Licht: 2,96826,2,3,5,01,07,4,1,2,0,1,0,1,0,0
"POINT (7.648251780000066 51.991087728000082)",Unfall 96827 (2019) Kat:3, Licht: 2,96827,3,7,0,01,19,4,1,2,0,1,0,0,0,1
"POINT (7.560239769000020 52.019098938000070)",Unfall 96894 (2019) Kat:3, Licht: 1,96894,3,1,0,01,07,2,1,1,1,0,0,0,0,0
"POINT (7.570646967000073 51.884391785000048)",Unfall 96895 (2019) Kat:3, Licht: 2,96895,3,6,2,01,07,2,1,2,0,1,0,0,0,0
"POINT (7.609297097000024 51.940847933000043)",Unfall 96896 (2019) Kat:3, Licht: 2,96896,3,2,6,01,06,2,1,2,0,1,1,0,0,0
"POINT (7.597881321000045 51.978593667000041)",Unfall 97019 (2019) Kat:3, Licht: 2,97019,3,6,1,01,21,1,1,2,0,1,0,0,0,0
"POINT (7.637021114000049 51.950686436000069)",Unfall 97020 (2019) Kat:2, Licht: 0,97020,2,7,0,01,14,1,1,0,0,1,1,0,0,0
"POINT (7.657591821000040 52.043827959000055)",Unfall 97074 (2019) Kat:3, Licht: 0,97074,3,7,9,01,11,7,1,0,0,1,0,0,0,0
"POINT (7.646698889000049 51.963559825000061)",Unfall 97286 (2019) Kat:3, Licht: 2,97286,3,5,1,01,23,4,1,2,1,1,0,0,0,0
"POINT (7.625929598000028 51.955665476000036)",Unfall 97287 (2019) Kat:3, Licht: 0,97287,3,6,5,01,16,4,0,0,1,1,0,0,0,0
"POINT (7.644270011000060 51.953889709000066)",Unfall 97288 (2019) Kat:2, Licht: 0,97288,2,6,3,01,13,4,0,0,0,1,0,0,0,0
"POINT (7.622239004000051 51.893730982000079)",Unfall 97289 (2019) Kat:3, Licht: 1,97289,3,3,5,01,07,4,0,1,1,1,0,0,0,0
"POINT (7.636167932000035 51.972540734000063)",Unfall 97370 (2019) Kat:3, Licht: 2,97370,3,6,1,01,17,3,0,2,0,1,0,0,0,0
"POINT (7.541943416000038 51.990941945000031)",Unfall 97371 (2019) Kat:3, Licht: 0,97371,3,2,2,01,15,3,1,0,0,1,0,0,0,0
"POINT (7.612291473000028 51.993444638000028)",Unfall 97372 (2019) Kat:3, Licht: 0,97372,3,6,2,01,08,3,0,0,0,1,0,0,0,1
"POINT (7.601707500000032 51.965234276000047)",Unfall 97579 (2019) Kat:3, Licht: 0,97579,3,3,5,01,17,1,0,0,0,1,0,0,0,0
"POINT (7.619797595000023 51.954747620000035)",Unfall 97580 (2019) Kat:3, Licht: 0,97580,3,4,6,01,12,1,0,0,0,1,1,0,0,0
"POINT (7.641955242000051 51.896472646000063)",Unfall 97616 (2019) Kat:2, Licht: 2,97616,2,1,9,01,21,7,0,2,0,1,0,0,0,0
"POINT (7.596000364000076 51.941537275000030)",Unfall 97618 (2019) Kat:3, Licht: 0,97618,3,3,5,01,11,7,0,0,1,1,0,0,0,0
"POINT (7.648361092000073 51.992929916000037)",Unfall 97619 (2019) Kat:3, Licht: 0,97619,3,7,0,01,11,7,0,0,0,0,1,0,0,1
"POINT (7.589579454000045 51.928777091000029)",Unfall 97695 (2019) Kat:3, Licht: 0,97695,3,2,5,01,16,6,0,0,1,1,0,0,0,0
"POINT (7.632938276000061 51.908638065000048)",Unfall 97696 (2019) Kat:3, Licht: 0,97696,3,6,2,01,12,6,1,0,0,1,0,0,0,0
"POINT (7.606604994000065 51.973431080000069)",Unfall 97869 (2019) Kat:3, Licht: 0,97869,3,6,2,01,14,5,0,0,0,1,0,0,0,0
"POINT (7.626799533000053 51.931900817000042)",Unfall 97951 (2019) Kat:3, Licht: 2,97951,3,2,6,01,17,1,1,2,0,1,1,0,0,0
"POINT (7.686321298000053 51.928386965000072)",Unfall 97954 (2019) Kat:3, Licht: 2,97954,3,1,8,01,06,4,2,2,0,1,0,0,0,0
"POINT (7.632940883000060 51.908626385000048)",Unfall 97955 (2019) Kat:3, Licht: 0,97955,3,6,1,01,08,4,1,0,0,1,0,0,0,0
"POINT (7.550503441000046 51.977577425000050)",Unfall 98062 (2019) Kat:2, Licht: 0,98062,2,1,8,01,10,4,1,0,0,1,0,0,0,0
"POINT (7.658173013000067 51.975420829000029)",Unfall 98087 (2019) Kat:3, Licht: 0,98087,3,2,5,01,08,3,0,0,1,1,0,0,0,0
"POINT (7.634927428000026 51.959752318000028)",Unfall 98090 (2019) Kat:3, Licht: 0,98090,3,3,5,01,07,3,0,0,1,0,0,0,0,0
"POINT (7.612499117000027 52.048300511000036)",Unfall 98093 (2019) Kat:3, Licht: 2,98093,3,6,2,01,23,7,1,2,0,1,0,0,0,0
"POINT (7.620217148000052 51.935762562000036)",Unfall 98094 (2019) Kat:3, Licht: 0,98094,3,7,2,01,15,7,1,0,0,1,0,0,0,0
"POINT (7.583664651000049 51.926712227000053)",Unfall 98099 (2019) Kat:3, Licht: 0,98099,3,2,3,01,14,3,0,0,1,1,0,0,0,0
"POINT (7.656445164000047 51.954530181000052)",Unfall 98119 (2019) Kat:3, Licht: 0,98119,3,2,5,01,13,6,0,0,1,1,0,0,0,0
"POINT (7.619663543000058 51.957347487000050)",Unfall 98120 (2019) Kat:3, Licht: 2,98120,3,2,4,01,05,6,0,2,0,1,0,0,0,0
"POINT (7.588850119000028 51.965274821000037)",Unfall 98288 (2019) Kat:3, Licht: 0,98288,3,2,5,01,12,3,1,0,1,1,0,0,0,0
"POINT (7.661260360000028 51.967799758000069)",Unfall 98289 (2019) Kat:2, Licht: 2,98289,2,7,0,01,07,3,2,2,1,0,0,0,0,0
"POINT (7.671451583000021 51.950783258000058)",Unfall 98290 (2019) Kat:3, Licht: 2,98290,3,7,0,01,05,3,2,2,1,0,0,0,0,0
"POINT (7.590189830000043 51.973703293000028)",Unfall 98291 (2019) Kat:3, Licht: 2,98291,3,1,0,01,01,3,1,2,1,0,0,0,0,0
"POINT (7.592455323000024 51.930353819000061)",Unfall 98379 (2019) Kat:3, Licht: 2,98379,3,1,9,01,23,5,1,2,0,1,0,0,0,0
"POINT (7.613353042000028 51.997831135000069)",Unfall 98381 (2019) Kat:2, Licht: 2,98381,2,4,6,01,17,5,1,2,0,1,1,0,0,0
"POINT (7.588830097000027 51.965276868000046)",Unfall 98382 (2019) Kat:3, Licht: 2,98382,3,3,2,01,17,5,1,2,1,1,0,0,0,0
"POINT (7.640033825000046 51.948744069000043)",Unfall 98386 (2019) Kat:3, Licht: 0,98386,3,6,2,01,11,5,1,0,0,1,0,0,0,0
"POINT (7.559211351000045 52.031587609000042)",Unfall 98387 (2019) Kat:3, Licht: 0,98387,3,1,8,01,08,5,1,0,0,1,0,0,0,0
"POINT (7.640079808000053 51.900053179000054)",Unfall 98446 (2019) Kat:2, Licht: 0,98446,2,4,6,01,09,2,1,0,0,1,1,0,0,0
"POINT (7.614645972000062 52.002692250000052)",Unfall 98448 (2019) Kat:3, Licht: 2,98448,3,3,5,01,18,2,1,2,1,1,0,0,0,0
"POINT (7.650854984000034 51.901628064000079)",Unfall 98451 (2019) Kat:3, Licht: 2,98451,3,4,6,01,18,2,1,2,0,1,1,0,0,0
"POINT (7.600271859000031 51.934791853000036)",Unfall 98452 (2019) Kat:3, Licht: 0,98452,3,2,5,01,15,2,1,0,1,1,0,0,0,0
"POINT (7.682970438000041 51.914412740000046)",Unfall 98455 (2019) Kat:3, Licht: 0,98455,3,3,5,01,12,2,1,0,0,1,0,0,0,0
"POINT (7.557376726000030 51.921156430000053)",Unfall 98537 (2019) Kat:3, Licht: 0,98537,3,1,9,01,14,5,1,0,0,1,0,0,0,1
"POINT (7.645492999000055 51.962857417000066)",Unfall 98591 (2019) Kat:2, Licht: 2,98591,2,6,3,01,21,4,2,2,1,0,0,0,0,0
"POINT (7.647030866000023 51.963727953000046)",Unfall 98592 (2019) Kat:3, Licht: 0,98592,3,3,5,01,16,4,1,0,1,0,0,0,1,0
"POINT (7.576094002000048 51.872967126000049)",Unfall 98594 (2019) Kat:3, Licht: 0,98594,3,6,2,01,12,2,1,0,0,1,0,0,0,0
"POINT (7.614605889000075 51.974355042000070)",Unfall 98624 (2019) Kat:3, Licht: 0,98624,3,6,2,02,15,2,0,0,0,1,0,0,0,0
"POINT (7.599477795000041 51.932191489000047)",Unfall 98713 (2019) Kat:3, Licht: 1,98713,3,1,8,02,07,2,1,1,0,1,0,0,0,0
"POINT (7.574233290000052 51.889010431000031)",Unfall 98714 (2019) Kat:3, Licht: 2,98714,3,1,8,02,06,2,1,2,0,1,0,0,0,0
"POINT (7.615551381000046 52.014776156000039)",Unfall 98724 (2019) Kat:3, Licht: 2,98724,3,6,4,02,06,4,0,2,0,1,0,0,0,0
"POINT (7.524626191000039 51.963510794000058)",Unfall 98726 (2019) Kat:3, Licht: 2,98726,3,2,5,02,07,4,0,2,0,1,0,1,0,0
"POINT (7.625986342000033 51.954070954000031)",Unfall 98807 (2019) Kat:3, Licht: 1,98807,3,5,1,02,17,7,1,1,1,1,0,0,0,0
"POINT (7.623554810000030 51.974719809000078)",Unfall 98926 (2019) Kat:3, Licht: 0,98926,3,2,5,02,15,3,0,0,1,1,0,0,0,0
"POINT (7.634208004000072 51.959683473000041)",Unfall 98927 (2019) Kat:3, Licht: 0,98927,3,6,1,02,13,3,0,0,1,0,0,0,0,0
"POINT (7.656499453000038 51.954523262000066)",Unfall 98932 (2019) Kat:3, Licht: 0,98932,3,6,2,02,08,6,1,0,0,1,0,0,0,0
"POINT (7.621763644000055 51.993556620000049)",Unfall 98934 (2019) Kat:3, Licht: 2,98934,3,2,2,02,19,6,1,2,0,1,0,0,0,0
"POINT (7.664217061000045 51.990132294000034)",Unfall 98935 (2019) Kat:3, Licht: 0,98935,3,5,3,02,13,6,1,0,0,1,0,0,0,0
"POINT (7.576096250000035 51.877496601000075)",Unfall 99075 (2019) Kat:3, Licht: 1,99075,3,6,2,02,18,3,0,1,0,1,0,0,0,0
"POINT (7.629250413000023 51.944312157000070)",Unfall 99111 (2019) Kat:3, Licht: 0,99111,3,2,5,02,14,7,0,0,1,1,0,0,0,0
"POINT (7.629250641000056 51.944312329000070)",Unfall 99112 (2019) Kat:3, Licht: 0,99112,3,3,0,02,17,7,0,0,1,1,0,0,0,0
"POINT (7.655354147000026 51.996232994000081)",Unfall 99211 (2019) Kat:3, Licht: 0,99211,3,3,5,02,14,3,0,0,0,1,0,0,0,0
"POINT (7.641634993000025 51.898089104000064)",Unfall 99259 (2019) Kat:3, Licht: 0,99259,3,3,5,02,09,6,0,0,1,1,0,0,0,0
"POINT (7.618116543000042 51.974513130000048)",Unfall 99260 (2019) Kat:3, Licht: 0,99260,3,5,1,02,08,6,1,0,1,1,0,0,0,0
"POINT (7.607919859000049 51.948846493000076)",Unfall 99440 (2019) Kat:3, Licht: 2,99440,3,3,5,02,06,5,1,2,1,1,0,0,0,0
"POINT (7.631077751000021 51.953428058000043)",Unfall 99531 (2019) Kat:3, Licht: 2,99531,3,4,6,02,20,1,1,2,0,1,1,0,0,0
"POINT (7.619935386000066 51.954715766000049)",Unfall 99662 (2019) Kat:3, Licht: 0,99662,3,2,3,02,10,1,0,0,1,1,0,0,0,0
"POINT (7.629171472000053 51.926304395000045)",Unfall 99792 (2019) Kat:3, Licht: 0,99792,3,3,5,02,16,5,0,0,1,1,0,0,0,0
"POINT (7.632602359000032 51.962530565000066)",Unfall 99856 (2019) Kat:3, Licht: 2,99856,3,4,6,02,18,7,0,2,0,1,1,0,0,0
"POINT (7.625635789000057 51.902438544000063)",Unfall 99859 (2019) Kat:3, Licht: 0,99859,3,2,6,02,09,7,0,0,0,1,1,0,0,0
"POINT (7.672590569000022 51.969992364000063)",Unfall 100053 (2019) Kat:3, Licht: 0,100053,3,1,8,02,16,6,0,0,1,0,0,0,0,0
"POINT (7.647634193000044 51.961301708000065)",Unfall 100054 (2019) Kat:3, Licht: 0,100054,3,2,5,02,07,6,0,0,0,1,0,1,0,0
"POINT (7.633817457000021 51.962084594000032)",Unfall 100078 (2019) Kat:3, Licht: 0,100078,3,3,5,02,16,4,0,0,1,1,0,0,0,0
"POINT (7.626957100000027 51.955514692000065)",Unfall 100079 (2019) Kat:3, Licht: 0,100079,3,5,0,02,13,4,0,0,1,1,0,0,0,0
"POINT (7.612022738000064 51.977813746000038)",Unfall 100080 (2019) Kat:3, Licht: 0,100080,3,5,1,02,10,4,0,0,1,1,0,0,0,0
"POINT (7.586854722000055 51.927774713000076)",Unfall 100167 (2019) Kat:3, Licht: 0,100167,3,6,2,02,09,3,1,0,0,1,0,0,0,0
"POINT (7.640743890000067 51.971215674000064)",Unfall 100168 (2019) Kat:3, Licht: 2,100168,3,2,5,02,19,3,0,2,1,1,0,0,0,0
"POINT (7.573041412000066 51.924967174000074)",Unfall 100169 (2019) Kat:3, Licht: 0,100169,3,2,4,02,16,3,0,0,1,1,0,0,0,0
"POINT (7.614868889000036 51.939682687000072)",Unfall 100286 (2019) Kat:3, Licht: 0,100286,3,6,3,02,16,2,0,0,1,1,0,0,0,0
"POINT (7.676957780000066 51.973094696000032)",Unfall 100356 (2019) Kat:3, Licht: 2,100356,3,6,2,02,21,7,0,2,0,1,0,0,0,0
"POINT (7.632683297000028 51.953729981000038)",Unfall 100357 (2019) Kat:3, Licht: 0,100357,3,2,5,02,14,7,0,0,1,1,0,0,0,0
"POINT (7.783341590000021 51.928439222000065)",Unfall 100443 (2019) Kat:3, Licht: 1,100443,3,7,9,02,17,6,0,1,0,1,0,0,0,0
"POINT (7.618310420000057 51.951699397000027)",Unfall 100444 (2019) Kat:3, Licht: 0,100444,3,6,3,02,14,6,0,0,1,0,0,0,0,0
"POINT (7.588979918000064 51.984724570000026)",Unfall 100445 (2019) Kat:3, Licht: 0,100445,3,6,2,02,14,6,0,0,0,1,0,0,0,0
"POINT (7.594678490000035 51.988565076000043)",Unfall 100549 (2019) Kat:3, Licht: 0,100549,3,3,1,02,14,5,1,0,1,1,0,0,0,0
"POINT (7.682737169000063 51.907066419000046)",Unfall 100647 (2019) Kat:2, Licht: 2,100647,2,6,4,02,00,3,0,2,1,0,0,0,0,0
"POINT (7.647878603000038 51.987857906000045)",Unfall 100753 (2019) Kat:3, Licht: 0,100753,3,3,5,02,09,2,0,0,1,1,0,0,0,0
"POINT (7.641467126000066 51.898303291000047)",Unfall 100759 (2019) Kat:3, Licht: 0,100759,3,3,3,02,08,3,0,0,1,1,0,0,0,0
"POINT (7.645744344000036 51.955499792000069)",Unfall 100920 (2019) Kat:2, Licht: 0,100920,2,2,0,02,16,1,0,0,0,1,0,1,0,0
"POINT (7.618243280000058 52.026417309000067)",Unfall 101043 (2019) Kat:3, Licht: 2,101043,3,2,5,03,21,1,1,2,0,1,0,0,0,0
"POINT (7.632555962000026 51.953768271000058)",Unfall 101047 (2019) Kat:2, Licht: 2,101047,2,4,6,03,22,7,1,2,0,0,1,1,0,0
"POINT (7.559584280000024 51.988738377000061)",Unfall 101049 (2019) Kat:3, Licht: 0,101049,3,1,2,03,14,6,0,0,0,1,0,0,0,0
"POINT (7.677834309000048 51.919061154000076)",Unfall 101087 (2019) Kat:3, Licht: 0,101087,3,4,1,02,15,5,0,0,1,0,1,0,0,0
"POINT (7.660875611000051 51.967732689000059)",Unfall 101088 (2019) Kat:3, Licht: 0,101088,3,6,2,02,14,5,0,0,0,1,0,0,0,0
"POINT (7.601168423000047 51.888806347000070)",Unfall 101232 (2019) Kat:3, Licht: 0,101232,3,6,1,02,16,4,0,0,0,1,0,0,0,0
"POINT (7.634468395000056 51.906468320000045)",Unfall 101233 (2019) Kat:3, Licht: 0,101233,3,3,5,02,07,4,0,0,1,1,0,0,0,0
"POINT (7.680122314000073 52.017194115000052)",Unfall 101268 (2019) Kat:3, Licht: 2,101268,3,1,9,03,05,1,1,2,0,1,0,0,0,0
"POINT (7.640872766000030 51.957274957000038)",Unfall 101290 (2019) Kat:3, Licht: 0,101290,3,4,6,03,17,6,0,0,1,0,1,0,0,0
"POINT (7.613735453000061 51.846914155000036)",Unfall 101294 (2019) Kat:2, Licht: 0,101294,2,1,9,03,12,6,1,0,0,1,0,0,0,0
"POINT (7.647414494000032 51.959027910000032)",Unfall 101393 (2019) Kat:2, Licht: 0,101393,2,2,5,03,17,4,1,0,1,1,0,0,0,0
"POINT (7.631972055000063 51.962865164000050)",Unfall 101394 (2019) Kat:3, Licht: 0,101394,3,2,5,03,12,4,0,0,1,0,0,0,0,1
"POINT (7.650654997000061 51.964848538000069)",Unfall 101526 (2019) Kat:3, Licht: 1,101526,3,2,5,03,19,3,0,1,1,1,0,0,0,0
"POINT (7.639418697000053 51.957975652000073)",Unfall 101528 (2019) Kat:3, Licht: 0,101528,3,3,5,03,16,3,0,0,1,1,0,0,0,0
"POINT (7.647386678000032 51.958257206000042)",Unfall 101555 (2019) Kat:3, Licht: 0,101555,3,3,5,03,13,5,1,0,1,1,0,0,0,0
"POINT (7.616641503000039 51.939647408000042)",Unfall 101556 (2019) Kat:3, Licht: 0,101556,3,6,2,03,17,5,0,0,0,1,0,0,0,0
"POINT (7.615001568000025 51.967296792000070)",Unfall 101654 (2019) Kat:3, Licht: 2,101654,3,6,2,03,21,2,0,2,0,1,0,0,0,0
"POINT (7.656455767000068 51.954528830000072)",Unfall 101752 (2019) Kat:2, Licht: 0,101752,2,3,5,03,17,3,0,0,0,1,0,1,0,0
"POINT (7.531437970000070 51.982778927000027)",Unfall 101754 (2019) Kat:2, Licht: 0,101754,2,3,5,03,15,3,0,0,1,1,0,0,0,0
"POINT (7.624094789000026 51.948232968000070)",Unfall 101756 (2019) Kat:3, Licht: 0,101756,3,7,1,03,13,3,0,0,0,1,0,1,0,0
"POINT (7.619185725000023 51.952614128000050)",Unfall 101857 (2019) Kat:3, Licht: 2,101857,3,2,6,03,22,1,1,2,0,1,1,0,0,0
"POINT (7.631276401000037 51.954009493000058)",Unfall 101859 (2019) Kat:3, Licht: 2,101859,3,4,6,03,19,1,1,2,0,1,1,0,0,0
"POINT (7.565086457000064 51.906333573000040)",Unfall 101876 (2019) Kat:3, Licht: 2,101876,3,6,3,03,19,4,1,2,0,1,0,0,1,0
"POINT (7.640037293000034 51.948742850000031)",Unfall 101946 (2019) Kat:3, Licht: 2,101946,3,2,5,03,02,7,1,2,1,1,0,0,0,0
"POINT (7.644312929000023 51.955951569000035)",Unfall 101949 (2019) Kat:2, Licht: 0,101949,2,5,1,03,15,7,1,0,1,1,0,0,0,0
"POINT (7.631424865000042 51.937585940000076)",Unfall 102114 (2019) Kat:3, Licht: 0,102114,3,6,2,03,08,5,1,0,0,1,0,0,0,1
"POINT (7.627824911000062 51.911720282000033)",Unfall 102140 (2019) Kat:3, Licht: 0,102140,3,6,1,03,16,6,1,0,0,1,0,0,0,0
"POINT (7.675388919000056 51.949421125000072)",Unfall 102284 (2019) Kat:3, Licht: 2,102284,3,6,5,03,19,6,1,2,0,1,0,0,0,0
"POINT (7.631283782000025 51.948173534000034)",Unfall 102327 (2019) Kat:3, Licht: 1,102327,3,2,5,03,18,4,1,1,1,1,0,0,0,0
"POINT (7.625889824000069 51.955803978000063)",Unfall 102394 (2019) Kat:3, Licht: 0,102394,3,4,6,03,18,1,0,0,0,0,1,1,0,0
"POINT (7.661831266000036 51.953379393000034)",Unfall 102397 (2019) Kat:3, Licht: 0,102397,3,3,5,03,09,1,1,0,0,1,0,0,0,1
"POINT (7.647798701000056 51.904554885000039)",Unfall 102487 (2019) Kat:2, Licht: 0,102487,2,2,6,03,10,7,1,0,0,1,1,0,0,0
"POINT (7.587483737000071 51.962551261000044)",Unfall 102605 (2019) Kat:3, Licht: 0,102605,3,2,5,03,12,4,0,0,0,1,0,0,1,0
"POINT (7.635775979000073 51.972625642000082)",Unfall 102606 (2019) Kat:3, Licht: 0,102606,3,6,2,03,14,4,0,0,0,1,0,0,0,0
"POINT (7.645730459000049 51.945208415000081)",Unfall 102738 (2019) Kat:3, Licht: 0,102738,3,6,2,03,07,3,0,0,0,1,0,1,0,0
"POINT (7.649887985000021 51.993008622000048)",Unfall 102741 (2019) Kat:3, Licht: 2,102741,3,3,5,03,05,3,0,2,1,1,0,0,0,0
"POINT (7.602430983000033 51.920418818000030)",Unfall 102840 (2019) Kat:3, Licht: 0,102840,3,2,4,03,17,5,0,0,1,1,0,0,0,0
"POINT (7.645753649000028 51.955511299000079)",Unfall 102843 (2019) Kat:3, Licht: 0,102843,3,2,5,03,12,5,0,0,1,1,0,0,0,0
"POINT (7.614156670000057 51.968061942000077)",Unfall 102846 (2019) Kat:3, Licht: 0,102846,3,6,2,03,10,5,0,0,0,1,0,0,0,0
"POINT (7.612040675000060 51.943956066000055)",Unfall 102848 (2019) Kat:3, Licht: 0,102848,3,6,2,03,08,5,0,0,0,1,0,0,0,0
"POINT (7.714032064000037 51.990960979000079)",Unfall 102939 (2019) Kat:2, Licht: 0,102939,2,1,9,03,06,2,1,0,0,1,0,0,0,0
"POINT (7.606230315000062 51.949441583000066)",Unfall 102940 (2019) Kat:2, Licht: 0,102940,2,3,5,03,07,2,1,0,1,1,0,0,0,0
"POINT (7.565463923000038 51.996448492000070)",Unfall 102942 (2019) Kat:2, Licht: 0,102942,2,2,3,03,07,2,1,0,1,1,0,0,0,0
"POINT (7.602742735000049 51.935692837000033)",Unfall 103015 (2019) Kat:3, Licht: 2,103015,3,3,5,03,22,5,0,2,1,1,0,0,0,0
"POINT (7.546135655000057 51.957745898000042)",Unfall 103174 (2019) Kat:3, Licht: 0,103174,3,6,2,03,08,2,1,0,0,0,0,0,1,1
"POINT (7.601707500000032 51.965234276000047)",Unfall 103194 (2019) Kat:3, Licht: 0,103194,3,6,1,03,08,4,0,0,0,1,0,0,0,0
"POINT (7.564601155000048 51.944351531000052)",Unfall 103322 (2019) Kat:3, Licht: 2,103322,3,1,9,03,02,7,0,2,0,1,0,0,0,0
"POINT (7.629993561000049 51.964126965000048)",Unfall 103324 (2019) Kat:3, Licht: 2,103324,3,4,6,03,03,7,0,2,0,1,1,0,0,0
"POINT (7.646994903000064 51.963730424000062)",Unfall 103372 (2019) Kat:3, Licht: 0,103372,3,2,3,03,09,3,0,0,1,1,0,0,0,0
"POINT (7.614752633000023 51.967247237000038)",Unfall 103376 (2019) Kat:2, Licht: 2,103376,2,7,0,03,19,3,1,2,1,0,0,0,0,0
"POINT (7.643993013000056 51.953657712000052)",Unfall 103379 (2019) Kat:3, Licht: 0,103379,3,3,5,03,16,3,0,0,1,1,0,0,0,0
"POINT (7.570898470000032 51.941422078000073)",Unfall 103449 (2019) Kat:2, Licht: 0,103449,2,6,2,03,17,6,0,0,0,1,0,0,1,0
"POINT (7.618386829000031 51.959693474000062)",Unfall 103450 (2019) Kat:3, Licht: 0,103450,3,7,0,03,13,6,0,0,1,0,0,0,0,0
"POINT (7.681839601000036 51.915388998000026)",Unfall 103454 (2019) Kat:3, Licht: 0,103454,3,5,1,03,12,6,0,0,1,1,0,0,0,0
"POINT (7.642987480000045 51.961910183000043)",Unfall 103540 (2019) Kat:3, Licht: 0,103540,3,7,4,03,13,2,0,0,0,1,0,0,0,0
"POINT (7.667507241000067 51.928428708000069)",Unfall 103542 (2019) Kat:3, Licht: 0,103542,3,2,5,03,13,2,0,0,1,1,0,0,0,0
"POINT (7.667940774000044 51.956013618000043)",Unfall 103545 (2019) Kat:3, Licht: 1,103545,3,6,1,03,05,2,1,1,0,1,0,0,0,0
"POINT (7.590527929000075 51.973707638000064)",Unfall 103574 (2019) Kat:3, Licht: 0,103574,3,6,2,03,14,7,0,0,0,1,0,1,0,0
"POINT (7.637980180000056 51.902385157000026)",Unfall 103575 (2019) Kat:3, Licht: 0,103575,3,3,5,03,11,7,0,0,0,1,0,0,0,0
"POINT (7.612350699000047 51.974272033000034)",Unfall 103576 (2019) Kat:2, Licht: 0,103576,2,2,5,03,11,7,0,0,1,0,0,0,1,0
"POINT (7.716579718000048 51.933028839000031)",Unfall 103714 (2019) Kat:2, Licht: 2,103714,2,1,0,03,22,6,0,2,0,0,0,1,0,0
"POINT (7.594432016000042 51.980624107000040)",Unfall 103715 (2019) Kat:2, Licht: 2,103715,2,7,5,03,20,6,0,2,0,1,0,0,0,1
"POINT (7.721144127000059 51.978996493000068)",Unfall 103716 (2019) Kat:3, Licht: 0,103716,3,6,2,03,13,6,0,0,0,1,0,1,0,0
"POINT (7.673448992000033 51.923011785000028)",Unfall 103815 (2019) Kat:3, Licht: 0,103815,3,1,0,04,09,3,0,0,1,0,0,0,0,0
"POINT (7.632769415000041 51.910186262000082)",Unfall 103816 (2019) Kat:3, Licht: 0,103816,3,2,5,04,09,3,0,0,1,0,0,0,0,0
"POINT (7.650056362000044 51.954977935000045)",Unfall 103817 (2019) Kat:3, Licht: 0,103817,3,2,5,04,09,3,0,0,1,1,0,0,0,0