WKT,Name,OBJECTID,UKATEGORIE,UTYP1,UART,UMONAT,USTUNDE,UWOCHENTAG,STRZUSTAND,ULICHTVERH,ISTRAD,ISTPKW,ISTFUSS,ISTKRAD,ISTGKFZ,ISTSONSTIG
"POINT (7.672685984000054 51.923824065000076)",Unfall 111444 (2019) Kat:2, Licht: 2,111444,2,3,5,06,01,3,0,2,0,1,0,0,0,0
"POINT (7.644313126000043 51.953926716000069)",Unfall 111761 (2019) Kat:3, Licht: 0,111761,3,2,5,06,13,6,0,0,1,1,0,0,0,0
"POINT (7.615332444000046 51.974387737000029)",Unfall 111762 (2019) Kat:3, Licht: 0,111762,3,3,6,06,19,6,0,0,0,1,1,0,0,0
"POINT (7.668037384000058 51.951648621000061)",Unfall 111763 (2019) Kat:3, Licht: 0,111763,3,3,5,06,14,6,0,0,1,1,0,0,0,0
"POINT (7.632962644000031 51.908553537000046)",Unfall 111764 (2019) Kat:3, Licht: 0,111764,3,5,0,06,13,6,0,0,1,1,0,0,0,0
"POINT (7.543014837000044 51.954842754000026)",Unfall 111765 (2019) Kat:3, Licht: 0,111765,3,6,2,06,09,6,0,0,0,1,0,0,0,1
"POINT (7.636595972000066 51.952904998000065)",Unfall 111868 (2019) Kat:3, Licht: 2,111868,3,2,5,06,02,5,0,2,1,1,0,0,0,0
"POINT (7.557340789000023 51.949996194000050)",Unfall 111869 (2019) Kat:3, Licht: 0,111869,3,6,4,06,13,5,0,0,1,0,0,0,0,0
"POINT (7.620911488000047 52.059203663000062)",Unfall 112012 (2019) Kat:3, Licht: 0,112012,3,7,2,06,11,4,0,0,0,0,0,0,0,1
"POINT (7.724492759000043 51.924971612000036)",Unfall 112016 (2019) Kat:3, Licht: 0,112016,3,1,0,06,08,4,0,0,1,0,0,0,0,0
"POINT (7.636088372000074 51.972559730000057)",Unfall 112019 (2019) Kat:3, Licht: 0,112019,3,6,2,06,13,4,0,0,0,1,0,0,0,0
"POINT (7.679678833000025 51.988272463000044)",Unfall 112021 (2019) Kat:3, Licht: 0,112021,3,6,2,06,14,4,0,0,0,1,0,0,0,0
"POINT (7.612034080000058 51.974263519000033)",Unfall 112212 (2019) Kat:3, Licht: 0,112212,3,6,2,06,19,2,0,0,0,1,0,0,0,0
"POINT (7.637615894000021 51.958746051000048)",Unfall 112215 (2019) Kat:3, Licht: 0,112215,3,2,2,06,14,2,0,0,0,1,0,0,0,0
"POINT (7.626001969000072 51.954124002000071)",Unfall 112276 (2019) Kat:3, Licht: 0,112276,3,7,1,06,17,4,0,0,1,0,0,0,0,0
"POINT (7.559510862000025 51.925238667000031)",Unfall 112278 (2019) Kat:3, Licht: 0,112278,3,6,3,06,12,4,0,0,1,0,0,0,0,0
"POINT (7.612290436000023 51.974297393000029)",Unfall 112280 (2019) Kat:3, Licht: 0,112280,3,3,5,06,08,4,0,0,0,1,0,0,0,0
"POINT (7.506514043000038 51.952904519000072)",Unfall 112282 (2019) Kat:3, Licht: 0,112282,3,1,8,06,19,4,0,0,0,0,0,1,0,0
"POINT (7.617128689000026 52.021623974000079)",Unfall 112472 (2019) Kat:3, Licht: 0,112472,3,6,2,06,06,3,0,0,0,1,0,0,0,0
"POINT (7.603823600000055 51.975097271000038)",Unfall 112508 (2019) Kat:3, Licht: 0,112508,3,6,2,06,13,1,0,0,0,1,0,1,0,0
"POINT (7.619671242000038 51.957370069000035)",Unfall 112553 (2019) Kat:3, Licht: 2,112553,3,6,0,06,22,6,0,2,0,1,1,0,0,0
"POINT (7.580633008000064 51.987951530000032)",Unfall 112554 (2019) Kat:3, Licht: 0,112554,3,1,9,06,15,6,0,0,0,1,0,0,0,1
"POINT (7.619563216000074 51.955790983000043)",Unfall 112555 (2019) Kat:3, Licht: 0,112555,3,2,5,06,11,6,0,0,1,1,0,0,0,0
"POINT (7.636834456000031 51.950988828000050)",Unfall 112619 (2019) Kat:3, Licht: 2,112619,3,7,3,06,01,1,0,2,0,1,0,0,0,0
"POINT (7.601910754000073 51.935084414000073)",Unfall 112758 (2019) Kat:3, Licht: 0,112758,3,6,2,06,18,6,0,0,0,1,0,0,0,0
"POINT (7.631753090000075 51.950770460000058)",Unfall 112798 (2019) Kat:3, Licht: 0,112798,3,6,3,06,13,7,0,0,1,1,0,0,0,0
"POINT (7.630185937000022 51.964062991000048)",Unfall 112800 (2019) Kat:2, Licht: 0,112800,2,4,0,06,12,7,0,0,1,0,1,0,0,0
"POINT (7.539698397000052 51.992333385000052)",Unfall 112811 (2019) Kat:3, Licht: 0,112811,3,6,1,06,16,5,0,0,0,1,0,0,0,0
"POINT (7.509780592000027 51.951951272000031)",Unfall 112813 (2019) Kat:3, Licht: 0,112813,3,7,0,06,17,5,1,0,1,0,0,0,0,1
"POINT (7.670603361000076 51.925719897000079)",Unfall 112814 (2019) Kat:3, Licht: 0,112814,3,6,4,06,13,5,0,0,1,0,0,0,0,0
"POINT (7.629061553000042 51.954721988000074)",Unfall 112816 (2019) Kat:3, Licht: 0,112816,3,1,0,06,08,5,0,0,1,0,0,0,0,0
"POINT (7.635866584000041 51.972609301000034)",Unfall 113107 (2019) Kat:3, Licht: 0,113107,3,6,0,07,07,4,0,0,1,0,0,0,0,0
"POINT (7.535654062000049 51.954484444000059)",Unfall 113109 (2019) Kat:3, Licht: 0,113109,3,6,2,07,11,4,0,0,0,1,0,0,0,0
"POINT (7.650574759000051 51.954950350000047)",Unfall 113111 (2019) Kat:3, Licht: 0,113111,3,7,0,07,09,4,0,0,1,1,0,0,0,0
"POINT (7.604353898000056 51.965708208000081)",Unfall 113143 (2019) Kat:2, Licht: 0,113143,2,3,5,07,11,2,0,0,1,1,0,0,0,0
"POINT (7.667825673000039 51.928505762000043)",Unfall 113145 (2019) Kat:3, Licht: 0,113145,3,2,5,07,19,2,0,0,1,1,0,0,0,0
"POINT (7.629443780000031 51.925668955000049)",Unfall 113147 (2019) Kat:3, Licht: 0,113147,3,1,0,07,10,2,0,0,1,0,0,0,0,0
"POINT (7.602345515000025 51.975967627000045)",Unfall 113358 (2019) Kat:1, Licht: 0,113358,1,1,9,07,08,3,0,0,1,0,0,0,0,0
"POINT (7.566848042000061 51.925087503000043)",Unfall 113360 (2019) Kat:2, Licht: 0,113360,2,3,5,07,07,3,1,0,1,0,0,0,0,1
"POINT (7.628931574000035 51.926862895000056)",Unfall 113560 (2019) Kat:3, Licht: 0,113560,3,2,5,07,16,6,0,0,1,1,0,0,0,0
"POINT (7.611742108000044 51.983688841000060)",Unfall 113567 (2019) Kat:3, Licht: 0,113567,3,2,5,07,08,6,0,0,1,0,0,0,1,0
"POINT (7.669956254000056 51.926306594000039)",Unfall 113569 (2019) Kat:3, Licht: 0,113569,3,7,0,07,16,6,0,0,0,1,1,0,0,0
"POINT (7.629199245000052 51.926324544000067)",Unfall 113720 (2019) Kat:3, Licht: 0,113720,3,3,5,07,10,1,0,0,1,1,0,0,0,0
"POINT (7.636151629000040 51.952861746000053)",Unfall 113853 (2019) Kat:3, Licht: 0,113853,3,4,6,07,07,5,0,0,1,0,1,0,0,0
"POINT (7.525418362000039 51.972179532000041)",Unfall 113855 (2019) Kat:3, Licht: 0,113855,3,1,0,07,21,5,0,0,1,0,0,0,0,0
"POINT (7.612065507000068 51.977144198000076)",Unfall 113857 (2019) Kat:3, Licht: 0,113857,3,4,3,07,18,5,0,0,1,0,1,0,0,0
"POINT (7.624316227000065 51.948905039000067)",Unfall 113858 (2019) Kat:3, Licht: 0,113858,3,2,5,07,13,5,0,0,1,1,0,0,0,0
"POINT (7.632249755000032 51.962717744000031)",Unfall 113909 (2019) Kat:3, Licht: 0,113909,3,5,0,07,19,7,1,0,1,1,0,0,0,1
"POINT (7.635316825000075 51.962015192000081)",Unfall 114088 (2019) Kat:3, Licht: 0,114088,3,7,0,07,11,4,0,0,1,0,0,0,0,0
"POINT (7.636905299000034 51.950924902000054)",Unfall 114089 (2019) Kat:3, Licht: 0,114089,3,2,3,07,09,4,0,0,1,0,0,0,0,1
"POINT (7.549672797000028 51.868962612000075)",Unfall 114090 (2019) Kat:3, Licht: 0,114090,3,6,1,07,07,4,0,0,0,1,0,0,0,0
"POINT (7.601415785000029 51.935401522000063)",Unfall 114091 (2019) Kat:3, Licht: 0,114091,3,1,2,07,07,4,0,0,0,1,0,1,0,0
"POINT (7.561410283000043 51.915707497000028)",Unfall 114202 (2019) Kat:3, Licht: 0,114202,3,6,2,07,05,4,0,0,0,1,0,0,0,1
"POINT (7.609646040000030 51.937986405000061)",Unfall 114217 (2019) Kat:3, Licht: 0,114217,3,6,2,07,07,3,0,0,0,1,0,0,0,0
"POINT (7.643991846000063 51.962168814000051)",Unfall 114320 (2019) Kat:3, Licht: 0,114320,3,2,5,07,13,7,0,0,1,1,0,0,0,0
"POINT (7.614619289000075 51.974355645000060)",Unfall 114410 (2019) Kat:3, Licht: 0,114410,3,7,2,07,14,6,0,0,0,1,0,0,0,0
"POINT (7.646627572000057 51.964873688000068)",Unfall 114411 (2019) Kat:2, Licht: 0,114411,2,3,5,07,10,6,1,0,0,1,0,1,0,0
"POINT (7.640979717000050 51.961723994000067)",Unfall 114412 (2019) Kat:3, Licht: 0,114412,3,3,5,07,17,6,1,0,1,1,0,0,0,0
"POINT (7.601686431000076 51.965098151000063)",Unfall 114523 (2019) Kat:3, Licht: 0,114523,3,2,5,07,15,5,0,0,0,1,0,1,0,0
"POINT (7.632707628000048 51.973104345000081)",Unfall 114524 (2019) Kat:3, Licht: 0,114524,3,6,1,07,13,5,1,0,0,1,0,0,0,0
"POINT (7.629019549000077 51.973913462000041)",Unfall 114525 (2019) Kat:3, Licht: 0,114525,3,2,5,07,11,5,1,0,0,1,0,0,0,1
"POINT (7.656822744000067 51.936494564000043)",Unfall 114526 (2019) Kat:3, Licht: 0,114526,3,5,1,07,18,5,1,0,0,1,0,0,0,0
"POINT (7.662297996000063 51.953206258000080)",Unfall 114595 (2019) Kat:3, Licht: 0,114595,3,6,2,07,17,4,0,0,0,1,0,0,0,0
"POINT (7.621826661000057 51.993573072000061)",Unfall 114596 (2019) Kat:3, Licht: 0,114596,3,2,5,07,15,4,0,0,1,1,0,0,0,0
"POINT (7.631389839000065 51.963453831000038)",Unfall 114681 (2019) Kat:3, Licht: 0,114681,3,6,3,07,10,3,0,0,1,0,0,0,0,0
"POINT (7.638289030000067 51.958472508000057)",Unfall 114682 (2019) Kat:3, Licht: 0,114682,3,6,2,07,10,3,0,0,0,1,0,0,0,0
"POINT (7.596729740000058 51.964912629000082)",Unfall 114781 (2019) Kat:3, Licht: 0,114781,3,1,0,07,19,2,0,0,1,0,1,0,0,0
"POINT (7.631280674000038 51.921438392000027)",Unfall 114782 (2019) Kat:3, Licht: 0,114782,3,3,5,07,14,2,0,0,1,0,0,0,0,1
"POINT (7.626999077000050 51.955493810000064)",Unfall 114854 (2019) Kat:3, Licht: 0,114854,3,5,1,07,15,1,0,0,1,1,0,0,0,0
"POINT (7.644056665000051 51.992578581000032)",Unfall 114975 (2019) Kat:3, Licht: 0,114975,3,2,3,07,18,6,0,0,1,1,0,0,0,0
"POINT (7.709490189000064 51.993410584000060)",Unfall 114976 (2019) Kat:3, Licht: 0,114976,3,3,5,07,09,6,0,0,1,1,0,0,0,0
"POINT (7.617051411000034 51.966380748000063)",Unfall 114977 (2019) Kat:3, Licht: 0,114977,3,3,5,07,19,6,0,0,1,1,0,0,0,0
"POINT (7.590529678000053 51.973726944000077)",Unfall 115080 (2019) Kat:3, Licht: 0,115080,3,3,5,07,18,1,0,0,1,1,0,0,0,0
"POINT (7.637002667000047 51.953792272000044)",Unfall 115120 (2019) Kat:3, Licht: 0,115120,3,2,4,07,14,5,0,0,1,1,0,0,0,0
"POINT (7.622635816000070 51.896748014000082)",Unfall 115215 (2019) Kat:3, Licht: 0,115215,3,7,3,07,08,7,0,0,1,1,0,0,0,0
"POINT (7.623520488000054 51.946368551000035)",Unfall 115226 (2019) Kat:3, Licht: 0,115226,3,1,2,07,18,4,0,0,1,0,0,0,0,0
"POINT (7.626322803000051 51.932610724000028)",Unfall 115227 (2019) Kat:3, Licht: 0,115227,3,6,5,07,14,4,0,0,1,0,0,0,0,0
"POINT (7.616631313000028 51.993140913000047)",Unfall 115314 (2019) Kat:3, Licht: 0,115314,3,7,4,07,14,3,0,0,0,1,0,0,0,0
"POINT (7.642509265000058 51.956608146000065)",Unfall 115315 (2019) Kat:3, Licht: 0,115315,3,7,1,07,13,3,0,0,1,0,0,0,0,0
"POINT (7.659894028000053 51.934171579000065)",Unfall 115316 (2019) Kat:2, Licht: 0,115316,2,3,5,07,06,3,0,0,1,1,0,0,0,0
"POINT (7.633126219000076 51.908180218000041)",Unfall 115317 (2019) Kat:3, Licht: 0,115317,3,2,5,07,16,3,0,0,1,1,0,0,1,0
"POINT (7.634149628000046 51.953051841000047)",Unfall 115318 (2019) Kat:3, Licht: 0,115318,3,1,5,07,15,3,0,0,0,1,0,0,0,1
"POINT (7.603182566000044 51.879589416000044)",Unfall 115427 (2019) Kat:3, Licht: 0,115427,3,3,5,07,17,2,0,0,1,1,0,0,0,0
"POINT (7.641218998000056 51.903620002000082)",Unfall 115643 (2019) Kat:3, Licht: 0,115643,3,7,1,07,09,7,0,0,0,1,0,0,0,1
"POINT (7.629034935000050 51.973910042000057)",Unfall 115644 (2019) Kat:2, Licht: 2,115644,2,4,6,07,03,7,0,2,0,1,1,0,0,0
"POINT (7.695406763000051 51.989277048000076)",Unfall 115645 (2019) Kat:2, Licht: 0,115645,2,1,0,07,13,7,0,0,1,0,0,0,0,0
"POINT (7.664340181000057 51.990358215000072)",Unfall 115723 (2019) Kat:3, Licht: 0,115723,3,6,2,07,12,6,0,0,0,1,0,0,0,0
"POINT (7.542720269000029 51.991491969000037)",Unfall 115724 (2019) Kat:3, Licht: 0,115724,3,6,2,07,12,6,0,0,0,1,0,0,0,0
"POINT (7.648686103000046 51.955069003000062)",Unfall 115725 (2019) Kat:3, Licht: 0,115725,3,3,5,07,11,6,0,0,1,0,0,0,0,1
"POINT (7.631177721000029 51.947508143000050)",Unfall 115739 (2019) Kat:3, Licht: 0,115739,3,3,5,07,08,2,0,0,1,1,0,0,0,0
"POINT (7.635793333000038 51.971648228000049)",Unfall 115741 (2019) Kat:3, Licht: 0,115741,3,5,3,07,19,2,0,0,0,1,0,0,0,1
"POINT (7.640979717000050 51.961723994000067)",Unfall 115743 (2019) Kat:2, Licht: 0,115743,2,2,5,07,13,2,0,0,1,0,0,0,1,0
"POINT (7.562924415000055 51.911139488000060)",Unfall 115898 (2019) Kat:3, Licht: 2,115898,3,7,8,07,04,6,0,2,0,0,0,0,1,0
"POINT (7.612401186000056 51.969174558000077)",Unfall 115930 (2019) Kat:3, Licht: 0,115930,3,3,5,07,11,1,0,0,0,1,0,0,0,1
"POINT (7.634404194000069 51.962049348000050)",Unfall 115932 (2019) Kat:3, Licht: 0,115932,3,6,3,07,16,1,0,0,1,0,0,0,0,0
"POINT (7.619383626000058 51.956549076000044)",Unfall 115994 (2019) Kat:3, Licht: 2,115994,3,7,0,07,22,4,1,2,0,0,0,1,0,0
"POINT (7.590780352000024 51.938980330000049)",Unfall 115995 (2019) Kat:3, Licht: 0,115995,3,5,1,07,17,4,0,0,0,1,0,0,0,0
"POINT (7.627035315000057 51.955804205000049)",Unfall 116098 (2019) Kat:3, Licht: 0,116098,3,1,0,08,11,6,0,0,0,0,0,1,0,0
"POINT (7.641523308000046 51.956995763000066)",Unfall 116158 (2019) Kat:3, Licht: 0,116158,3,6,3,07,17,3,0,0,1,0,0,0,0,0
"POINT (7.610513317000027 51.942108886000028)",Unfall 116257 (2019) Kat:3, Licht: 0,116257,3,5,1,08,18,5,0,0,0,1,0,0,0,0
"POINT (7.543069567000032 51.954829789000030)",Unfall 116259 (2019) Kat:2, Licht: 0,116259,2,7,6,08,20,5,0,0,1,0,1,0,0,0
"POINT (7.675904171000070 51.959554919000027)",Unfall 116453 (2019) Kat:3, Licht: 0,116453,3,4,6,08,18,2,0,0,0,1,1,0,0,0
"POINT (7.653007197000022 51.965854699000033)",Unfall 116455 (2019) Kat:3, Licht: 0,116455,3,1,0,08,16,2,0,0,0,1,0,1,0,0
"POINT (7.539784670000074 51.913172033000080)",Unfall 116558 (2019) Kat:3, Licht: 0,116558,3,6,2,08,11,5,0,0,0,1,0,0,0,0
"POINT (7.560266533000061 51.915126471000065)",Unfall 116594 (2019) Kat:2, Licht: 0,116594,2,7,8,08,06,4,0,0,0,0,0,0,1,1
"POINT (7.570000753000045 51.985343730000068)",Unfall 116596 (2019) Kat:2, Licht: 0,116596,2,1,3,08,19,4,0,0,1,0,0,0,0,0
"POINT (7.586974042000065 51.927815221000060)",Unfall 116598 (2019) Kat:3, Licht: 0,116598,3,6,2,08,15,4,0,0,0,1,0,0,0,0
"POINT (7.640775564000023 51.971271436000052)",Unfall 116616 (2019) Kat:3, Licht: 2,116616,3,6,5,08,01,1,0,2,1,1,0,0,0,0
"POINT (7.628171019000035 51.955025468000031)",Unfall 116618 (2019) Kat:2, Licht: 0,116618,2,1,0,08,18,1,0,0,0,0,0,1,0,0
"POINT (7.603037258000029 52.018260001000044)",Unfall 116621 (2019) Kat:3, Licht: 0,116621,3,1,0,08,10,1,0,0,1,0,0,0,0,0
"POINT (7.626612648000048 51.931873432000032)",Unfall 116773 (2019) Kat:3, Licht: 0,116773,3,7,2,08,09,3,1,0,0,1,0,0,0,0
"POINT (7.675343692000070 51.949437009000064)",Unfall 116776 (2019) Kat:3, Licht: 0,116776,3,2,5,08,13,3,0,0,0,1,0,0,0,0
"POINT (7.610271528000055 52.042432406000046)",Unfall 116778 (2019) Kat:3, Licht: 0,116778,3,6,4,08,18,3,0,0,0,1,0,0,0,1
"POINT (7.635278300000039 51.961430386000075)",Unfall 116780 (2019) Kat:3, Licht: 0,116780,3,6,2,08,15,3,0,0,0,0,0,0,0,1
"POINT (7.632947212000033 51.913611182000068)",Unfall 116783 (2019) Kat:2, Licht: 0,116783,2,2,5,08,17,7,0,0,0,1,0,0,0,0
"POINT (7.662159147000068 51.994887021000068)",Unfall 116784 (2019) Kat:3, Licht: 0,116784,3,3,5,08,15,7,0,0,1,1,0,0,0,0
"POINT (7.619666024000026 51.957354763000069)",Unfall 116907 (2019) Kat:3, Licht: 0,116907,3,2,5,08,16,1,0,0,1,1,0,0,0,0
"POINT (7.675388919000056 51.949421125000072)",Unfall 117005 (2019) Kat:2, Licht: 0,117005,2,3,5,08,16,3,1,0,1,1,0,0,0,0
"POINT (7.612435082000047 51.974273027000038)",Unfall 117007 (2019) Kat:3, Licht: 0,117007,3,6,5,08,19,3,1,0,0,1,0,0,0,0
"POINT (7.577658079000059 51.856427259000043)",Unfall 117021 (2019) Kat:3, Licht: 0,117021,3,6,2,08,09,7,0,0,0,1,0,0,0,0
"POINT (7.614490566000029 52.001924646000077)",Unfall 117023 (2019) Kat:3, Licht: 0,117023,3,7,0,08,14,7,0,0,1,0,0,0,0,0
"POINT (7.625629113000059 51.935290955000028)",Unfall 117024 (2019) Kat:3, Licht: 0,117024,3,7,6,08,12,7,0,0,1,1,1,0,0,0
"POINT (7.622046148000038 51.893911400000036)",Unfall 117169 (2019) Kat:3, Licht: 0,117169,3,3,5,08,09,6,0,0,1,1,0,0,0,0
"POINT (7.625104708000038 51.904402117000075)",Unfall 117204 (2019) Kat:3, Licht: 0,117204,3,1,0,08,07,2,0,0,1,0,0,0,0,0
"POINT (7.666038468000068 51.993106719000082)",Unfall 117206 (2019) Kat:3, Licht: 0,117206,3,2,2,08,14,2,0,0,0,1,0,0,0,0
"POINT (7.626856082000074 51.955564942000080)",Unfall 117433 (2019) Kat:3, Licht: 0,117433,3,6,3,08,17,4,0,0,1,0,0,0,0,1
"POINT (7.601712613000075 51.965260182000065)",Unfall 117437 (2019) Kat:3, Licht: 0,117437,3,6,1,08,11,6,0,0,0,1,0,0,1,0
"POINT (7.635545659000059 51.952904447000037)",Unfall 117438 (2019) Kat:3, Licht: 0,117438,3,6,3,08,07,6,0,0,1,0,0,0,0,0
"POINT (7.694989449000047 51.911066755000036)",Unfall 117439 (2019) Kat:3, Licht: 0,117439,3,3,5,08,06,6,0,0,1,1,0,0,0,0
"POINT (7.646048728000039 51.963162976000035)",Unfall 117541 (2019) Kat:3, Licht: 0,117541,3,6,2,08,16,5,0,0,1,0,0,0,0,0
"POINT (7.557304028000033 51.989533804000075)",Unfall 117652 (2019) Kat:3, Licht: 2,117652,3,1,0,08,21,5,1,2,0,1,0,0,0,0
"POINT (7.631116053000028 51.951973501000055)",Unfall 117737 (2019) Kat:3, Licht: 0,117737,3,2,0,08,17,2,0,0,0,1,0,0,0,1
"POINT (7.641458509000074 51.976640584000052)",Unfall 117738 (2019) Kat:3, Licht: 0,117738,3,3,5,08,07,2,0,0,1,1,0,0,0,0
"POINT (7.643217557000071 51.759590056000036)",Unfall 117859 (2019) Kat:2, Licht: 0,117859,2,1,8,08,14,1,1,0,0,1,0,0,0,0
"POINT (7.548388677000048 51.990566177000062)",Unfall 117909 (2019) Kat:3, Licht: 0,117909,3,6,2,08,12,1,1,0,0,1,0,0,0,0
"POINT (7.634718974000066 51.959763228000043)",Unfall 117933 (2019) Kat:3, Licht: 0,117933,3,7,0,08,15,7,1,0,0,0,0,1,0,0
"POINT (7.583219890000066 52.012714862000053)",Unfall 117993 (2019) Kat:3, Licht: 0,117993,3,6,2,08,14,6,0,0,0,1,0,0,0,0
"POINT (7.594482139000036 51.988537583000038)",Unfall 118164 (2019) Kat:3, Licht: 0,118164,3,3,5,08,16,4,0,0,1,1,0,0,0,0
"POINT (7.664833566000027 51.905822768000064)",Unfall 118285 (2019) Kat:3, Licht: 0,118285,3,2,0,08,15,1,0,0,0,1,0,0,0,0
"POINT (7.566117817000077 51.995272752000062)",Unfall 118385 (2019) Kat:3, Licht: 0,118385,3,1,8,08,08,1,0,0,0,1,0,0,0,0
"POINT (7.625269398000057 51.951812263000079)",Unfall 118410 (2019) Kat:3, Licht: 2,118410,3,7,3,08,21,7,0,2,1,1,0,0,0,0
"POINT (7.668406365000067 51.996720819000075)",Unfall 118411 (2019) Kat:3, Licht: 2,118411,3,7,0,08,23,7,0,2,1,0,0,0,0,0
"POINT (7.673377983000023 51.970138682000027)",Unfall 118413 (2019) Kat:2, Licht: 0,118413,2,1,0,08,10,7,0,0,1,0,0,0,0,0
"POINT (7.618726314000071 51.885523415000080)",Unfall 118414 (2019) Kat:2, Licht: 2,118414,2,1,0,08,21,7,0,2,1,0,0,0,0,0
"POINT (7.662849151000046 51.932441232000031)",Unfall 118415 (2019) Kat:2, Licht: 2,118415,2,3,5,08,23,7,0,2,0,1,0,1,0,0
"POINT (7.620761663000053 51.966651020000029)",Unfall 118574 (2019) Kat:3, Licht: 0,118574,3,1,0,08,15,6,0,0,1,0,0,0,0,0
"POINT (7.647101382000074 51.985606911000048)",Unfall 118601 (2019) Kat:3, Licht: 0,118601,3,3,5,08,07,5,1,0,1,1,0,0,0,0
"POINT (7.614605694000034 51.967583882000042)",Unfall 118658 (2019) Kat:3, Licht: 0,118658,3,2,0,08,10,5,0,0,1,0,0,0,0,0
"POINT (7.602851792000024 51.955241558000068)",Unfall 118745 (2019) Kat:3, Licht: 0,118745,3,6,2,08,09,3,0,0,1,0,0,0,0,0
"POINT (7.613277488000051 51.993349617000035)",Unfall 118757 (2019) Kat:2, Licht: 0,118757,2,3,3,08,07,5,1,0,1,1,0,0,0,0
"POINT (7.631550499000070 52.072443449000048)",Unfall 118815 (2019) Kat:3, Licht: 2,118815,3,3,0,08,22,5,0,2,0,1,0,0,0,1
"POINT (7.658517066000059 51.995777243000077)",Unfall 118835 (2019) Kat:3, Licht: 0,118835,3,3,5,08,13,5,0,0,1,1,0,0,0,0
"POINT (7.546217764000062 51.962849635000055)",Unfall 118902 (2019) Kat:3, Licht: 0,118902,3,1,8,08,18,3,1,0,0,1,0,0,0,0
"POINT (7.635366679000072 51.962010820000046)",Unfall 118916 (2019) Kat:3, Licht: 0,118916,3,6,3,08,10,5,0,0,1,0,0,0,0,1
"POINT (7.699126410000076 51.942866341000069)",Unfall 118927 (2019) Kat:3, Licht: 0,118927,3,1,2,08,07,4,0,0,0,1,0,0,0,0
"POINT (7.621305425000060 51.935979490000079)",Unfall 118932 (2019) Kat:3, Licht: 0,118932,3,6,3,08,12,4,0,0,0,1,0,0,1,0
"POINT (7.626816660000031 51.955546042000037)",Unfall 119020 (2019) Kat:3, Licht: 0,119020,3,6,3,08,12,6,0,0,1,0,0,0,1,0
"POINT (7.588850119000028 51.965274821000037)",Unfall 119053 (2019) Kat:3, Licht: 0,119053,3,3,0,08,11,7,0,0,1,1,0,0,0,0
"POINT (7.632889250000062 51.953645032000054)",Unfall 119063 (2019) Kat:3, Licht: 0,119063,3,7,0,08,16,6,0,0,1,0,0,0,0,1
"POINT (7.617082804000063 51.894960151000078)",Unfall 119145 (2019) Kat:3, Licht: 0,119145,3,6,2,08,14,6,0,0,0,1,0,0,0,0
"POINT (7.575558167000054 51.885561597000049)",Unfall 119208 (2019) Kat:2, Licht: 0,119208,2,1,9,08,18,7,1,0,0,0,0,1,0,0
"POINT (7.615530678000027 51.967090855000038)",Unfall 119250 (2019) Kat:3, Licht: 0,119250,3,6,2,08,08,6,0,0,0,1,0,0,0,1
"POINT (7.654408942000032 51.966560074000029)",Unfall 119260 (2019) Kat:2, Licht: 0,119260,2,3,5,09,19,1,0,0,1,1,0,0,0,0
"POINT (7.617561476000049 51.965587154000048)",Unfall 119262 (2019) Kat:3, Licht: 0,119262,3,6,2,09,15,1,0,0,0,1,0,0,0,0
"POINT (7.687698780000062 51.911199658000044)",Unfall 119312 (2019) Kat:3, Licht: 0,119312,3,3,5,08,09,7,0,0,0,1,0,0,0,0
"POINT (7.636004258000071 51.972579812000049)",Unfall 119360 (2019) Kat:3, Licht: 2,119360,3,2,0,08,21,6,0,2,0,1,0,0,0,1
"POINT (7.636442908000049 51.893990893000080)",Unfall 119413 (2019) Kat:3, Licht: 0,119413,3,6,1,09,07,4,0,0,0,1,0,0,0,0
"POINT (7.646774672000049 51.957027907000054)",Unfall 119713 (2019) Kat:3, Licht: 0,119713,3,3,5,09,13,2,0,0,1,1,0,0,0,0
"POINT (7.578681517000064 51.893889676000072)",Unfall 119715 (2019) Kat:2, Licht: 0,119715,2,1,9,09,09,2,0,0,0,0,0,0,0,1
"POINT (7.619797829000049 51.954726942000036)",Unfall 119944 (2019) Kat:3, Licht: 0,119944,3,3,3,09,14,1,0,0,1,1,0,0,0,0
"POINT (7.676494480000031 51.950805544000048)",Unfall 120066 (2019) Kat:3, Licht: 2,120066,3,1,0,09,04,7,0,2,0,0,0,0,0,1
"POINT (7.633373236000068 51.953375427000026)",Unfall 120281 (2019) Kat:3, Licht: 0,120281,3,2,5,09,13,2,0,0,1,1,0,0,0,0
"POINT (7.600298853000027 51.934807285000034)",Unfall 120283 (2019) Kat:3, Licht: 0,120283,3,2,5,09,08,2,0,0,0,1,0,0,0,0
"POINT (7.527587989000040 51.926549839000074)",Unfall 120406 (2019) Kat:3, Licht: 2,120406,3,1,8,09,22,5,0,2,0,1,0,0,0,0
"POINT (7.647176159000026 51.904479144000049)",Unfall 120409 (2019) Kat:3, Licht: 0,120409,3,2,3,09,16,5,0,0,1,1,0,0,0,0