WKT,Name,OBJECTID,UKATEGORIE,UTYP1,UART,UMONAT,USTUNDE,UWOCHENTAG,STRZUSTAND,ULICHTVERH,ISTRAD,ISTPKW,ISTFUSS,ISTKRAD,ISTGKFZ,ISTSONSTIG
"POINT (7.663906502000032 51.952616145000036)",Unfall 120453 (2019) Kat:3, Licht: 0,120453,3,1,0,09,16,7,0,0,0,0,0,1,0,0
"POINT (7.624509960000069 51.955610067000066)",Unfall 120671 (2019) Kat:3, Licht: 1,120671,3,2,3,09,06,6,0,1,1,0,0,0,0,1
"POINT (7.552600869000059 51.934284773000059)",Unfall 120680 (2019) Kat:3, Licht: 2,120680,3,1,0,09,19,4,1,2,0,1,0,0,1,0
"POINT (7.545794328000056 51.990874877000067)",Unfall 120682 (2019) Kat:3, Licht: 0,120682,3,3,5,09,17,4,1,0,0,1,0,0,0,0
"POINT (7.592429065000033 51.930339145000062)",Unfall 120816 (2019) Kat:3, Licht: 0,120816,3,2,4,09,14,3,0,0,0,1,0,0,0,0
"POINT (7.636837370000023 51.950986199000056)",Unfall 120918 (2019) Kat:3, Licht: 0,120918,3,2,0,09,14,2,1,0,0,1,0,0,0,1
"POINT (7.629023932000052 51.926192534000052)",Unfall 120919 (2019) Kat:3, Licht: 1,120919,3,7,2,09,07,2,1,1,0,1,0,0,0,0
"POINT (7.659328894000055 51.954140364000068)",Unfall 120920 (2019) Kat:3, Licht: 0,120920,3,6,1,09,15,2,0,0,0,1,0,0,0,0
"POINT (7.569157521000022 51.942342003000078)",Unfall 121158 (2019) Kat:3, Licht: 0,121158,3,3,5,09,16,5,0,0,1,1,0,0,0,0
"POINT (7.723679800000070 51.913631192000082)",Unfall 121159 (2019) Kat:2, Licht: 0,121159,2,3,5,09,15,5,0,0,1,1,0,0,0,0
"POINT (7.591762286000062 51.921464126000046)",Unfall 121251 (2019) Kat:3, Licht: 2,121251,3,1,8,09,20,5,0,2,0,1,0,0,0,0
"POINT (7.658828739000057 51.967391659000043)",Unfall 121283 (2019) Kat:3, Licht: 1,121283,3,1,2,09,19,4,0,1,0,1,0,0,0,0
"POINT (7.721174032000022 51.979001121000067)",Unfall 121284 (2019) Kat:3, Licht: 0,121284,3,2,2,09,08,4,0,0,1,1,0,0,0,0
"POINT (7.625386927000022 51.952208083000073)",Unfall 121347 (2019) Kat:3, Licht: 0,121347,3,6,1,09,09,7,0,0,1,1,0,0,0,0
"POINT (7.632805339000072 51.973084709000034)",Unfall 121362 (2019) Kat:3, Licht: 0,121362,3,1,0,09,16,1,0,0,1,0,0,0,0,0
"POINT (7.677194101000055 51.973876636000057)",Unfall 121396 (2019) Kat:3, Licht: 0,121396,3,3,5,09,14,6,0,0,1,1,0,0,0,0
"POINT (7.726792309000075 51.922769136000056)",Unfall 121403 (2019) Kat:3, Licht: 0,121403,3,7,6,09,14,7,0,0,0,1,1,0,0,0
"POINT (7.706344456000068 51.973732806000044)",Unfall 121507 (2019) Kat:3, Licht: 0,121507,3,1,4,09,14,6,0,0,1,0,0,0,0,0
"POINT (7.637728665000054 51.972175750000076)",Unfall 121515 (2019) Kat:3, Licht: 0,121515,3,1,3,09,15,7,0,0,1,0,0,0,0,0
"POINT (7.619451629000025 51.952983333000077)",Unfall 121562 (2019) Kat:3, Licht: 0,121562,3,6,6,09,14,6,0,0,1,0,1,0,0,0
"POINT (7.635696709000058 51.901028659000076)",Unfall 121613 (2019) Kat:3, Licht: 0,121613,3,3,0,09,15,6,0,0,1,1,0,0,0,0
"POINT (7.602573591000066 51.935851120000052)",Unfall 121751 (2019) Kat:3, Licht: 0,121751,3,6,1,09,07,3,0,0,0,1,0,0,0,0
"POINT (7.619070822000026 51.952460223000060)",Unfall 121846 (2019) Kat:3, Licht: 0,121846,3,4,6,09,08,2,1,0,1,0,1,0,0,0
"POINT (7.667831506000027 51.928297855000039)",Unfall 121847 (2019) Kat:3, Licht: 0,121847,3,3,2,09,11,2,0,0,0,1,0,0,1,1
"POINT (7.631835419000026 51.950052329000073)",Unfall 121848 (2019) Kat:3, Licht: 0,121848,3,2,5,09,07,2,1,0,1,1,0,0,0,0
"POINT (7.619186690000049 51.896399308000071)",Unfall 121976 (2019) Kat:3, Licht: 0,121976,3,6,2,09,16,4,0,0,0,1,0,0,0,0
"POINT (7.638857257000041 51.901583768000080)",Unfall 121978 (2019) Kat:3, Licht: 0,121978,3,3,5,09,07,4,0,0,1,1,0,0,0,0
"POINT (7.616665904000058 51.939648694000027)",Unfall 121982 (2019) Kat:3, Licht: 2,121982,3,3,5,09,05,4,1,2,1,1,0,0,0,0
"POINT (7.655723010000031 51.967965785000047)",Unfall 121984 (2019) Kat:3, Licht: 0,121984,3,2,5,09,13,4,0,0,1,1,0,0,0,0
"POINT (7.624959277000073 51.950875580000059)",Unfall 122044 (2019) Kat:3, Licht: 0,122044,3,3,0,09,08,6,1,0,1,1,0,0,0,0
"POINT (7.556397523000044 52.000060399000063)",Unfall 122045 (2019) Kat:3, Licht: 0,122045,3,2,5,09,16,6,0,0,0,1,0,0,0,0
"POINT (7.649974638000060 51.941245895000066)",Unfall 122197 (2019) Kat:3, Licht: 0,122197,3,6,1,09,15,1,1,0,0,1,0,0,0,0
"POINT (7.527222347000077 51.920268303000057)",Unfall 122218 (2019) Kat:3, Licht: 0,122218,3,3,5,09,17,5,1,0,1,1,0,0,0,0
"POINT (7.604101728000046 51.948468005000052)",Unfall 122220 (2019) Kat:2, Licht: 0,122220,2,7,5,09,14,5,1,0,1,1,0,0,0,0
"POINT (7.627326967000045 51.898897032000036)",Unfall 122223 (2019) Kat:2, Licht: 0,122223,2,2,5,09,09,5,0,0,1,1,0,0,0,0
"POINT (7.611670160000074 51.982456792000050)",Unfall 122628 (2019) Kat:3, Licht: 1,122628,3,4,0,10,20,4,0,1,1,0,1,0,0,0
"POINT (7.639085898000076 51.949145229000067)",Unfall 122630 (2019) Kat:3, Licht: 2,122630,3,6,4,10,23,4,0,2,1,0,0,0,0,0
"POINT (7.626007809000043 51.954143825000074)",Unfall 122633 (2019) Kat:3, Licht: 0,122633,3,4,6,10,10,4,0,0,1,0,1,0,0,0
"POINT (7.588850119000028 51.965274821000037)",Unfall 122635 (2019) Kat:3, Licht: 0,122635,3,3,5,10,14,4,1,0,1,1,0,0,0,0
"POINT (7.619666685000027 51.957356703000073)",Unfall 122654 (2019) Kat:3, Licht: 0,122654,3,6,2,09,08,2,1,0,0,1,0,0,0,0
"POINT (7.632516451000072 51.973142764000045)",Unfall 122655 (2019) Kat:3, Licht: 0,122655,3,6,2,09,08,2,1,0,0,1,0,0,1,0
"POINT (7.646622808000075 51.964891402000035)",Unfall 122798 (2019) Kat:3, Licht: 2,122798,3,7,5,10,21,1,1,2,1,1,0,0,0,0
"POINT (7.588145603000044 51.970421572000078)",Unfall 122841 (2019) Kat:3, Licht: 0,122841,3,2,0,10,10,3,1,0,1,1,0,0,0,0
"POINT (7.619843095000022 51.955014095000081)",Unfall 122842 (2019) Kat:3, Licht: 0,122842,3,6,3,10,08,3,1,0,1,0,0,0,0,0
"POINT (7.639362512000048 51.902946746000055)",Unfall 122844 (2019) Kat:3, Licht: 0,122844,3,7,6,10,15,3,0,0,0,1,1,0,0,0
"POINT (7.590189830000043 51.973703293000028)",Unfall 123030 (2019) Kat:3, Licht: 0,123030,3,3,5,10,16,6,1,0,1,1,0,0,0,0
"POINT (7.624972137000043 51.937046034000048)",Unfall 123095 (2019) Kat:3, Licht: 1,123095,3,3,5,10,07,2,1,1,1,1,0,0,0,0
"POINT (7.605390872000044 51.974232542000038)",Unfall 123097 (2019) Kat:3, Licht: 0,123097,3,7,0,10,10,2,0,0,1,0,1,0,0,0
"POINT (7.553492757000072 51.982552140000053)",Unfall 123264 (2019) Kat:3, Licht: 2,123264,3,6,3,10,06,6,1,2,0,1,0,0,1,0
"POINT (7.617744228000049 51.961063193000030)",Unfall 123288 (2019) Kat:3, Licht: 2,123288,3,7,0,10,22,5,1,2,1,0,0,0,0,0
"POINT (7.688125217000049 51.909527237000077)",Unfall 123290 (2019) Kat:2, Licht: 0,123290,2,3,5,10,16,5,0,0,0,1,0,1,0,0
"POINT (7.639894108000021 51.975224126000057)",Unfall 123292 (2019) Kat:2, Licht: 0,123292,2,2,8,10,13,5,0,0,0,1,0,0,0,0
"POINT (7.656541561000040 51.936489696000081)",Unfall 123386 (2019) Kat:2, Licht: 0,123386,2,1,0,10,17,7,0,0,1,0,0,0,0,0
"POINT (7.709573102000036 51.917560690000073)",Unfall 123493 (2019) Kat:3, Licht: 2,123493,3,7,0,10,06,4,0,2,0,0,0,1,0,0
"POINT (7.645948553000039 51.955752335000057)",Unfall 123495 (2019) Kat:3, Licht: 0,123495,3,6,3,10,07,4,0,0,1,0,0,0,0,0
"POINT (7.687416745000064 51.993081018000055)",Unfall 123608 (2019) Kat:3, Licht: 0,123608,3,2,3,10,15,6,1,0,1,1,0,0,0,0
"POINT (7.556575971000029 51.924119761000043)",Unfall 123718 (2019) Kat:2, Licht: 2,123718,2,6,0,10,20,3,0,2,0,1,0,0,0,0
"POINT (7.591985361000070 51.939587336000045)",Unfall 123786 (2019) Kat:2, Licht: 2,123786,2,1,0,10,03,5,1,2,1,0,0,0,0,0
"POINT (7.591934776000073 51.939562270000067)",Unfall 123788 (2019) Kat:3, Licht: 0,123788,3,6,1,10,14,5,1,0,0,1,0,0,0,0
"POINT (7.625369322000040 51.974583720000055)",Unfall 123791 (2019) Kat:3, Licht: 0,123791,3,1,2,10,15,5,1,0,0,1,0,0,0,0
"POINT (7.635941147000040 51.959393294000051)",Unfall 123954 (2019) Kat:3, Licht: 0,123954,3,7,6,10,15,2,0,0,1,0,1,0,0,0
"POINT (7.632658194000044 51.937813681000080)",Unfall 123956 (2019) Kat:3, Licht: 0,123956,3,7,3,10,17,2,0,0,0,1,0,0,1,0
"POINT (7.584635542000058 51.935919328000068)",Unfall 123958 (2019) Kat:3, Licht: 2,123958,3,6,2,10,07,2,0,2,0,1,0,0,0,0
"POINT (7.684857874000045 51.972250582000072)",Unfall 124025 (2019) Kat:3, Licht: 0,124025,3,7,2,10,17,4,0,0,0,1,0,0,0,0
"POINT (7.566248924000036 51.972938225000064)",Unfall 124027 (2019) Kat:3, Licht: 2,124027,3,6,2,10,07,4,1,2,0,1,0,0,0,0
"POINT (7.620351514000049 51.974619587000063)",Unfall 124029 (2019) Kat:3, Licht: 1,124029,3,1,6,10,17,4,1,1,1,0,1,0,0,0
"POINT (7.640885731000026 51.957269184000040)",Unfall 124032 (2019) Kat:3, Licht: 0,124032,3,4,6,10,10,4,0,0,1,0,1,0,0,0
"POINT (7.675984797000069 51.970630167000081)",Unfall 124034 (2019) Kat:3, Licht: 2,124034,3,6,4,10,21,4,1,2,1,0,0,0,0,0
"POINT (7.628859128000045 51.927031378000038)",Unfall 124036 (2019) Kat:3, Licht: 2,124036,3,7,1,10,19,4,1,2,1,1,0,0,0,0
"POINT (7.538359258000071 51.913097215000050)",Unfall 124149 (2019) Kat:3, Licht: 0,124149,3,6,2,10,13,1,1,0,0,1,0,0,0,0
"POINT (7.604598714000076 51.937271678000059)",Unfall 124151 (2019) Kat:3, Licht: 2,124151,3,3,5,10,23,1,1,2,1,1,0,0,0,0
"POINT (7.640869225000074 51.961725758000057)",Unfall 124369 (2019) Kat:2, Licht: 2,124369,2,1,0,10,05,7,1,2,1,0,0,0,0,0
"POINT (7.653185604000043 51.938726715000030)",Unfall 124456 (2019) Kat:3, Licht: 0,124456,3,6,2,10,16,6,0,0,0,1,0,0,0,0
"POINT (7.642345431000024 51.903902822000077)",Unfall 124458 (2019) Kat:2, Licht: 0,124458,2,2,6,10,11,6,0,0,1,0,1,0,0,0
"POINT (7.546572034000064 51.956412670000077)",Unfall 124533 (2019) Kat:3, Licht: 0,124533,3,6,0,10,08,5,0,0,0,1,0,0,1,0
"POINT (7.632947175000027 51.913609026000074)",Unfall 124627 (2019) Kat:3, Licht: 0,124627,3,2,5,10,08,3,0,0,1,0,0,0,1,0
"POINT (7.626400722000028 51.955441814000039)",Unfall 124628 (2019) Kat:3, Licht: 2,124628,3,2,7,10,02,3,0,2,1,0,0,0,0,0
"POINT (7.560447795000073 51.998849238000048)",Unfall 124719 (2019) Kat:3, Licht: 0,124719,3,6,2,10,12,2,0,0,0,1,0,0,0,0
"POINT (7.618278797000073 51.974520425000037)",Unfall 124721 (2019) Kat:3, Licht: 0,124721,3,3,5,10,14,2,0,0,1,1,0,0,0,0
"POINT (7.607051562000038 51.882312332000026)",Unfall 124833 (2019) Kat:3, Licht: 0,124833,3,3,0,10,07,1,1,0,1,1,0,0,0,0
"POINT (7.624527316000069 51.939440567000076)",Unfall 124846 (2019) Kat:3, Licht: 2,124846,3,3,5,10,18,2,0,2,1,1,0,0,0,0
"POINT (7.633259362000047 51.953443195000034)",Unfall 124882 (2019) Kat:3, Licht: 0,124882,3,6,2,10,17,7,0,0,0,1,0,0,0,0
"POINT (7.663579617000039 51.988957467000034)",Unfall 124909 (2019) Kat:3, Licht: 0,124909,3,1,2,10,15,2,1,0,0,0,0,1,0,1
"POINT (7.637121463000028 51.958945819000064)",Unfall 124924 (2019) Kat:3, Licht: 0,124924,3,7,5,10,12,2,0,0,0,0,0,1,0,1
"POINT (7.612428957000077 51.952435097000034)",Unfall 124970 (2019) Kat:3, Licht: 0,124970,3,7,3,10,12,2,0,0,1,1,0,0,0,0
"POINT (7.597797417000038 51.978643265000073)",Unfall 124982 (2019) Kat:3, Licht: 0,124982,3,7,0,10,09,6,0,0,1,1,0,0,0,0
"POINT (7.672319566000056 51.923966788000030)",Unfall 125050 (2019) Kat:3, Licht: 1,125050,3,7,6,10,17,2,0,1,0,1,1,0,0,0
"POINT (7.635723904000031 51.959474700000044)",Unfall 125095 (2019) Kat:3, Licht: 0,125095,3,2,5,10,16,2,0,0,1,1,0,0,0,0
"POINT (7.626620281000044 51.931855151000036)",Unfall 125154 (2019) Kat:3, Licht: 2,125154,3,6,2,10,18,4,0,2,0,1,0,0,0,0
"POINT (7.636374322000052 51.972489705000044)",Unfall 125186 (2019) Kat:3, Licht: 0,125186,3,6,3,10,11,3,0,0,0,1,0,0,0,0
"POINT (7.626912115000039 51.931630384000073)",Unfall 125255 (2019) Kat:3, Licht: 1,125255,3,6,2,10,17,4,0,1,0,1,0,0,0,1
"POINT (7.600081227000032 51.977290878000076)",Unfall 125353 (2019) Kat:3, Licht: 2,125353,3,7,0,10,20,5,0,2,0,0,0,0,0,1
"POINT (7.627455699000052 51.930310912000039)",Unfall 125389 (2019) Kat:3, Licht: 2,125389,3,6,2,10,18,3,0,2,0,1,0,0,0,0
"POINT (7.613907861000030 52.050213446000043)",Unfall 125529 (2019) Kat:2, Licht: 0,125529,2,6,3,11,12,2,0,0,0,1,0,0,1,0
"POINT (7.558403522000049 51.987622631000079)",Unfall 125602 (2019) Kat:2, Licht: 2,125602,2,7,0,11,19,7,0,2,0,1,0,0,0,0
"POINT (7.617611551000039 51.961878196000043)",Unfall 125603 (2019) Kat:3, Licht: 0,125603,3,2,5,11,16,7,0,0,1,0,0,0,0,1
"POINT (7.526438160000055 51.910300225000071)",Unfall 125724 (2019) Kat:3, Licht: 1,125724,3,6,2,11,16,6,1,1,0,1,0,0,0,1
"POINT (7.646198694000077 51.982970760000057)",Unfall 125795 (2019) Kat:3, Licht: 0,125795,3,3,5,11,10,2,1,0,1,1,0,0,0,0
"POINT (7.674074088000054 51.906375039000068)",Unfall 125929 (2019) Kat:3, Licht: 2,125929,3,6,1,11,19,4,0,2,0,1,0,0,0,0
"POINT (7.633431765000069 51.959204138000075)",Unfall 125930 (2019) Kat:3, Licht: 2,125930,3,7,6,11,21,4,0,2,1,0,1,0,0,0
"POINT (7.701126771000077 51.984986287000027)",Unfall 125931 (2019) Kat:3, Licht: 2,125931,3,2,6,11,17,4,1,2,0,1,1,0,0,0
"POINT (7.647555028000056 51.961974238000039)",Unfall 125932 (2019) Kat:2, Licht: 0,125932,2,4,6,11,13,4,0,0,0,1,1,0,0,0
"POINT (7.614041241000052 51.967228180000063)",Unfall 125957 (2019) Kat:3, Licht: 2,125957,3,2,5,11,17,6,1,2,1,1,0,0,0,0
"POINT (7.629127565000033 51.926407087000030)",Unfall 125959 (2019) Kat:2, Licht: 0,125959,2,3,5,11,13,6,0,0,1,1,0,0,0,0
"POINT (7.731656197000064 51.936245988000053)",Unfall 125961 (2019) Kat:3, Licht: 0,125961,3,6,1,11,07,6,0,0,0,1,0,0,0,0
"POINT (7.634283866000033 51.959705561000078)",Unfall 125962 (2019) Kat:3, Licht: 0,125962,3,2,5,11,10,6,1,0,1,0,0,0,0,0
"POINT (7.631027910000057 51.937543236000067)",Unfall 126078 (2019) Kat:3, Licht: 2,126078,3,6,1,11,17,4,0,2,0,1,0,0,0,1
"POINT (7.642068659000074 51.903848723000067)",Unfall 126109 (2019) Kat:3, Licht: 0,126109,3,4,6,11,11,3,1,0,1,0,1,0,0,0
"POINT (7.590551554000058 51.973741486000051)",Unfall 126110 (2019) Kat:3, Licht: 0,126110,3,3,5,11,13,3,1,0,1,1,0,0,0,0
"POINT (7.589920428000028 51.965337921000071)",Unfall 126111 (2019) Kat:3, Licht: 0,126111,3,2,0,11,09,3,0,0,1,1,0,0,0,0
"POINT (7.642777140000021 51.969934544000068)",Unfall 126209 (2019) Kat:3, Licht: 0,126209,3,7,3,11,16,5,1,0,0,1,0,0,0,1
"POINT (7.604669368000032 51.884949500000062)",Unfall 126211 (2019) Kat:3, Licht: 2,126211,3,6,4,11,18,5,1,2,0,1,0,0,0,0
"POINT (7.602630562000059 51.968981911000071)",Unfall 126214 (2019) Kat:2, Licht: 2,126214,2,3,5,11,17,5,1,2,0,1,0,0,0,0
"POINT (7.677133571000070 51.956033987000069)",Unfall 126216 (2019) Kat:3, Licht: 1,126216,3,2,5,11,16,5,0,1,1,0,0,0,0,1
"POINT (7.576393907000067 51.959160593000036)",Unfall 126219 (2019) Kat:2, Licht: 1,126219,2,4,6,11,16,5,1,1,0,1,1,0,0,0
"POINT (7.642785757000070 51.969928211000081)",Unfall 126221 (2019) Kat:3, Licht: 0,126221,3,1,3,11,12,5,0,0,0,1,0,0,0,1
"POINT (7.710961698000062 51.917324482000026)",Unfall 126303 (2019) Kat:3, Licht: 0,126303,3,3,5,11,15,2,0,0,1,1,0,0,0,0
"POINT (7.606230315000062 51.949441583000066)",Unfall 126304 (2019) Kat:3, Licht: 0,126304,3,3,5,11,07,2,0,0,1,1,0,0,0,0
"POINT (7.700836690000074 51.923254474000032)",Unfall 126414 (2019) Kat:2, Licht: 2,126414,2,7,8,11,19,4,0,2,1,0,0,0,0,0
"POINT (7.632698831000027 51.953723574000037)",Unfall 126480 (2019) Kat:3, Licht: 2,126480,3,2,5,11,19,1,0,2,1,1,0,0,0,0
"POINT (7.620906116000072 51.955144161000078)",Unfall 126590 (2019) Kat:3, Licht: 0,126590,3,6,1,11,16,7,0,0,0,1,0,0,0,0
"POINT (7.635193565000066 51.960981572000037)",Unfall 126591 (2019) Kat:3, Licht: 0,126591,3,6,2,11,15,7,0,0,0,1,0,0,0,0
"POINT (7.625456706000023 51.903673994000030)",Unfall 126592 (2019) Kat:3, Licht: 0,126592,3,7,6,11,10,7,1,0,0,1,1,0,0,0
"POINT (7.619658486000049 51.957332658000041)",Unfall 126593 (2019) Kat:3, Licht: 0,126593,3,1,2,11,09,7,0,0,0,1,0,0,0,0
"POINT (7.544624313000043 51.991099893000069)",Unfall 126621 (2019) Kat:3, Licht: 0,126621,3,1,2,11,08,3,1,0,0,1,0,0,0,0
"POINT (7.632661589000065 51.953738935000047)",Unfall 126623 (2019) Kat:2, Licht: 2,126623,2,2,6,11,19,3,0,2,0,0,1,0,0,1
"POINT (7.616825955000024 51.949906256000077)",Unfall 126625 (2019) Kat:3, Licht: 2,126625,3,3,4,11,19,3,1,2,0,1,0,0,0,0
"POINT (7.714961944000038 51.941994324000063)",Unfall 126627 (2019) Kat:3, Licht: 0,126627,3,7,8,11,07,3,1,0,0,1,0,0,0,0
"POINT (7.578016229000070 51.890004744000066)",Unfall 126628 (2019) Kat:2, Licht: 2,126628,2,4,6,11,07,3,1,2,0,1,1,0,0,0
"POINT (7.632705664000071 51.953720755000063)",Unfall 126789 (2019) Kat:3, Licht: 0,126789,3,2,4,11,09,2,1,0,1,1,0,0,0,0
"POINT (7.612393212000029 51.974272534000079)",Unfall 126792 (2019) Kat:2, Licht: 2,126792,2,3,5,11,05,2,1,2,0,1,0,0,0,1
"POINT (7.617685278000067 51.965259299000081)",Unfall 126793 (2019) Kat:3, Licht: 2,126793,3,2,6,11,07,2,1,2,0,1,1,0,0,0
"POINT (7.623102488000029 51.944927506000056)",Unfall 126794 (2019) Kat:3, Licht: 2,126794,3,2,5,11,19,6,0,2,1,0,0,0,0,0
"POINT (7.601775314000065 51.966737520000038)",Unfall 126795 (2019) Kat:3, Licht: 0,126795,3,3,5,11,08,2,1,0,1,1,0,0,0,0
"POINT (7.565439069000036 51.973599739000065)",Unfall 126796 (2019) Kat:3, Licht: 2,126796,3,6,2,11,17,6,0,2,0,1,0,0,0,0
"POINT (7.645682553000029 51.967679950000047)",Unfall 126797 (2019) Kat:3, Licht: 2,126797,3,2,5,11,20,2,1,2,1,1,0,0,0,0
"POINT (7.659242782000035 51.954156978000071)",Unfall 126798 (2019) Kat:3, Licht: 0,126798,3,6,2,11,07,6,0,0,0,1,0,0,0,0
"POINT (7.630826813000056 51.945982718000039)",Unfall 126799 (2019) Kat:3, Licht: 2,126799,3,2,6,11,17,2,1,2,0,1,1,0,0,0
"POINT (7.601311279000072 51.965025771000057)",Unfall 126801 (2019) Kat:3, Licht: 0,126801,3,1,0,11,15,2,1,0,1,0,0,0,0,0
"POINT (7.570323659000053 51.924940847000073)",Unfall 126804 (2019) Kat:3, Licht: 2,126804,3,2,5,11,16,2,1,2,1,1,0,0,0,0
"POINT (7.624171112000056 51.940809046000027)",Unfall 126805 (2019) Kat:3, Licht: 1,126805,3,6,3,11,15,2,1,1,1,0,0,0,0,0
"POINT (7.645751521000022 51.955508667000061)",Unfall 127042 (2019) Kat:3, Licht: 2,127042,3,6,2,11,18,5,0,2,0,1,0,0,0,0
"POINT (7.644614281000031 51.904180412000073)",Unfall 127045 (2019) Kat:2, Licht: 2,127045,2,7,6,11,17,5,0,2,1,0,1,0,0,0
"POINT (7.712703399000077 51.938082921000046)",Unfall 127047 (2019) Kat:3, Licht: 1,127047,3,6,1,11,16,5,0,1,0,1,0,0,0,0
"POINT (7.631348888000048 51.953991479000081)",Unfall 127225 (2019) Kat:3, Licht: 0,127225,3,2,5,11,12,7,0,0,1,1,0,0,0,0
"POINT (7.630366288000062 51.923482614000079)",Unfall 127227 (2019) Kat:2, Licht: 0,127227,2,1,0,11,16,7,0,0,1,0,0,0,0,0
"POINT (7.631146973000057 51.947311655000078)",Unfall 127228 (2019) Kat:3, Licht: 0,127228,3,5,0,11,14,7,0,0,1,1,0,0,0,0
"POINT (7.570418299000039 51.924939297000037)",Unfall 127230 (2019) Kat:3, Licht: 0,127230,3,6,1,11,09,7,0,0,0,1,0,0,0,0
"POINT (7.584922950000021 51.927128008000068)",Unfall 127232 (2019) Kat:3, Licht: 2,127232,3,7,5,11,17,7,0,2,1,1,0,0,0,0
"POINT (7.626106318000041 51.954478231000053)",Unfall 127234 (2019) Kat:3, Licht: 0,127234,3,4,6,11,10,7,0,0,1,0,1,0,0,0
"POINT (7.711698147000050 51.994742299000052)",Unfall 127400 (2019) Kat:3, Licht: 2,127400,3,7,6,11,17,4,0,2,0,1,1,0,0,0
"POINT (7.605886453000039 51.973038281000072)",Unfall 127401 (2019) Kat:3, Licht: 2,127401,3,6,2,11,17,4,0,2,0,1,0,0,0,0
"POINT (7.622490648000053 51.893771680000043)",Unfall 127404 (2019) Kat:3, Licht: 1,127404,3,2,5,11,16,4,0,1,1,0,0,0,0,1
"POINT (7.735427207000043 51.917690938000078)",Unfall 127428 (2019) Kat:2, Licht: 2,127428,2,1,8,11,19,6,1,2,0,1,0,0,0,0
"POINT (7.547766991000060 51.949693832000037)",Unfall 127596 (2019) Kat:3, Licht: 0,127596,3,6,2,11,08,3,1,0,0,1,0,0,0,0
"POINT (7.616786758000046 51.954130207000048)",Unfall 127598 (2019) Kat:3, Licht: 0,127598,3,2,2,11,12,3,1,0,1,1,0,0,0,0
"POINT (7.623131817000058 51.944236931000034)",Unfall 127724 (2019) Kat:3, Licht: 0,127724,3,2,5,11,07,5,0,0,1,1,0,0,0,0
"POINT (7.613607866000052 51.993319556000074)",Unfall 127727 (2019) Kat:3, Licht: 0,127727,3,1,2,11,15,5,0,0,0,1,0,0,0,0
"POINT (7.656398797000065 51.969868703000031)",Unfall 127798 (2019) Kat:3, Licht: 2,127798,3,2,2,11,20,3,1,2,1,1,0,0,0,0
"POINT (7.542646659000070 51.991579578000028)",Unfall 127799 (2019) Kat:3, Licht: 0,127799,3,3,5,11,12,3,0,0,1,1,0,0,0,0
"POINT (7.617790444000036 51.962996942000075)",Unfall 127909 (2019) Kat:2, Licht: 1,127909,2,1,3,11,16,2,0,1,1,0,0,0,0,0
"POINT (7.588870361000033 51.965273919000026)",Unfall 127910 (2019) Kat:3, Licht: 0,127910,3,2,0,11,08,2,0,0,1,1,0,0,0,0
"POINT (7.626294301000030 51.909632737000038)",Unfall 127911 (2019) Kat:3, Licht: 0,127911,3,2,5,11,12,2,0,0,1,1,0,0,0,0
"POINT (7.556421598000043 51.999919845000079)",Unfall 127912 (2019) Kat:3, Licht: 2,127912,3,2,6,11,20,2,0,2,0,1,1,0,0,0
"POINT (7.628517561000024 51.964679036000064)",Unfall 127913 (2019) Kat:2, Licht: 1,127913,2,2,5,11,16,2,1,1,1,1,0,0,0,0
"POINT (7.606388621000065 52.038657311000065)",Unfall 128006 (2019) Kat:3, Licht: 0,128006,3,6,2,11,13,1,0,0,0,1,0,0,0,0
"POINT (7.553198200000054 51.981817342000056)",Unfall 128050 (2019) Kat:3, Licht: 2,128050,3,6,2,11,18,5,1,2,0,1,0,0,1,0
"POINT (7.671733410000059 51.924710804000028)",Unfall 128053 (2019) Kat:3, Licht: 0,128053,3,3,0,11,16,5,1,0,1,1,0,0,0,0
"POINT (7.624154746000045 51.940871131000051)",Unfall 128054 (2019) Kat:3, Licht: 0,128054,3,6,1,11,09,5,1,0,0,1,0,0,0,0
"POINT (7.719349129000023 51.983248744000036)",Unfall 128055 (2019) Kat:3, Licht: 2,128055,3,1,8,11,17,5,1,2,0,1,0,0,0,0
"POINT (7.647017186000028 51.963754295000058)",Unfall 128056 (2019) Kat:2, Licht: 0,128056,2,6,2,11,11,5,1,0,0,1,0,0,0,1
"POINT (7.625705804000063 51.934257067000033)",Unfall 128209 (2019) Kat:3, Licht: 2,128209,3,2,5,11,18,4,1,2,1,1,0,0,0,0
"POINT (7.631097696000040 51.952960263000080)",Unfall 128210 (2019) Kat:3, Licht: 0,128210,3,2,5,11,09,4,1,0,1,1,0,0,0,0
"POINT (7.607042589000059 51.973786635000067)",Unfall 128305 (2019) Kat:3, Licht: 1,128305,3,3,1,12,07,2,0,1,1,1,0,0,0,0
"POINT (7.640851975000032 51.957284216000062)",Unfall 128309 (2019) Kat:3, Licht: 2,128309,3,2,0,12,19,2,0,2,0,1,0,0,0,0