WKT,Name,OBJECTID,UKATEGORIE,UTYP1,UART,UMONAT,USTUNDE,UWOCHENTAG,STRZUSTAND,ULICHTVERH,ISTRAD,ISTPKW,ISTFUSS,ISTKRAD,ISTGKFZ,ISTSONSTIG
"POINT (7.581526116000021 51.935086821000027)",Unfall 128310 (2019) Kat:2, Licht: 1,128310,2,6,2,12,16,2,0,1,1,0,0,0,0,0
"POINT (7.623743413000057 51.965947256000049)",Unfall 128549 (2019) Kat:3, Licht: 0,128549,3,2,5,11,09,6,0,0,1,1,0,0,0,0
"POINT (7.660801935000052 51.933603771000037)",Unfall 128550 (2019) Kat:3, Licht: 2,128550,3,6,1,11,20,6,1,2,0,1,0,0,0,0
"POINT (7.541608376000056 51.955173638000076)",Unfall 128551 (2019) Kat:3, Licht: 0,128551,3,6,2,11,10,6,0,0,0,1,0,0,0,0
"POINT (7.665790461000029 51.905877223000061)",Unfall 128691 (2019) Kat:3, Licht: 2,128691,3,7,1,12,18,4,1,2,0,1,0,0,0,0
"POINT (7.670395656000039 51.999808270000074)",Unfall 128692 (2019) Kat:3, Licht: 0,128692,3,3,3,12,15,4,0,0,1,1,0,0,0,0
"POINT (7.662681482000039 51.932367143000079)",Unfall 128693 (2019) Kat:3, Licht: 0,128693,3,2,5,12,08,4,0,0,1,1,0,0,0,0
"POINT (7.547358958000075 51.993675280000048)",Unfall 128694 (2019) Kat:3, Licht: 0,128694,3,1,8,12,15,4,0,0,0,0,0,0,0,1
"POINT (7.535908359000075 51.993502730000046)",Unfall 128695 (2019) Kat:2, Licht: 2,128695,2,6,2,12,18,4,0,2,0,1,0,0,0,0
"POINT (7.664792739000063 51.905820444000028)",Unfall 128846 (2019) Kat:3, Licht: 2,128846,3,7,5,12,18,3,0,2,1,1,0,0,0,0
"POINT (7.618251591000046 51.974519202000067)",Unfall 128873 (2019) Kat:2, Licht: 2,128873,2,4,6,12,05,5,2,2,0,1,1,0,0,0
"POINT (7.653150832000051 51.993902387000048)",Unfall 129090 (2019) Kat:2, Licht: 2,129090,2,4,6,12,16,7,1,2,0,1,1,0,0,0
"POINT (7.625929598000028 51.955665476000036)",Unfall 129091 (2019) Kat:3, Licht: 0,129091,3,3,5,12,10,7,1,0,1,1,0,0,0,0
"POINT (7.639162746000068 51.961751274000051)",Unfall 129092 (2019) Kat:3, Licht: 0,129092,3,6,6,12,10,7,1,0,1,0,1,0,0,0
"POINT (7.537052974000062 51.912872370000059)",Unfall 129179 (2019) Kat:3, Licht: 0,129179,3,1,2,12,14,6,1,0,0,1,0,0,0,0
"POINT (7.619060311000055 51.952659563000054)",Unfall 129182 (2019) Kat:3, Licht: 0,129182,3,6,2,12,11,6,1,0,0,1,0,0,0,0
"POINT (7.615131736000024 51.993220594000036)",Unfall 129184 (2019) Kat:3, Licht: 2,129184,3,7,1,12,09,6,1,2,1,1,0,0,0,0
"POINT (7.619309696000073 51.952785717000040)",Unfall 129188 (2019) Kat:3, Licht: 0,129188,3,2,3,12,12,6,1,0,1,1,0,0,0,0
"POINT (7.677924163000057 51.970978320000029)",Unfall 129234 (2019) Kat:3, Licht: 1,129234,3,6,2,12,16,2,1,1,0,1,0,0,0,1
"POINT (7.621592782000050 51.966552852000063)",Unfall 129238 (2019) Kat:3, Licht: 1,129238,3,2,5,12,16,2,1,1,0,1,0,1,0,0
"POINT (7.645559999000057 51.945117578000065)",Unfall 129239 (2019) Kat:3, Licht: 1,129239,3,6,2,12,16,2,1,1,0,1,0,0,0,0
"POINT (7.570728491000068 51.956865227000037)",Unfall 129242 (2019) Kat:3, Licht: 2,129242,3,1,2,12,07,2,1,2,0,1,0,0,0,0
"POINT (7.689347851000036 51.910163954000041)",Unfall 129392 (2019) Kat:3, Licht: 2,129392,3,2,5,12,07,4,1,2,1,1,0,0,0,0
"POINT (7.646769332000076 51.957018862000041)",Unfall 129393 (2019) Kat:3, Licht: 2,129393,3,2,4,12,19,4,1,2,0,1,0,0,0,0
"POINT (7.637941320000039 51.949942723000049)",Unfall 129394 (2019) Kat:3, Licht: 2,129394,3,4,6,12,07,4,1,2,0,1,1,0,0,0
"POINT (7.577720002000035 51.990472346000047)",Unfall 129395 (2019) Kat:3, Licht: 0,129395,3,3,0,12,12,4,1,0,1,0,0,0,0,1
"POINT (7.694949350000059 51.911060834000068)",Unfall 129396 (2019) Kat:3, Licht: 2,129396,3,2,5,12,07,4,1,2,1,1,0,0,0,0
"POINT (7.667904831000044 51.951664797000035)",Unfall 129562 (2019) Kat:3, Licht: 2,129562,3,2,3,12,06,3,1,2,1,1,0,0,0,0
"POINT (7.625783217000048 51.953410150000082)",Unfall 129564 (2019) Kat:3, Licht: 0,129564,3,5,6,12,10,3,0,0,1,0,1,0,0,0
"POINT (7.610114119000059 51.967558576000044)",Unfall 129565 (2019) Kat:3, Licht: 2,129565,3,1,0,12,07,3,1,2,1,0,0,0,0,0
"POINT (7.651821573000063 51.903462830000080)",Unfall 129567 (2019) Kat:3, Licht: 0,129567,3,2,0,12,08,3,2,0,0,0,0,1,0,0
"POINT (7.626805466000064 51.931886565000070)",Unfall 129622 (2019) Kat:3, Licht: 0,129622,3,6,2,12,09,5,1,0,0,1,0,1,0,0
"POINT (7.640270366000038 51.899814571000036)",Unfall 129623 (2019) Kat:3, Licht: 2,129623,3,7,5,12,07,5,1,2,1,1,0,0,0,0
"POINT (7.616882621000059 51.966360014000031)",Unfall 129628 (2019) Kat:3, Licht: 2,129628,3,3,5,12,17,5,0,2,1,1,0,0,0,0
"POINT (7.655874222000023 51.968257676000064)",Unfall 129861 (2019) Kat:3, Licht: 2,129861,3,2,5,12,07,3,0,2,1,1,0,0,0,0
"POINT (7.731559387000061 51.921296893000033)",Unfall 130055 (2019) Kat:3, Licht: 0,130055,3,3,5,12,13,6,1,0,1,1,0,0,0,0
"POINT (7.624899740000046 51.908097312000052)",Unfall 130057 (2019) Kat:2, Licht: 1,130057,2,7,6,12,08,6,0,1,1,0,1,0,0,0
"POINT (7.647491556000034 51.959860189000040)",Unfall 130059 (2019) Kat:3, Licht: 0,130059,3,1,0,12,12,6,1,0,1,0,0,0,0,0
"POINT (7.541451439000070 51.955211812000073)",Unfall 130062 (2019) Kat:3, Licht: 0,130062,3,1,5,12,13,2,0,0,0,1,0,0,0,0
"POINT (7.612171844000045 51.967269457000043)",Unfall 130064 (2019) Kat:3, Licht: 0,130064,3,3,5,12,14,2,0,0,1,0,0,0,0,0
"POINT (7.569157521000022 51.942342003000078)",Unfall 130248 (2019) Kat:3, Licht: 1,130248,3,2,5,12,07,5,0,1,1,1,0,0,0,0
"POINT (7.633740283000066 51.962095966000049)",Unfall 130249 (2019) Kat:2, Licht: 2,130249,2,3,5,12,18,5,0,2,1,1,0,0,0,0
"POINT (7.617685278000067 51.965259299000081)",Unfall 130278 (2019) Kat:3, Licht: 2,130278,3,2,6,12,19,1,1,2,0,1,1,0,0,0
"POINT (7.570644259000062 51.956832720000079)",Unfall 130280 (2019) Kat:3, Licht: 2,130280,3,2,5,12,18,1,1,2,0,1,0,0,0,0
"POINT (7.542151042000057 51.924775146000059)",Unfall 130492 (2019) Kat:3, Licht: 1,130492,3,3,5,12,16,4,0,1,0,1,0,0,0,0
"POINT (7.631099531000075 51.952917262000028)",Unfall 130500 (2019) Kat:3, Licht: 0,130500,3,3,5,12,09,6,0,0,1,1,0,0,0,0
"POINT (7.631823028000042 51.950002718000064)",Unfall 130501 (2019) Kat:3, Licht: 0,130501,3,3,5,12,15,6,1,0,1,1,0,0,0,0
"POINT (7.633956836000039 51.953072415000065)",Unfall 130503 (2019) Kat:3, Licht: 0,130503,3,2,5,12,11,6,0,0,1,0,0,0,0,1
"POINT (7.641453614000056 51.961737546000052)",Unfall 130505 (2019) Kat:3, Licht: 1,130505,3,2,5,12,07,6,0,1,1,1,0,0,0,0
"POINT (7.626389023000058 51.955404070000043)",Unfall 130506 (2019) Kat:3, Licht: 2,130506,3,5,0,12,18,6,1,2,1,0,0,0,0,1
"POINT (7.621303699000066 51.955227446000038)",Unfall 130508 (2019) Kat:3, Licht: 0,130508,3,2,5,12,15,6,1,0,1,1,0,0,0,0
"POINT (7.572096667000039 52.002187946000049)",Unfall 130849 (2019) Kat:3, Licht: 0,130849,3,6,2,12,14,6,0,0,0,1,0,0,0,0
"POINT (7.608163012000034 51.974026933000061)",Unfall 130854 (2019) Kat:2, Licht: 2,130854,2,2,6,12,17,3,0,2,0,1,1,0,0,0
"POINT (7.647415274000025 51.959038344000078)",Unfall 130937 (2019) Kat:3, Licht: 2,130937,3,2,5,12,18,2,0,2,0,1,0,0,0,0
"POINT (7.555109542000025 51.989604468000039)",Unfall 130941 (2019) Kat:3, Licht: 0,130941,3,1,0,12,14,4,1,0,0,1,0,0,0,0
"POINT (7.687405369000032 51.993075167000029)",Unfall 131147 (2019) Kat:3, Licht: 0,131147,3,3,5,12,11,7,0,0,1,1,0,0,0,0
"POINT (7.637031963000027 51.950855667000042)",Unfall 131148 (2019) Kat:3, Licht: 2,131148,3,7,0,12,18,7,0,2,0,1,0,0,0,0
"POINT (7.631426541000053 51.954031541000063)",Unfall 232850 (2019) Kat:3, Licht: 2,232850,3,2,6,01,17,5,0,2,0,1,1,0,0,0
"POINT (7.647921433000022 51.928699884000082)",Unfall 232886 (2019) Kat:3, Licht: 0,232886,3,6,1,01,12,4,0,0,0,1,0,0,0,0
"POINT (7.625970185000028 51.958688122000069)",Unfall 233102 (2019) Kat:3, Licht: 2,233102,3,4,6,01,08,2,1,2,0,1,1,0,0,0
"POINT (7.621060354000065 51.970068991000062)",Unfall 233136 (2019) Kat:2, Licht: 0,233136,2,3,5,01,08,2,1,0,1,1,0,0,0,0
"POINT (7.649280561000069 51.907740144000059)",Unfall 233162 (2019) Kat:3, Licht: 0,233162,3,2,4,01,10,3,1,0,1,1,0,0,0,0
"POINT (7.577665778000039 51.969979242000079)",Unfall 233186 (2019) Kat:3, Licht: 2,233186,3,1,1,01,22,2,1,2,1,1,0,0,0,0
"POINT (7.730834488000028 51.933803932000046)",Unfall 233219 (2019) Kat:3, Licht: 0,233219,3,3,5,01,11,7,1,0,0,1,0,0,0,0
"POINT (7.618317944000069 51.969348569000033)",Unfall 233227 (2019) Kat:2, Licht: 0,233227,2,3,5,01,12,7,1,0,1,1,0,0,0,0
"POINT (7.666909453000073 51.991404663000026)",Unfall 233250 (2019) Kat:3, Licht: 1,233250,3,7,0,01,17,1,1,1,0,1,0,0,0,0
"POINT (7.605967754000062 51.982858413000031)",Unfall 233253 (2019) Kat:3, Licht: 2,233253,3,1,0,01,19,2,1,2,1,0,0,0,0,0
"POINT (7.638774253000065 51.955291943000077)",Unfall 233267 (2019) Kat:3, Licht: 2,233267,3,5,0,01,18,3,1,2,1,1,0,0,0,0
"POINT (7.599115932000075 51.990751457000044)",Unfall 233272 (2019) Kat:3, Licht: 2,233272,3,4,6,01,07,4,1,2,0,0,1,0,1,0
"POINT (7.566349145000061 51.972852436000039)",Unfall 233292 (2019) Kat:3, Licht: 0,233292,3,6,4,01,11,2,0,0,1,0,0,0,0,0
"POINT (7.614836221000076 51.957827575000067)",Unfall 233330 (2019) Kat:3, Licht: 0,233330,3,6,3,01,16,2,1,0,1,0,0,0,0,0
"POINT (7.582037515000025 51.971913926000070)",Unfall 233331 (2019) Kat:3, Licht: 0,233331,3,1,8,01,14,2,1,0,0,1,0,0,0,0
"POINT (7.632836160000068 51.928515959000038)",Unfall 233419 (2019) Kat:3, Licht: 0,233419,3,3,5,01,13,7,1,0,1,1,0,0,0,0
"POINT (7.633907129000022 51.959900576000052)",Unfall 233469 (2019) Kat:2, Licht: 0,233469,2,1,0,01,10,6,1,0,1,0,0,0,0,0
"POINT (7.617717305000042 51.961870763000036)",Unfall 233544 (2019) Kat:3, Licht: 2,233544,3,2,6,01,22,5,1,2,0,1,1,0,0,0
"POINT (7.649856800000066 51.993960938000043)",Unfall 233583 (2019) Kat:3, Licht: 0,233583,3,2,5,01,08,7,1,0,1,1,0,0,0,0
"POINT (7.632753045000072 51.958537243000080)",Unfall 233613 (2019) Kat:3, Licht: 0,233613,3,7,8,01,15,6,0,0,0,1,0,0,0,0
"POINT (7.670740680000051 51.922098460000029)",Unfall 233614 (2019) Kat:2, Licht: 0,233614,2,1,0,01,14,6,2,0,1,0,0,0,0,0
"POINT (7.682245866000073 51.915945065000074)",Unfall 233615 (2019) Kat:3, Licht: 0,233615,3,1,0,01,13,6,2,0,1,0,0,0,0,0
"POINT (7.633639462000076 51.965486447000046)",Unfall 233679 (2019) Kat:2, Licht: 2,233679,2,2,5,01,07,5,0,2,1,0,0,1,0,0
"POINT (7.563148591000072 51.970466823000038)",Unfall 233680 (2019) Kat:3, Licht: 0,233680,3,7,7,01,11,5,0,0,1,0,0,0,0,0
"POINT (7.658127574000048 51.958602477000056)",Unfall 233681 (2019) Kat:3, Licht: 0,233681,3,3,5,01,12,5,1,0,0,1,0,1,0,0
"POINT (7.630909831000054 51.932215014000064)",Unfall 233787 (2019) Kat:3, Licht: 0,233787,3,6,2,01,11,3,0,0,0,1,0,0,0,0
"POINT (7.670930697000074 51.949879399000054)",Unfall 233912 (2019) Kat:3, Licht: 2,233912,3,7,4,01,05,4,2,2,1,1,0,0,0,0
"POINT (7.614555777000021 52.036227219000068)",Unfall 233996 (2019) Kat:3, Licht: 0,233996,3,7,5,01,15,2,0,0,0,1,0,0,0,1
"POINT (7.623650521000059 51.966354660000036)",Unfall 233997 (2019) Kat:3, Licht: 0,233997,3,3,5,01,10,2,1,0,0,1,0,0,0,0
"POINT (7.606688655000028 51.959527720000040)",Unfall 234064 (2019) Kat:3, Licht: 0,234064,3,2,0,01,09,4,0,0,1,1,0,0,0,0
"POINT (7.644830192000029 51.931791403000034)",Unfall 234065 (2019) Kat:3, Licht: 0,234065,3,6,1,01,08,4,0,0,0,1,0,1,0,0
"POINT (7.606875107000064 51.975915476000068)",Unfall 234120 (2019) Kat:3, Licht: 0,234120,3,1,0,01,08,3,2,0,1,0,0,0,0,0
"POINT (7.581159463000063 51.966797242000041)",Unfall 234188 (2019) Kat:3, Licht: 0,234188,3,4,6,01,08,2,1,0,1,0,1,0,0,0
"POINT (7.623639295000032 51.966365051000082)",Unfall 234265 (2019) Kat:3, Licht: 0,234265,3,3,5,01,10,7,1,0,1,1,0,0,0,0
"POINT (7.567678766000029 51.961273660000074)",Unfall 234339 (2019) Kat:3, Licht: 0,234339,3,6,2,02,11,2,0,0,0,1,0,0,0,0
"POINT (7.662624081000047 51.896393541000066)",Unfall 234411 (2019) Kat:3, Licht: 0,234411,3,1,8,02,09,7,2,0,0,1,0,0,0,0
"POINT (7.656703695000033 51.958660706000046)",Unfall 234458 (2019) Kat:2, Licht: 0,234458,2,6,6,02,13,6,1,0,1,0,1,0,0,0
"POINT (7.624592895000035 51.956913095000061)",Unfall 234524 (2019) Kat:3, Licht: 0,234524,3,4,6,01,09,5,1,0,1,0,1,0,0,0
"POINT (7.531775634000042 51.956648712000060)",Unfall 234636 (2019) Kat:3, Licht: 0,234636,3,3,0,02,12,2,1,0,1,1,0,0,0,0
"POINT (7.613298120000025 51.982921459000067)",Unfall 234703 (2019) Kat:3, Licht: 0,234703,3,3,0,02,15,5,0,0,1,1,0,0,0,0
"POINT (7.633622021000065 51.908756695000079)",Unfall 234755 (2019) Kat:3, Licht: 0,234755,3,7,6,02,08,4,0,0,0,0,1,0,0,1
"POINT (7.631755506000047 51.950774667000076)",Unfall 234803 (2019) Kat:3, Licht: 0,234803,3,2,3,02,08,3,0,0,1,1,0,0,0,0
"POINT (7.577618746000042 51.928039572000046)",Unfall 234897 (2019) Kat:3, Licht: 0,234897,3,3,5,02,16,5,0,0,1,0,0,0,0,1
"POINT (7.594159077000029 51.967435942000066)",Unfall 234898 (2019) Kat:3, Licht: 0,234898,3,7,0,02,10,5,0,0,0,0,1,0,0,1
"POINT (7.653977321000070 51.932764755000051)",Unfall 234900 (2019) Kat:3, Licht: 0,234900,3,7,1,02,08,5,0,0,1,1,0,0,0,0
"POINT (7.620505612000045 51.957596676000037)",Unfall 234901 (2019) Kat:3, Licht: 2,234901,3,2,5,02,06,5,0,2,1,0,0,0,0,0
"POINT (7.615853044000062 51.983794713000066)",Unfall 235041 (2019) Kat:2, Licht: 2,235041,2,3,5,02,20,3,0,2,0,1,0,0,0,0
"POINT (7.662781682000059 51.905620384000031)",Unfall 235042 (2019) Kat:3, Licht: 2,235042,3,3,5,02,18,3,0,2,1,1,0,0,0,0
"POINT (7.619823649000068 51.945165552000049)",Unfall 235098 (2019) Kat:3, Licht: 0,235098,3,4,1,02,07,3,0,0,1,0,1,0,0,0
"POINT (7.621349057000032 51.977639817000068)",Unfall 235099 (2019) Kat:2, Licht: 0,235099,2,7,2,02,13,3,0,0,1,0,0,0,0,0
"POINT (7.569157521000022 51.942342003000078)",Unfall 235153 (2019) Kat:3, Licht: 0,235153,3,3,5,02,16,2,0,0,1,1,0,0,0,0
"POINT (7.577858133000063 51.966544499000065)",Unfall 235154 (2019) Kat:3, Licht: 0,235154,3,3,0,02,16,2,0,0,1,1,0,0,0,0
"POINT (7.606122006000021 51.882865418000051)",Unfall 235155 (2019) Kat:3, Licht: 0,235155,3,3,5,02,14,2,0,0,1,0,0,0,0,1
"POINT (7.583272599000054 51.927450592000071)",Unfall 235156 (2019) Kat:2, Licht: 0,235156,2,3,5,02,12,2,0,0,1,1,0,0,0,0
"POINT (7.754044963000069 51.929576275000045)",Unfall 235233 (2019) Kat:3, Licht: 0,235233,3,2,5,02,17,1,0,0,1,1,0,0,0,0
"POINT (7.613462385000048 52.079277940000054)",Unfall 235234 (2019) Kat:3, Licht: 0,235234,3,6,0,02,13,1,0,0,1,0,0,0,0,0
"POINT (7.597144547000028 51.992340324000054)",Unfall 235266 (2019) Kat:3, Licht: 0,235266,3,3,5,02,16,7,0,0,1,1,0,0,0,0
"POINT (7.580216880000023 51.931318696000062)",Unfall 235327 (2019) Kat:3, Licht: 0,235327,3,7,0,02,15,6,0,0,0,1,1,0,0,0
"POINT (7.666313864000074 51.962790677000044)",Unfall 235328 (2019) Kat:3, Licht: 0,235328,3,7,9,02,16,6,1,0,1,0,0,0,0,0
"POINT (7.730277146000049 51.924542608000081)",Unfall 235329 (2019) Kat:3, Licht: 0,235329,3,6,3,02,15,6,0,0,1,1,0,0,0,0
"POINT (7.607529554000053 51.881932191000033)",Unfall 235330 (2019) Kat:3, Licht: 0,235330,3,7,1,02,13,6,0,0,0,1,1,0,0,0
"POINT (7.589113916000031 51.936014256000078)",Unfall 235331 (2019) Kat:3, Licht: 0,235331,3,7,5,02,13,6,0,0,1,1,0,0,0,0
"POINT (7.617477714000074 51.961885257000063)",Unfall 235341 (2019) Kat:3, Licht: 0,235341,3,2,6,02,14,1,0,0,0,1,1,0,0,0
"POINT (7.613756284000033 51.954367138000066)",Unfall 235384 (2019) Kat:3, Licht: 0,235384,3,5,1,02,10,7,0,0,1,1,0,0,0,0
"POINT (7.627713046000054 51.963701560000061)",Unfall 235489 (2019) Kat:3, Licht: 0,235489,3,5,5,02,13,5,1,0,1,1,0,0,0,0
"POINT (7.648061916000074 51.956510598000079)",Unfall 235490 (2019) Kat:3, Licht: 0,235490,3,3,5,02,12,5,0,0,0,1,0,1,0,0
"POINT (7.658478460000026 51.906034838000039)",Unfall 235554 (2019) Kat:3, Licht: 2,235554,3,3,5,02,19,4,0,2,1,1,0,0,0,0
"POINT (7.610316487000034 51.934161919000076)",Unfall 235555 (2019) Kat:3, Licht: 0,235555,3,7,0,02,07,4,0,0,1,0,0,0,0,1
"POINT (7.638669352000022 51.945369942000070)",Unfall 235636 (2019) Kat:3, Licht: 2,235636,3,7,8,02,18,4,0,2,0,1,1,0,0,0
"POINT (7.621646787000032 51.949688133000052)",Unfall 235637 (2019) Kat:2, Licht: 1,235637,2,3,5,02,18,4,0,1,1,0,0,1,0,0
"POINT (7.637302987000055 51.955872813000042)",Unfall 235638 (2019) Kat:3, Licht: 0,235638,3,4,6,02,07,4,0,0,1,0,1,0,0,0
"POINT (7.536328621000052 51.952817637000066)",Unfall 235639 (2019) Kat:3, Licht: 0,235639,3,1,0,02,07,4,0,0,1,1,0,0,0,0
"POINT (7.615884214000062 51.952586168000039)",Unfall 235721 (2019) Kat:3, Licht: 0,235721,3,7,6,02,14,3,0,0,0,1,1,0,0,0
"POINT (7.674507048000066 51.924464325000031)",Unfall 235722 (2019) Kat:3, Licht: 0,235722,3,3,5,02,09,3,0,0,1,1,0,0,0,0
"POINT (7.629835302000060 51.954599374000054)",Unfall 235805 (2019) Kat:3, Licht: 0,235805,3,6,3,02,11,2,0,0,0,1,0,0,0,0
"POINT (7.626195012000039 51.960180851000075)",Unfall 235883 (2019) Kat:3, Licht: 0,235883,3,7,0,03,18,4,0,0,0,0,0,0,0,1
"POINT (7.654729414000030 51.931587497000066)",Unfall 235884 (2019) Kat:3, Licht: 0,235884,3,1,3,03,16,4,0,0,1,0,0,0,0,0
"POINT (7.633655443000066 51.965490353000064)",Unfall 235969 (2019) Kat:3, Licht: 0,235969,3,6,5,03,14,2,0,0,1,0,0,0,0,0
"POINT (7.597708549000060 51.958717846000070)",Unfall 236106 (2019) Kat:3, Licht: 1,236106,3,5,1,02,07,5,0,1,1,1,0,0,0,0
"POINT (7.614274838000029 51.917003873000056)",Unfall 236160 (2019) Kat:2, Licht: 0,236160,2,1,9,03,13,5,1,0,0,1,0,0,0,0
"POINT (7.625398712000049 51.962106692000077)",Unfall 236204 (2019) Kat:3, Licht: 0,236204,3,5,1,03,11,2,1,0,0,1,0,0,0,1
"POINT (7.657225130000029 51.975536446000035)",Unfall 236205 (2019) Kat:3, Licht: 0,236205,3,7,1,03,12,2,1,0,0,1,0,0,0,0
"POINT (7.661344475000021 51.962852085000065)",Unfall 236309 (2019) Kat:3, Licht: 0,236309,3,6,4,03,07,6,1,0,1,0,0,0,0,0
"POINT (7.657288719000064 51.969090415000039)",Unfall 236415 (2019) Kat:3, Licht: 0,236415,3,7,5,03,08,7,0,0,1,1,0,0,0,0
"POINT (7.595626029000073 51.961295508000035)",Unfall 236520 (2019) Kat:3, Licht: 0,236520,3,4,6,03,14,5,1,0,1,0,1,0,0,0
"POINT (7.631553641000039 51.957428849000053)",Unfall 236570 (2019) Kat:3, Licht: 2,236570,3,6,1,03,19,4,1,2,0,1,0,0,0,0
"POINT (7.635798764000072 51.959446649000029)",Unfall 236571 (2019) Kat:3, Licht: 0,236571,3,3,5,03,14,4,1,0,1,1,0,0,0,0
"POINT (7.668452284000068 51.949559225000030)",Unfall 236661 (2019) Kat:3, Licht: 0,236661,3,7,0,03,12,5,0,0,1,0,0,0,0,0
"POINT (7.579825659000051 51.967434694000076)",Unfall 236662 (2019) Kat:3, Licht: 0,236662,3,4,6,03,11,5,0,0,0,0,1,0,0,1
"POINT (7.641888656000049 51.962771396000051)",Unfall 236798 (2019) Kat:3, Licht: 0,236798,3,5,1,03,18,3,0,0,1,1,0,0,0,0
"POINT (7.664515343000062 51.990285772000050)",Unfall 236799 (2019) Kat:3, Licht: 0,236799,3,6,2,03,15,3,0,0,0,1,0,0,0,0
"POINT (7.609561788000065 51.961444675000052)",Unfall 236862 (2019) Kat:3, Licht: 2,236862,3,6,2,03,19,2,0,2,0,1,0,0,0,0
"POINT (7.630613390000065 51.932690304000062)",Unfall 236863 (2019) Kat:3, Licht: 2,236863,3,3,5,03,05,2,1,2,1,1,0,0,0,0
"POINT (7.631727802000057 51.949621448000073)",Unfall 236952 (2019) Kat:3, Licht: 0,236952,3,5,1,03,16,2,1,0,1,1,0,0,0,0
"POINT (7.643231653000044 51.969065311000065)",Unfall 236953 (2019) Kat:3, Licht: 0,236953,3,6,4,03,16,2,1,0,1,0,0,0,0,0
"POINT (7.607697497000061 51.941350943000032)",Unfall 237088 (2019) Kat:3, Licht: 0,237088,3,7,5,03,15,6,0,0,1,1,0,0,0,0
"POINT (7.712164975000064 51.910996963000059)",Unfall 237089 (2019) Kat:2, Licht: 0,237089,2,3,5,03,07,6,0,0,1,1,0,0,0,0
"POINT (7.608109679000052 51.987695286000076)",Unfall 237169 (2019) Kat:2, Licht: 0,237169,2,1,0,03,13,7,0,0,1,0,0,0,0,0
"POINT (7.655761434000056 51.967577098000049)",Unfall 237238 (2019) Kat:3, Licht: 0,237238,3,6,3,03,08,6,0,0,1,0,0,0,0,0
"POINT (7.619903212000054 51.971922177000067)",Unfall 237239 (2019) Kat:3, Licht: 2,237239,3,7,1,03,01,6,0,2,1,1,0,0,0,0
"POINT (7.688926356000025 51.912464560000046)",Unfall 237371 (2019) Kat:3, Licht: 0,237371,3,2,4,03,15,4,0,0,1,1,0,0,0,0
"POINT (7.624724113000070 51.939457418000075)",Unfall 237396 (2019) Kat:3, Licht: 0,237396,3,6,4,04,19,5,1,0,1,1,0,0,0,0
"POINT (7.646283368000070 51.978273461000072)",Unfall 237464 (2019) Kat:2, Licht: 0,237464,2,1,0,04,17,4,0,0,1,0,0,0,0,0
"POINT (7.578607314000067 51.890117453000073)",Unfall 237587 (2019) Kat:3, Licht: 0,237587,3,2,5,04,17,2,0,0,0,1,0,1,0,0
"POINT (7.616150499000071 51.955264633000070)",Unfall 237588 (2019) Kat:3, Licht: 0,237588,3,5,1,04,14,2,0,0,1,1,0,0,0,0
"POINT (7.633730428000035 51.962015446000066)",Unfall 237589 (2019) Kat:3, Licht: 0,237589,3,3,6,04,09,2,0,0,0,1,1,0,0,0
"POINT (7.614126217000035 51.974177878000035)",Unfall 237701 (2019) Kat:3, Licht: 0,237701,3,3,1,04,19,2,0,0,1,1,0,0,0,0
"POINT (7.671893323000063 51.946764670000050)",Unfall 237702 (2019) Kat:3, Licht: 0,237702,3,5,1,04,10,2,0,0,0,1,0,0,0,0
"POINT (7.621421077000036 51.922292708000043)",Unfall 237753 (2019) Kat:3, Licht: 0,237753,3,7,0,04,17,1,0,0,1,0,1,0,0,0
"POINT (7.624954514000024 51.950859925000032)",Unfall 237855 (2019) Kat:3, Licht: 0,237855,3,3,2,04,18,6,0,0,1,1,0,0,0,0
"POINT (7.623353792000046 51.966931106000061)",Unfall 237856 (2019) Kat:3, Licht: 0,237856,3,2,3,04,16,6,0,0,1,0,0,0,0,0
"POINT (7.640775946000076 51.971232330000078)",Unfall 237953 (2019) Kat:3, Licht: 0,237953,3,6,2,04,12,6,0,0,0,1,0,0,0,0
"POINT (7.611139535000064 51.932694929000036)",Unfall 237954 (2019) Kat:2, Licht: 0,237954,2,7,1,04,12,6,0,0,0,1,0,0,0,0
"POINT (7.640982642000040 51.966995609000037)",Unfall 237955 (2019) Kat:3, Licht: 0,237955,3,2,5,04,07,6,0,0,1,1,0,0,0,0
"POINT (7.641788223000049 51.958124606000069)",Unfall 238063 (2019) Kat:3, Licht: 0,238063,3,3,5,04,20,4,0,0,0,1,0,1,0,0
"POINT (7.608270168000047 51.988447328000063)",Unfall 238064 (2019) Kat:3, Licht: 0,238064,3,3,5,04,07,4,0,0,1,1,0,0,0,0
"POINT (7.619067690000065 52.042309215000046)",Unfall 238134 (2019) Kat:3, Licht: 0,238134,3,2,5,04,07,3,0,0,1,1,0,0,0,0
"POINT (7.597634197000048 51.958512742000039)",Unfall 238160 (2019) Kat:3, Licht: 0,238160,3,3,5,04,13,7,1,0,1,0,0,0,0,0