WKT,Name,OBJECTID,UKATEGORIE,UTYP1,UART,UMONAT,USTUNDE,UWOCHENTAG,STRZUSTAND,ULICHTVERH,ISTRAD,ISTPKW,ISTFUSS,ISTKRAD,ISTGKFZ,ISTSONSTIG
"POINT (7.620494175000033 51.957587232000037)",Unfall 238210 (2019) Kat:2, Licht: 0,238210,2,3,5,04,08,4,0,0,1,0,0,0,0,0
"POINT (7.630317363000074 51.966981286000077)",Unfall 238211 (2019) Kat:3, Licht: 0,238211,3,2,5,04,06,4,0,0,1,1,0,0,0,0
"POINT (7.631261344000052 51.953899714000045)",Unfall 238212 (2019) Kat:3, Licht: 0,238212,3,1,5,04,16,4,0,0,1,0,0,0,0,0
"POINT (7.590895200000034 52.000288946000069)",Unfall 238264 (2019) Kat:2, Licht: 2,238264,2,7,1,04,04,3,0,2,0,1,0,1,0,0
"POINT (7.592346555000063 51.930293236000068)",Unfall 238323 (2019) Kat:3, Licht: 0,238323,3,6,2,04,10,2,0,0,0,1,0,0,0,0
"POINT (7.581910132000076 51.929010048000066)",Unfall 238380 (2019) Kat:3, Licht: 0,238380,3,5,2,04,13,1,0,0,0,1,0,0,0,0
"POINT (7.572651574000076 51.973496485000055)",Unfall 238694 (2019) Kat:2, Licht: 0,238694,2,4,0,04,13,5,0,0,0,0,1,0,0,1
"POINT (7.577074596000045 51.966194892000033)",Unfall 238697 (2019) Kat:3, Licht: 0,238697,3,7,5,04,18,5,0,0,1,1,0,0,0,0
"POINT (7.592411044000073 51.990396535000059)",Unfall 238722 (2019) Kat:3, Licht: 0,238722,3,3,5,04,09,3,0,0,1,1,0,0,0,0
"POINT (7.628022258000044 51.962002570000038)",Unfall 238752 (2019) Kat:3, Licht: 0,238752,3,2,3,04,18,6,0,0,1,0,0,0,0,0
"POINT (7.609227275000023 51.968008521000058)",Unfall 238807 (2019) Kat:3, Licht: 2,238807,3,6,0,04,03,5,0,2,1,1,0,0,0,0
"POINT (7.575263632000031 51.926097170000048)",Unfall 238859 (2019) Kat:2, Licht: 0,238859,2,1,7,04,15,4,0,0,1,0,0,0,0,0
"POINT (7.635826638000026 51.960482697000032)",Unfall 238860 (2019) Kat:2, Licht: 2,238860,2,3,5,04,23,4,1,2,1,1,0,0,0,0
"POINT (7.634957390000068 51.959719163000045)",Unfall 238949 (2019) Kat:3, Licht: 0,238949,3,6,3,04,14,3,0,0,1,1,0,0,0,0
"POINT (7.655711728000028 51.962363113000038)",Unfall 238969 (2019) Kat:3, Licht: 0,238969,3,7,0,05,19,4,0,0,1,0,0,0,0,0
"POINT (7.634744395000041 51.970477286000062)",Unfall 238970 (2019) Kat:3, Licht: 0,238970,3,6,4,05,15,4,0,0,1,0,0,0,0,0
"POINT (7.614100599000039 51.931318944000054)",Unfall 239017 (2019) Kat:3, Licht: 0,239017,3,5,0,04,17,3,0,0,1,1,0,0,0,0
"POINT (7.621873438000023 51.958087433000060)",Unfall 239018 (2019) Kat:3, Licht: 0,239018,3,7,4,04,18,3,0,0,1,1,0,0,0,0
"POINT (7.595661480000047 52.000712384000053)",Unfall 239019 (2019) Kat:3, Licht: 0,239019,3,6,0,04,13,3,0,0,1,1,0,0,0,0
"POINT (7.599323239000057 51.970871263000049)",Unfall 239227 (2019) Kat:3, Licht: 0,239227,3,2,3,05,12,2,0,0,1,1,0,0,0,0
"POINT (7.605123732000038 51.960589597000080)",Unfall 239228 (2019) Kat:3, Licht: 0,239228,3,3,0,05,08,2,0,0,1,1,0,0,0,0
"POINT (7.621102885000028 51.958092069000031)",Unfall 239302 (2019) Kat:3, Licht: 0,239302,3,6,3,05,12,7,0,0,1,0,0,0,0,1
"POINT (7.618754156000023 51.949750165000069)",Unfall 239303 (2019) Kat:3, Licht: 0,239303,3,6,2,05,16,7,0,0,1,1,0,0,0,0
"POINT (7.601686255000061 51.963544929000079)",Unfall 239304 (2019) Kat:2, Licht: 0,239304,2,3,5,05,08,7,0,0,1,1,0,0,0,0
"POINT (7.634989641000061 51.939041484000029)",Unfall 239425 (2019) Kat:2, Licht: 0,239425,2,2,5,05,13,5,0,0,1,0,0,0,1,0
"POINT (7.616105223000034 51.961940508000055)",Unfall 239426 (2019) Kat:3, Licht: 0,239426,3,7,0,05,16,5,0,0,1,1,0,0,0,0
"POINT (7.641465531000051 51.963813418000029)",Unfall 239427 (2019) Kat:3, Licht: 0,239427,3,2,5,05,10,5,0,0,1,0,0,0,0,0
"POINT (7.620291869000027 51.938149735000081)",Unfall 239428 (2019) Kat:3, Licht: 0,239428,3,6,2,05,09,5,0,0,0,1,0,0,1,0
"POINT (7.598623576000023 51.998586596000052)",Unfall 239476 (2019) Kat:3, Licht: 0,239476,3,3,5,05,12,6,1,0,1,0,0,0,0,0
"POINT (7.593276401000026 51.997377976000053)",Unfall 239559 (2019) Kat:3, Licht: 0,239559,3,7,1,05,15,5,0,0,0,1,1,0,0,0
"POINT (7.626275711000062 51.962028574000044)",Unfall 239561 (2019) Kat:3, Licht: 0,239561,3,7,0,05,13,5,0,0,0,0,0,0,0,1
"POINT (7.610247536000031 51.976291627000080)",Unfall 239623 (2019) Kat:3, Licht: 0,239623,3,7,6,05,13,4,0,0,0,1,1,0,0,0
"POINT (7.612466881000046 51.953929960000039)",Unfall 239694 (2019) Kat:3, Licht: 0,239694,3,7,0,05,15,3,0,0,1,1,0,0,0,0
"POINT (7.629540127000041 51.960844592000058)",Unfall 239765 (2019) Kat:3, Licht: 0,239765,3,3,5,05,07,3,0,0,1,0,0,0,0,1
"POINT (7.626552943000036 51.956530617000055)",Unfall 239766 (2019) Kat:3, Licht: 0,239766,3,3,5,05,06,3,0,0,1,0,0,0,0,0
"POINT (7.619790278000039 51.962692559000061)",Unfall 239767 (2019) Kat:3, Licht: 0,239767,3,1,6,05,08,3,0,0,0,1,1,0,0,0
"POINT (7.570407595000063 51.930985050000061)",Unfall 239768 (2019) Kat:3, Licht: 0,239768,3,3,0,05,07,3,0,0,1,0,0,0,0,0
"POINT (7.579188387000045 51.967839993000041)",Unfall 239861 (2019) Kat:3, Licht: 0,239861,3,6,3,05,16,2,0,0,1,1,0,0,0,0
"POINT (7.622387587000048 51.946017386000051)",Unfall 239971 (2019) Kat:3, Licht: 0,239971,3,3,5,05,15,7,0,0,1,1,0,0,0,0
"POINT (7.599883783000053 51.997020536000036)",Unfall 239972 (2019) Kat:2, Licht: 0,239972,2,1,0,05,12,7,0,0,0,0,0,1,0,0
"POINT (7.647948068000062 51.968048119000059)",Unfall 240034 (2019) Kat:2, Licht: 2,240034,2,1,0,05,21,6,0,2,1,0,0,0,0,0
"POINT (7.621332712000026 51.958274308000057)",Unfall 240035 (2019) Kat:3, Licht: 0,240035,3,6,2,05,13,6,0,0,1,1,0,0,0,0
"POINT (7.633639462000076 51.965486447000046)",Unfall 240109 (2019) Kat:3, Licht: 0,240109,3,2,5,05,18,5,1,0,1,1,0,0,0,0
"POINT (7.625063353000030 51.934120213000028)",Unfall 240110 (2019) Kat:3, Licht: 0,240110,3,4,6,05,15,5,0,0,1,0,1,0,0,0
"POINT (7.644969147000040 51.954524262000064)",Unfall 240111 (2019) Kat:3, Licht: 0,240111,3,2,3,05,14,5,0,0,1,1,0,0,0,0
"POINT (7.611621235000030 51.997936154000058)",Unfall 240209 (2019) Kat:3, Licht: 0,240209,3,7,5,05,07,4,0,0,1,1,0,0,0,0
"POINT (7.632893961000036 51.960649275000037)",Unfall 240210 (2019) Kat:3, Licht: 0,240210,3,3,5,05,20,4,0,0,1,1,0,0,0,0
"POINT (7.623464680000041 51.960854727000026)",Unfall 240300 (2019) Kat:3, Licht: 0,240300,3,2,6,05,14,3,0,0,0,1,1,0,0,0
"POINT (7.618387481000070 51.980191060000038)",Unfall 240379 (2019) Kat:3, Licht: 0,240379,3,1,0,05,07,2,0,0,1,0,0,0,0,0
"POINT (7.643717043000038 51.937809737000066)",Unfall 240380 (2019) Kat:2, Licht: 0,240380,2,1,0,05,05,2,0,0,1,0,0,0,0,0
"POINT (7.625384725000060 51.964097974000026)",Unfall 240381 (2019) Kat:3, Licht: 0,240381,3,6,3,05,13,2,0,0,1,1,0,0,0,0
"POINT (7.632478072000026 51.920092261000036)",Unfall 240382 (2019) Kat:3, Licht: 0,240382,3,1,6,05,08,2,0,0,1,0,1,0,0,0
"POINT (7.581772274000059 51.960894127000074)",Unfall 240452 (2019) Kat:3, Licht: 0,240452,3,7,0,05,15,1,0,0,0,0,1,0,0,1
"POINT (7.625398125000061 51.962106729000027)",Unfall 240573 (2019) Kat:3, Licht: 0,240573,3,1,4,05,09,6,0,0,1,0,0,0,0,0
"POINT (7.652992410000024 51.958787232000077)",Unfall 240574 (2019) Kat:3, Licht: 0,240574,3,2,5,05,08,6,0,0,1,1,0,0,0,0
"POINT (7.526524759000040 51.927176610000060)",Unfall 240575 (2019) Kat:3, Licht: 0,240575,3,7,4,05,17,6,0,0,1,0,0,0,0,0
"POINT (7.639201865000075 51.956980473000044)",Unfall 240682 (2019) Kat:3, Licht: 0,240682,3,5,0,05,12,5,0,0,1,1,0,0,0,0
"POINT (7.602815474000067 51.972104610000031)",Unfall 240762 (2019) Kat:3, Licht: 0,240762,3,6,4,05,14,4,0,0,1,1,0,0,0,0
"POINT (7.671486761000040 51.905521972000031)",Unfall 240763 (2019) Kat:3, Licht: 0,240763,3,3,5,05,07,4,0,0,0,1,0,0,0,0
"POINT (7.643390455000031 51.969362909000040)",Unfall 240778 (2019) Kat:3, Licht: 0,240778,3,3,5,05,08,4,0,0,1,0,0,0,0,0
"POINT (7.622832366000068 51.972350826000081)",Unfall 240779 (2019) Kat:2, Licht: 0,240779,2,2,5,05,08,4,0,0,1,1,0,0,0,0
"POINT (7.638950455000042 51.959031767000056)",Unfall 240884 (2019) Kat:3, Licht: 0,240884,3,3,5,05,17,3,0,0,1,1,0,0,0,0
"POINT (7.602621560000046 51.955317026000046)",Unfall 240885 (2019) Kat:3, Licht: 0,240885,3,4,6,05,12,3,0,0,1,0,1,0,0,0
"POINT (7.544899309000073 51.991045406000069)",Unfall 240948 (2019) Kat:3, Licht: 0,240948,3,3,5,05,10,2,0,0,1,1,0,0,0,0
"POINT (7.659346984000024 51.891495646000067)",Unfall 240995 (2019) Kat:3, Licht: 0,240995,3,7,6,05,19,4,0,0,1,0,1,0,0,0
"POINT (7.574686118000045 51.964969395000026)",Unfall 240997 (2019) Kat:3, Licht: 0,240997,3,2,2,05,13,4,0,0,1,1,0,0,0,0
"POINT (7.637447652000049 51.910447814000065)",Unfall 241049 (2019) Kat:3, Licht: 0,241049,3,3,5,06,14,1,0,0,1,1,0,0,0,1
"POINT (7.635232308000070 51.948303379000038)",Unfall 241050 (2019) Kat:2, Licht: 2,241050,2,1,0,06,00,1,0,2,1,0,0,0,0,0
"POINT (7.644571076000034 51.958649171000047)",Unfall 241051 (2019) Kat:3, Licht: 0,241051,3,5,1,06,19,1,0,0,1,1,0,0,0,0
"POINT (7.630048138000063 51.949111601000027)",Unfall 241095 (2019) Kat:3, Licht: 0,241095,3,6,4,06,13,7,0,0,1,1,0,0,0,0
"POINT (7.617801375000056 51.969224375000067)",Unfall 241096 (2019) Kat:3, Licht: 2,241096,3,5,1,06,00,7,0,2,1,1,0,0,0,0
"POINT (7.646853055000065 51.930758837000042)",Unfall 241174 (2019) Kat:3, Licht: 0,241174,3,1,0,05,14,6,0,0,0,0,0,1,0,0
"POINT (7.714232963000029 52.003097761000049)",Unfall 241300 (2019) Kat:3, Licht: 0,241300,3,5,0,06,14,4,0,0,1,1,0,0,0,0
"POINT (7.607518990000074 51.942989167000064)",Unfall 241301 (2019) Kat:3, Licht: 0,241301,3,3,5,06,12,4,0,0,1,0,0,0,0,0
"POINT (7.722861947000069 51.915912999000057)",Unfall 241470 (2019) Kat:3, Licht: 0,241470,3,3,5,06,06,2,1,0,0,1,0,0,0,1
"POINT (7.650796979000063 51.958863063000081)",Unfall 241623 (2019) Kat:3, Licht: 0,241623,3,2,5,06,09,6,0,0,1,1,0,0,0,0
"POINT (7.622837833000062 51.938349265000056)",Unfall 241624 (2019) Kat:3, Licht: 0,241624,3,3,5,06,13,6,0,0,1,0,0,0,0,0
"POINT (7.630615614000021 51.974548229000050)",Unfall 241839 (2019) Kat:3, Licht: 1,241839,3,7,2,06,20,4,0,1,0,1,0,0,0,0
"POINT (7.637333978000072 51.958008239000037)",Unfall 241840 (2019) Kat:3, Licht: 0,241840,3,7,0,06,06,4,0,0,1,1,0,0,0,0
"POINT (7.687946220000072 51.928256299000054)",Unfall 241842 (2019) Kat:3, Licht: 0,241842,3,3,5,06,17,4,0,0,1,1,0,0,0,0
"POINT (7.621161984000025 51.904283164000049)",Unfall 241843 (2019) Kat:3, Licht: 0,241843,3,3,5,06,19,4,1,0,1,0,0,0,0,0
"POINT (7.524299560000031 51.963563387000079)",Unfall 242002 (2019) Kat:2, Licht: 0,242002,2,7,0,06,14,2,0,0,1,0,0,0,0,0
"POINT (7.612154451000038 51.928752850000080)",Unfall 242092 (2019) Kat:2, Licht: 0,242092,2,3,5,06,11,7,1,0,1,0,0,0,0,0
"POINT (7.613619762000042 51.972356650000052)",Unfall 242093 (2019) Kat:3, Licht: 0,242093,3,7,1,06,07,7,0,0,1,1,0,0,0,0
"POINT (7.639872462000028 51.994684974000052)",Unfall 242094 (2019) Kat:3, Licht: 0,242094,3,7,3,06,09,7,0,0,1,1,0,0,0,0
"POINT (7.618732176000037 51.926075432000061)",Unfall 242174 (2019) Kat:3, Licht: 0,242174,3,6,6,06,16,6,0,0,0,1,1,0,0,0
"POINT (7.640208191000056 51.948838489000082)",Unfall 242175 (2019) Kat:3, Licht: 0,242175,3,7,0,06,13,6,0,0,0,0,0,0,0,1
"POINT (7.607833039000070 51.993198038000060)",Unfall 242281 (2019) Kat:3, Licht: 0,242281,3,7,1,06,21,5,1,0,1,1,0,0,0,0
"POINT (7.607375911000077 51.944222012000068)",Unfall 242283 (2019) Kat:3, Licht: 0,242283,3,1,0,06,12,5,0,0,0,1,0,0,0,0
"POINT (7.612568303000046 51.957605598000043)",Unfall 242284 (2019) Kat:3, Licht: 0,242284,3,1,0,06,12,5,0,0,1,0,0,0,0,0
"POINT (7.617441795000048 51.993065297000044)",Unfall 242323 (2019) Kat:3, Licht: 0,242323,3,2,5,06,15,3,0,0,1,1,0,0,0,0
"POINT (7.614877442000022 51.989126108000050)",Unfall 242324 (2019) Kat:3, Licht: 0,242324,3,6,4,06,14,3,0,0,0,1,0,0,0,0
"POINT (7.631182671000033 51.970078038000054)",Unfall 242437 (2019) Kat:2, Licht: 0,242437,2,5,1,06,14,2,0,0,1,1,0,0,0,0
"POINT (7.520086541000069 51.976465636000057)",Unfall 242438 (2019) Kat:2, Licht: 0,242438,2,3,5,06,16,2,0,0,0,1,0,0,0,0
"POINT (7.682077469000035 51.920725851000043)",Unfall 242439 (2019) Kat:3, Licht: 0,242439,3,7,0,06,17,2,0,0,1,1,0,0,0,0
"POINT (7.622404478000021 51.963911337000070)",Unfall 242568 (2019) Kat:3, Licht: 2,242568,3,1,0,06,02,1,0,2,1,0,0,0,0,0
"POINT (7.639215923000052 51.966633374000025)",Unfall 242569 (2019) Kat:3, Licht: 0,242569,3,6,5,06,09,1,0,0,1,0,0,0,0,0
"POINT (7.627801759000022 51.961647790000029)",Unfall 242595 (2019) Kat:3, Licht: 0,242595,3,7,0,06,18,6,0,0,0,1,1,0,0,0
"POINT (7.730561779000027 51.916039030000036)",Unfall 242752 (2019) Kat:2, Licht: 0,242752,2,1,0,06,11,4,0,0,1,0,0,0,0,0
"POINT (7.621066767000059 51.951075945000071)",Unfall 242753 (2019) Kat:3, Licht: 0,242753,3,6,2,06,14,4,0,0,0,1,0,0,0,0
"POINT (7.646768561000044 51.970338884000057)",Unfall 242754 (2019) Kat:3, Licht: 0,242754,3,7,0,06,12,4,0,0,0,0,1,0,1,0
"POINT (7.647291847000076 51.968056852000075)",Unfall 242755 (2019) Kat:3, Licht: 0,242755,3,7,0,06,14,4,0,0,1,0,0,0,0,0
"POINT (7.596382239000036 51.968778022000038)",Unfall 242756 (2019) Kat:3, Licht: 0,242756,3,3,5,06,10,4,0,0,1,1,0,0,0,0
"POINT (7.681277286000068 51.996891688000062)",Unfall 242757 (2019) Kat:3, Licht: 0,242757,3,1,0,06,09,4,0,0,1,0,0,0,0,0
"POINT (7.608574300000043 51.997547013000030)",Unfall 242885 (2019) Kat:3, Licht: 1,242885,3,6,6,06,21,3,0,1,1,0,1,0,0,0
"POINT (7.632188047000057 51.952195570000072)",Unfall 242898 (2019) Kat:3, Licht: 0,242898,3,2,4,06,13,3,0,0,1,1,0,0,0,0
"POINT (7.628082608000057 51.957745592000038)",Unfall 242904 (2019) Kat:3, Licht: 0,242904,3,1,0,06,16,2,0,0,1,0,0,0,0,0
"POINT (7.628499780000027 51.964719274000061)",Unfall 242905 (2019) Kat:3, Licht: 0,242905,3,7,5,06,10,2,0,0,1,1,0,0,0,0
"POINT (7.571749520000026 51.958171239000080)",Unfall 242906 (2019) Kat:3, Licht: 0,242906,3,7,3,06,12,2,0,0,0,1,0,0,0,0
"POINT (7.592574850000062 51.953941829000030)",Unfall 242916 (2019) Kat:3, Licht: 0,242916,3,5,0,06,11,3,0,0,1,1,0,0,0,0
"POINT (7.674379045000023 52.026020881000079)",Unfall 243009 (2019) Kat:3, Licht: 0,243009,3,3,5,06,11,1,0,0,1,1,0,0,0,0
"POINT (7.543941916000051 51.947668869000040)",Unfall 243010 (2019) Kat:3, Licht: 0,243010,3,6,4,06,12,1,0,0,1,1,0,0,0,0
"POINT (7.618773331000057 51.956200442000068)",Unfall 243074 (2019) Kat:3, Licht: 0,243074,3,4,0,06,13,7,0,0,1,0,1,0,0,0
"POINT (7.626165399000058 51.960479011000075)",Unfall 243075 (2019) Kat:3, Licht: 0,243075,3,7,1,06,14,7,0,0,0,0,1,0,0,1
"POINT (7.640703311000038 51.938355564000062)",Unfall 243180 (2019) Kat:3, Licht: 0,243180,3,1,0,06,08,5,0,0,0,0,0,1,0,0
"POINT (7.601206340000033 51.976512136000053)",Unfall 243181 (2019) Kat:3, Licht: 0,243181,3,6,2,06,19,5,0,0,0,1,0,0,0,0
"POINT (7.608507941000028 51.955884700000070)",Unfall 243419 (2019) Kat:3, Licht: 0,243419,3,6,4,06,12,1,0,0,1,1,0,0,0,0
"POINT (7.642879680000021 51.956705803000034)",Unfall 243420 (2019) Kat:3, Licht: 0,243420,3,7,0,06,20,1,0,0,0,1,0,1,0,0
"POINT (7.630645980000054 51.932672004000040)",Unfall 243467 (2019) Kat:3, Licht: 2,243467,3,3,5,06,22,7,0,2,1,1,0,0,0,0
"POINT (7.626655420000077 51.931902219000051)",Unfall 243468 (2019) Kat:3, Licht: 0,243468,3,2,5,06,11,7,0,0,1,1,0,0,0,0
"POINT (7.609891921000042 51.952795046000062)",Unfall 243561 (2019) Kat:3, Licht: 2,243561,3,6,3,06,23,6,0,2,1,1,0,0,0,0
"POINT (7.640665332000026 51.972086077000029)",Unfall 243562 (2019) Kat:3, Licht: 0,243562,3,4,6,06,07,6,0,0,1,0,1,0,0,0
"POINT (7.659796020000044 51.967544491000069)",Unfall 243563 (2019) Kat:3, Licht: 0,243563,3,2,5,06,13,6,0,0,1,0,0,0,0,1
"POINT (7.615948670000023 51.967928740000048)",Unfall 243565 (2019) Kat:3, Licht: 0,243565,3,2,5,06,11,6,0,0,1,1,0,0,0,0
"POINT (7.635234333000028 51.948309454000082)",Unfall 243566 (2019) Kat:3, Licht: 0,243566,3,1,0,06,16,6,0,0,1,0,0,0,0,0
"POINT (7.628830864000065 51.963281362000032)",Unfall 243568 (2019) Kat:3, Licht: 0,243568,3,5,0,06,16,6,0,0,1,1,0,0,0,0
"POINT (7.610502169000029 51.960774072000049)",Unfall 243610 (2019) Kat:3, Licht: 0,243610,3,3,0,07,07,4,0,0,1,1,0,0,0,0
"POINT (7.635485599000049 51.979978917000039)",Unfall 243611 (2019) Kat:3, Licht: 0,243611,3,3,5,07,16,4,0,0,1,1,0,0,0,0
"POINT (7.633639462000076 51.965486447000046)",Unfall 243612 (2019) Kat:3, Licht: 0,243612,3,6,4,07,13,4,0,0,1,0,0,0,0,0
"POINT (7.610410164000030 51.947520827000062)",Unfall 243716 (2019) Kat:3, Licht: 0,243716,3,7,0,07,08,3,0,0,1,1,0,0,0,0
"POINT (7.570174073000032 51.975274237000065)",Unfall 243717 (2019) Kat:3, Licht: 0,243717,3,3,5,07,16,3,0,0,1,1,0,0,0,0
"POINT (7.611338696000075 51.957090970000081)",Unfall 243820 (2019) Kat:3, Licht: 0,243820,3,2,4,07,16,2,0,0,1,1,0,0,0,0
"POINT (7.631157541000050 51.956085689000076)",Unfall 243821 (2019) Kat:2, Licht: 0,243821,2,3,5,07,11,2,0,0,1,0,0,0,0,1
"POINT (7.629838873000040 51.949364904000049)",Unfall 243822 (2019) Kat:3, Licht: 0,243822,3,1,6,07,18,2,0,0,1,1,1,0,0,0
"POINT (7.577628965000031 51.970139007000057)",Unfall 243920 (2019) Kat:3, Licht: 1,243920,3,5,1,07,22,6,0,1,0,1,0,0,0,1
"POINT (7.618946071000039 51.944664311000054)",Unfall 243921 (2019) Kat:3, Licht: 1,243921,3,1,0,07,21,6,0,1,1,0,0,0,0,0
"POINT (7.636196762000054 51.913358630000062)",Unfall 243922 (2019) Kat:3, Licht: 0,243922,3,6,2,07,14,6,0,0,0,1,0,0,0,0
"POINT (7.634160236000071 51.959669565000070)",Unfall 243923 (2019) Kat:2, Licht: 0,243923,2,6,3,07,12,6,0,0,1,0,0,0,0,0
"POINT (7.644018279000022 51.962150870000073)",Unfall 244017 (2019) Kat:3, Licht: 2,244017,3,7,0,07,23,5,0,2,1,0,0,0,0,0
"POINT (7.637665566000067 51.909801386000026)",Unfall 244018 (2019) Kat:3, Licht: 0,244018,3,2,3,07,19,5,0,0,1,1,0,0,0,0
"POINT (7.640981442000054 51.961701042000072)",Unfall 244019 (2019) Kat:3, Licht: 0,244019,3,3,5,07,17,5,0,0,1,1,0,0,0,0
"POINT (7.596529570000030 51.969844094000052)",Unfall 244020 (2019) Kat:3, Licht: 0,244020,3,6,1,07,13,5,0,0,0,1,0,0,0,0
"POINT (7.587276601000042 51.959773665000057)",Unfall 244053 (2019) Kat:3, Licht: 0,244053,3,7,0,07,10,7,0,0,0,1,0,0,0,1
"POINT (7.630009280000024 51.967876934000060)",Unfall 244082 (2019) Kat:3, Licht: 0,244082,3,7,0,07,17,7,1,0,1,0,0,0,0,0
"POINT (7.597104873000035 51.992344847000027)",Unfall 244086 (2019) Kat:3, Licht: 0,244086,3,3,5,07,09,7,0,0,1,1,0,0,0,0
"POINT (7.611804042000074 51.930944918000080)",Unfall 244152 (2019) Kat:3, Licht: 0,244152,3,3,5,07,09,3,0,0,1,1,0,0,0,0
"POINT (7.638544506000073 51.975430656000071)",Unfall 244322 (2019) Kat:3, Licht: 1,244322,3,7,6,07,20,1,0,1,1,0,1,0,0,0
"POINT (7.633570847000044 51.960202017000029)",Unfall 244323 (2019) Kat:3, Licht: 0,244323,3,7,0,07,14,1,1,0,1,0,0,0,0,0
"POINT (7.646935991000021 51.937483722000081)",Unfall 244324 (2019) Kat:3, Licht: 0,244324,3,7,6,07,15,1,0,0,0,1,1,0,0,0
"POINT (7.641003987000033 51.961401027000079)",Unfall 244375 (2019) Kat:2, Licht: 0,244375,2,3,5,07,11,7,0,0,1,0,0,0,0,0
"POINT (7.626132362000021 51.959628899000052)",Unfall 244429 (2019) Kat:3, Licht: 0,244429,3,3,0,07,16,6,1,0,1,1,0,0,0,0
"POINT (7.616235983000024 51.944015878000073)",Unfall 244430 (2019) Kat:3, Licht: 0,244430,3,3,5,07,10,6,1,0,1,1,0,0,0,0
"POINT (7.598791763000065 51.997519780000061)",Unfall 244432 (2019) Kat:3, Licht: 1,244432,3,3,5,07,06,6,0,1,1,1,0,0,0,0
"POINT (7.616816763000031 51.955623778000074)",Unfall 244494 (2019) Kat:3, Licht: 0,244494,3,1,0,07,09,1,1,0,1,0,0,0,0,0
"POINT (7.622161846000040 51.946926264000069)",Unfall 244512 (2019) Kat:3, Licht: 0,244512,3,3,0,07,08,5,1,0,1,1,0,0,0,0
"POINT (7.637919985000053 51.958619874000078)",Unfall 244587 (2019) Kat:3, Licht: 0,244587,3,4,0,07,11,4,0,0,0,0,1,1,0,0
"POINT (7.620934027000033 51.921194396000033)",Unfall 244588 (2019) Kat:3, Licht: 0,244588,3,3,5,07,11,4,0,0,1,1,0,0,0,0
"POINT (7.662795555000059 51.905606311000042)",Unfall 244629 (2019) Kat:3, Licht: 0,244629,3,3,5,07,17,5,0,0,1,1,0,0,0,0
"POINT (7.633268965000070 51.952506143000051)",Unfall 244630 (2019) Kat:3, Licht: 0,244630,3,7,1,07,13,5,0,0,1,1,0,0,0,0
"POINT (7.682516922000048 51.968601180000064)",Unfall 244631 (2019) Kat:3, Licht: 0,244631,3,2,4,07,10,5,0,0,1,1,0,0,0,0
"POINT (7.646868139000048 51.946090198000036)",Unfall 244715 (2019) Kat:2, Licht: 0,244715,2,2,5,07,13,4,0,0,1,1,0,0,0,0
"POINT (7.642523665000056 51.937087933000043)",Unfall 244834 (2019) Kat:3, Licht: 0,244834,3,3,5,07,18,2,0,0,1,1,0,0,0,0
"POINT (7.539552414000070 51.937447736000081)",Unfall 244835 (2019) Kat:3, Licht: 0,244835,3,3,5,07,14,2,0,0,1,1,0,0,0,0
"POINT (7.599717398000053 51.928616492000060)",Unfall 244836 (2019) Kat:3, Licht: 0,244836,3,5,0,07,12,2,0,0,1,1,0,0,0,0
"POINT (7.636302982000075 51.936260577000041)",Unfall 244913 (2019) Kat:3, Licht: 0,244913,3,1,8,07,16,2,0,0,0,0,0,1,0,0
"POINT (7.653873059000034 51.889114466000080)",Unfall 245040 (2019) Kat:3, Licht: 0,245040,3,3,5,07,15,7,1,0,0,1,0,0,0,0
"POINT (7.629938482000057 51.967472005000047)",Unfall 245041 (2019) Kat:3, Licht: 0,245041,3,3,0,07,13,7,1,0,1,1,0,0,0,0
"POINT (7.625376072000051 51.910227486000053)",Unfall 245159 (2019) Kat:3, Licht: 0,245159,3,3,5,07,15,6,0,0,1,1,0,0,0,0
"POINT (7.613893610000048 51.958168669000031)",Unfall 245160 (2019) Kat:3, Licht: 0,245160,3,3,5,07,10,6,0,0,1,1,0,0,0,0
"POINT (7.567693889000054 51.961277776000031)",Unfall 245231 (2019) Kat:3, Licht: 0,245231,3,1,0,07,19,5,0,0,0,0,0,1,0,0
"POINT (7.622479228000032 51.945947756000066)",Unfall 245232 (2019) Kat:2, Licht: 0,245232,2,4,6,07,17,5,0,0,0,1,1,0,0,0
"POINT (7.648890859000062 51.952251135000040)",Unfall 245318 (2019) Kat:3, Licht: 0,245318,3,7,0,07,17,4,0,0,1,0,0,0,0,0
"POINT (7.621344318000070 51.956260368000073)",Unfall 245319 (2019) Kat:3, Licht: 0,245319,3,3,5,07,15,4,0,0,1,0,0,0,0,0
"POINT (7.655838904000063 51.993218099000046)",Unfall 245432 (2019) Kat:2, Licht: 0,245432,2,3,5,07,19,4,1,0,1,1,0,0,0,0