WKT,Name,OBJECTID,UKATEGORIE,UTYP1,UART,UMONAT,USTUNDE,UWOCHENTAG,STRZUSTAND,ULICHTVERH,ISTRAD,ISTPKW,ISTFUSS,ISTKRAD,ISTGKFZ,ISTSONSTIG
"POINT (7.639129649000040 51.959103069000037)",Unfall 245439 (2019) Kat:2, Licht: 0,245439,2,7,5,07,16,4,0,0,1,1,0,0,0,1
"POINT (7.608401614000059 51.988912523000067)",Unfall 245440 (2019) Kat:3, Licht: 0,245440,3,4,6,07,13,4,0,0,0,1,1,0,0,0
"POINT (7.646627572000057 51.964873688000068)",Unfall 245504 (2019) Kat:3, Licht: 0,245504,3,3,5,07,15,3,0,0,1,1,0,0,0,0
"POINT (7.634203223000043 51.956044816000031)",Unfall 245505 (2019) Kat:3, Licht: 2,245505,3,6,0,07,23,3,0,2,1,0,1,0,0,0
"POINT (7.613899444000026 51.958163453000054)",Unfall 245506 (2019) Kat:3, Licht: 0,245506,3,7,0,07,14,3,0,0,1,0,0,0,0,0
"POINT (7.621129864000068 51.958115134000082)",Unfall 245507 (2019) Kat:3, Licht: 0,245507,3,1,0,07,14,3,0,0,1,1,0,0,0,0
"POINT (7.689874441000029 51.912190445000078)",Unfall 245558 (2019) Kat:3, Licht: 0,245558,3,7,0,07,08,2,0,0,0,1,1,0,0,0
"POINT (7.619732326000076 51.957333468000058)",Unfall 245559 (2019) Kat:3, Licht: 0,245559,3,6,1,07,16,2,0,0,1,1,0,0,0,0
"POINT (7.630020753000053 51.967906717000062)",Unfall 245560 (2019) Kat:3, Licht: 0,245560,3,1,0,07,20,2,0,0,1,0,0,0,0,0
"POINT (7.586881736000066 51.949370998000063)",Unfall 245561 (2019) Kat:3, Licht: 0,245561,3,2,5,07,16,2,0,0,1,1,0,0,0,0
"POINT (7.617780667000034 51.906646595000041)",Unfall 245672 (2019) Kat:2, Licht: 0,245672,2,1,8,07,20,7,0,0,0,1,0,0,0,0
"POINT (7.635793548000038 51.960376007000036)",Unfall 245673 (2019) Kat:3, Licht: 0,245673,3,5,3,07,12,7,0,0,0,1,0,1,0,0
"POINT (7.615660989000048 51.980939296000031)",Unfall 245734 (2019) Kat:3, Licht: 2,245734,3,1,3,08,22,7,0,2,1,0,0,0,0,0
"POINT (7.659565838000049 51.905887440000072)",Unfall 245735 (2019) Kat:3, Licht: 0,245735,3,6,3,08,17,7,0,0,1,0,0,0,0,0
"POINT (7.610937025000055 51.971995337000067)",Unfall 245736 (2019) Kat:3, Licht: 0,245736,3,1,2,08,19,7,0,0,1,0,0,0,0,0
"POINT (7.621439722000048 51.924463333000062)",Unfall 245794 (2019) Kat:3, Licht: 0,245794,3,5,7,08,15,6,0,0,1,1,0,0,0,0
"POINT (7.626552721000053 51.956527603000040)",Unfall 245866 (2019) Kat:3, Licht: 0,245866,3,4,6,08,16,5,0,0,1,0,1,0,0,0
"POINT (7.652809692000062 51.967929410000067)",Unfall 245867 (2019) Kat:3, Licht: 0,245867,3,3,5,08,07,5,0,0,1,1,0,0,0,0
"POINT (7.640199300000063 51.979953802000068)",Unfall 245957 (2019) Kat:3, Licht: 0,245957,3,6,4,08,19,5,0,0,1,0,0,0,0,0
"POINT (7.541520679000030 51.949205910000046)",Unfall 246032 (2019) Kat:3, Licht: 0,246032,3,1,2,08,09,4,0,0,0,1,0,0,0,0
"POINT (7.637245126000039 51.958895724000058)",Unfall 246090 (2019) Kat:3, Licht: 0,246090,3,6,3,08,16,3,0,0,1,0,0,0,0,0
"POINT (7.579855791000057 51.921021855000049)",Unfall 246091 (2019) Kat:3, Licht: 1,246091,3,7,0,08,21,3,0,1,0,1,0,0,0,0
"POINT (7.651101997000069 51.990988615000049)",Unfall 246092 (2019) Kat:3, Licht: 0,246092,3,1,1,08,18,3,0,0,1,1,0,0,0,0
"POINT (7.633138858000052 51.984468322000055)",Unfall 246093 (2019) Kat:3, Licht: 0,246093,3,3,5,08,17,3,0,0,0,1,0,1,0,0
"POINT (7.639925018000042 51.967836732000080)",Unfall 246094 (2019) Kat:3, Licht: 0,246094,3,2,3,08,08,3,1,0,1,0,0,0,0,0
"POINT (7.620930994000048 51.972125799000082)",Unfall 246187 (2019) Kat:3, Licht: 0,246187,3,6,1,08,13,3,0,0,1,0,0,0,1,0
"POINT (7.601553710000076 51.965208784000026)",Unfall 246188 (2019) Kat:3, Licht: 0,246188,3,3,5,08,15,3,1,0,0,1,0,0,1,0
"POINT (7.646919612000033 51.943990745000065)",Unfall 246301 (2019) Kat:3, Licht: 0,246301,3,7,9,08,06,1,0,0,0,1,0,0,0,0
"POINT (7.646975397000063 51.937457294000069)",Unfall 246343 (2019) Kat:3, Licht: 0,246343,3,7,0,08,19,7,0,0,1,0,0,0,0,0
"POINT (7.575767954000071 51.919288075000054)",Unfall 246403 (2019) Kat:3, Licht: 0,246403,3,1,1,08,19,6,0,0,1,1,0,0,0,0
"POINT (7.637260036000043 51.910786790000031)",Unfall 246404 (2019) Kat:3, Licht: 0,246404,3,5,5,08,16,6,0,0,1,1,0,0,0,0
"POINT (7.592870358000027 51.934793855000066)",Unfall 246405 (2019) Kat:3, Licht: 0,246405,3,3,5,08,14,6,0,0,0,1,0,0,0,1
"POINT (7.633580199000051 51.960193760000038)",Unfall 246406 (2019) Kat:2, Licht: 0,246406,2,3,5,08,20,6,1,0,1,0,0,0,0,0
"POINT (7.623835764000035 51.961642133000055)",Unfall 246463 (2019) Kat:3, Licht: 2,246463,3,4,6,08,00,7,1,2,0,1,1,0,0,0
"POINT (7.552517540000054 51.948626089000072)",Unfall 246570 (2019) Kat:2, Licht: 0,246570,2,1,8,08,11,5,0,0,1,0,0,0,0,0
"POINT (7.599632932000077 51.941582754000081)",Unfall 246642 (2019) Kat:3, Licht: 0,246642,3,3,5,08,10,4,0,0,1,0,0,0,0,0
"POINT (7.594804696000040 52.000740583000038)",Unfall 246715 (2019) Kat:3, Licht: 0,246715,3,4,6,08,15,5,0,0,1,0,1,0,0,0
"POINT (7.630584773000066 51.957875631000036)",Unfall 246874 (2019) Kat:3, Licht: 0,246874,3,2,2,08,17,3,0,0,1,0,0,0,0,0
"POINT (7.595006373000047 51.975159740000038)",Unfall 246875 (2019) Kat:3, Licht: 0,246875,3,1,0,08,16,3,0,0,1,0,0,0,0,0
"POINT (7.521845430000042 51.924073718000045)",Unfall 246876 (2019) Kat:2, Licht: 0,246876,2,4,6,08,17,3,1,0,1,0,1,0,0,0
"POINT (7.630583166000065 51.932683847000078)",Unfall 246929 (2019) Kat:3, Licht: 0,246929,3,6,1,08,14,2,0,0,0,1,0,0,0,0
"POINT (7.562567161000061 51.969730846000061)",Unfall 246961 (2019) Kat:3, Licht: 0,246961,3,6,2,08,16,2,0,0,0,1,0,0,0,0
"POINT (7.633570847000044 51.960202017000029)",Unfall 246962 (2019) Kat:3, Licht: 0,246962,3,2,3,08,15,2,0,0,1,0,0,0,0,0
"POINT (7.562067919000072 51.968767913000079)",Unfall 246963 (2019) Kat:3, Licht: 2,246963,3,7,9,08,22,2,0,2,1,0,1,0,0,0
"POINT (7.620515011000066 51.957604437000043)",Unfall 247182 (2019) Kat:3, Licht: 1,247182,3,7,5,08,20,6,0,1,1,1,0,0,0,0
"POINT (7.619935355000052 51.954716203000032)",Unfall 247183 (2019) Kat:3, Licht: 0,247183,3,2,5,08,09,6,0,0,1,1,0,0,0,0
"POINT (7.677912910000032 51.919083473000057)",Unfall 247225 (2019) Kat:3, Licht: 0,247225,3,2,5,08,07,2,0,0,1,1,0,0,0,0
"POINT (7.566861198000026 51.972187957000074)",Unfall 247362 (2019) Kat:3, Licht: 0,247362,3,6,3,08,16,4,0,0,1,0,0,0,0,1
"POINT (7.626133271000072 51.946365192000030)",Unfall 247364 (2019) Kat:3, Licht: 2,247364,3,7,5,08,00,4,1,2,1,1,0,0,0,0
"POINT (7.648618884000030 51.965371517000051)",Unfall 247365 (2019) Kat:3, Licht: 0,247365,3,5,1,08,16,4,0,0,1,1,0,0,0,0
"POINT (7.620494175000033 51.957587232000037)",Unfall 247441 (2019) Kat:3, Licht: 0,247441,3,2,5,08,12,3,0,0,1,1,0,0,0,0
"POINT (7.631126003000077 51.951878221000072)",Unfall 247442 (2019) Kat:2, Licht: 0,247442,2,7,9,08,16,3,0,0,0,0,0,1,0,0
"POINT (7.640829554000050 51.957294847000071)",Unfall 247633 (2019) Kat:3, Licht: 0,247633,3,4,6,08,18,7,0,0,1,1,1,0,0,0
"POINT (7.608014853000043 51.948380154000063)",Unfall 247634 (2019) Kat:3, Licht: 1,247634,3,2,4,08,05,7,0,1,1,0,0,0,0,0
"POINT (7.636684587000048 51.962592958000073)",Unfall 247725 (2019) Kat:3, Licht: 0,247725,3,6,5,09,10,2,0,0,1,0,0,0,0,0
"POINT (7.645720764000032 51.945179621000079)",Unfall 247734 (2019) Kat:3, Licht: 0,247734,3,4,6,09,18,2,0,0,0,1,1,0,0,0
"POINT (7.613457616000062 51.980400479000082)",Unfall 247738 (2019) Kat:3, Licht: 0,247738,3,3,5,09,15,2,0,0,1,1,0,0,0,0
"POINT (7.616183694000029 51.965313889000072)",Unfall 247803 (2019) Kat:2, Licht: 0,247803,2,2,3,09,07,5,0,0,1,0,0,0,0,0
"POINT (7.615543720000062 51.986507529000050)",Unfall 247804 (2019) Kat:3, Licht: 0,247804,3,7,0,09,09,5,0,0,0,1,0,1,0,0
"POINT (7.597717051000075 51.998481229000049)",Unfall 247874 (2019) Kat:2, Licht: 0,247874,2,3,5,09,09,4,0,0,1,1,0,0,0,0
"POINT (7.693393618000073 51.913225972000077)",Unfall 248082 (2019) Kat:2, Licht: 0,248082,2,4,6,09,12,2,0,0,0,1,1,0,0,0
"POINT (7.639559362000057 51.950756347000038)",Unfall 248168 (2019) Kat:3, Licht: 2,248168,3,7,6,09,22,7,0,2,0,1,1,0,0,0
"POINT (7.627486117000046 51.963790341000049)",Unfall 248169 (2019) Kat:3, Licht: 2,248169,3,1,0,09,00,7,0,2,1,0,0,0,0,0
"POINT (7.631195855000044 51.962596262000034)",Unfall 248248 (2019) Kat:3, Licht: 0,248248,3,5,0,09,14,6,0,0,1,0,0,0,1,0
"POINT (7.575589207000064 51.968266172000028)",Unfall 248249 (2019) Kat:2, Licht: 0,248249,2,6,3,09,10,6,0,0,1,1,0,0,0,0
"POINT (7.609104132000027 51.973375268000041)",Unfall 248325 (2019) Kat:3, Licht: 0,248325,3,4,6,09,15,5,0,0,0,1,1,0,0,0
"POINT (7.624821461000067 51.972973540000055)",Unfall 248326 (2019) Kat:3, Licht: 0,248326,3,7,2,09,13,5,0,0,0,1,0,1,0,0
"POINT (7.624153917000058 51.960600379000027)",Unfall 248327 (2019) Kat:3, Licht: 0,248327,3,4,6,09,15,5,0,0,1,0,1,0,0,0
"POINT (7.656462579000049 51.941474487000050)",Unfall 248423 (2019) Kat:3, Licht: 1,248423,3,5,0,09,19,4,1,1,1,0,0,0,0,1
"POINT (7.639762505000022 51.906182210000054)",Unfall 248424 (2019) Kat:3, Licht: 0,248424,3,3,5,09,15,4,0,0,0,1,0,0,0,0
"POINT (7.626531646000046 51.956211204000056)",Unfall 248425 (2019) Kat:3, Licht: 0,248425,3,2,2,09,15,4,0,0,1,0,0,0,0,1
"POINT (7.634606799000039 51.983816813000033)",Unfall 248426 (2019) Kat:3, Licht: 0,248426,3,7,0,09,16,4,1,0,0,1,0,1,0,0
"POINT (7.616267992000076 51.932295590000081)",Unfall 248482 (2019) Kat:3, Licht: 0,248482,3,6,2,09,12,6,0,0,1,1,0,0,0,0
"POINT (7.647291565000046 51.968055669000080)",Unfall 248510 (2019) Kat:3, Licht: 0,248510,3,2,5,09,15,3,0,0,1,1,0,0,0,0
"POINT (7.635338714000056 51.962013861000059)",Unfall 248527 (2019) Kat:3, Licht: 0,248527,3,6,1,09,14,3,1,0,0,1,0,1,0,0
"POINT (7.638144760000046 51.951589837000029)",Unfall 248528 (2019) Kat:3, Licht: 0,248528,3,3,5,09,07,3,0,0,1,1,0,0,0,0
"POINT (7.698524662000068 51.989740532000042)",Unfall 248529 (2019) Kat:3, Licht: 0,248529,3,7,8,09,13,3,1,0,1,0,0,0,0,0
"POINT (7.629817924000065 51.983607208000080)",Unfall 248530 (2019) Kat:3, Licht: 0,248530,3,7,4,09,15,3,0,0,1,0,0,0,0,0
"POINT (7.613375972000029 51.926141470000061)",Unfall 248582 (2019) Kat:3, Licht: 0,248582,3,3,5,09,11,2,1,0,0,1,0,0,0,0
"POINT (7.698942935000048 51.966592820000074)",Unfall 248658 (2019) Kat:3, Licht: 0,248658,3,1,6,09,12,1,0,0,0,1,1,0,0,0
"POINT (7.627888794000057 51.907503446000078)",Unfall 248780 (2019) Kat:3, Licht: 0,248780,3,3,5,09,17,6,0,0,0,1,0,0,0,0
"POINT (7.563224146000039 51.970525709000071)",Unfall 248781 (2019) Kat:3, Licht: 0,248781,3,3,0,09,15,6,0,0,1,1,0,0,0,0
"POINT (7.621132913000054 51.958117741000081)",Unfall 248782 (2019) Kat:3, Licht: 0,248782,3,6,3,09,07,6,0,0,1,0,0,0,0,1
"POINT (7.626531256000021 51.956205258000068)",Unfall 248884 (2019) Kat:3, Licht: 0,248884,3,6,2,09,19,5,0,0,1,1,0,0,0,0
"POINT (7.610227566000049 51.976291003000028)",Unfall 249042 (2019) Kat:3, Licht: 0,249042,3,7,5,09,12,3,0,0,1,1,0,0,0,0
"POINT (7.635004238000022 51.959703595000065)",Unfall 249093 (2019) Kat:3, Licht: 0,249093,3,2,0,09,16,2,0,0,1,0,0,0,0,0
"POINT (7.630720826000072 51.957806173000051)",Unfall 249094 (2019) Kat:3, Licht: 0,249094,3,7,0,09,17,2,0,0,0,0,1,0,0,1
"POINT (7.709907920000035 51.987248808000061)",Unfall 249174 (2019) Kat:3, Licht: 0,249174,3,3,5,09,13,1,0,0,0,1,0,0,0,0
"POINT (7.588107719000050 51.970422043000042)",Unfall 249233 (2019) Kat:3, Licht: 1,249233,3,3,5,09,19,7,0,1,1,1,0,0,0,0
"POINT (7.535640363000027 51.954483775000028)",Unfall 249234 (2019) Kat:3, Licht: 0,249234,3,6,2,09,15,7,0,0,0,1,0,0,0,0
"POINT (7.647731149000038 51.968660643000078)",Unfall 249389 (2019) Kat:3, Licht: 0,249389,3,7,0,09,19,5,0,0,1,1,0,0,0,0
"POINT (7.647517830000027 51.968436369000074)",Unfall 249390 (2019) Kat:2, Licht: 1,249390,2,7,0,09,07,5,1,1,1,0,0,0,0,0
"POINT (7.533656545000042 51.950049417000059)",Unfall 249481 (2019) Kat:3, Licht: 1,249481,3,1,0,09,18,6,0,1,1,0,0,0,0,0
"POINT (7.617867915000034 51.967810352000072)",Unfall 249484 (2019) Kat:3, Licht: 0,249484,3,3,5,09,15,4,0,0,1,1,0,0,0,0
"POINT (7.673524685000075 51.946947858000044)",Unfall 249485 (2019) Kat:3, Licht: 0,249485,3,3,0,09,08,6,0,0,1,1,0,0,0,0
"POINT (7.635697607000054 51.914398527000060)",Unfall 249486 (2019) Kat:3, Licht: 0,249486,3,3,4,09,07,4,1,0,0,1,0,1,0,0
"POINT (7.618936565000070 51.965764364000052)",Unfall 249494 (2019) Kat:3, Licht: 0,249494,3,5,0,09,16,6,0,0,1,1,0,0,0,0
"POINT (7.654701565000039 51.963736218000065)",Unfall 249617 (2019) Kat:3, Licht: 0,249617,3,4,6,10,07,3,1,0,0,1,1,0,0,0
"POINT (7.562089961000027 51.968936287000076)",Unfall 249618 (2019) Kat:3, Licht: 0,249618,3,3,5,10,17,3,1,0,1,1,0,0,0,0
"POINT (7.606156839000050 51.968395158000078)",Unfall 249705 (2019) Kat:3, Licht: 0,249705,3,7,2,09,16,2,1,0,1,0,0,0,0,0
"POINT (7.618819599000062 51.961744065000062)",Unfall 249801 (2019) Kat:2, Licht: 0,249801,2,2,5,09,15,7,0,0,1,1,0,0,0,0
"POINT (7.633315433000064 51.960341871000026)",Unfall 249876 (2019) Kat:3, Licht: 2,249876,3,1,0,10,01,1,0,2,1,0,0,0,0,0
"POINT (7.665977880000071 51.989992247000032)",Unfall 249909 (2019) Kat:3, Licht: 0,249909,3,1,1,10,06,7,0,0,0,1,0,0,0,0
"POINT (7.601032351000072 51.931712104000042)",Unfall 249910 (2019) Kat:3, Licht: 0,249910,3,7,1,10,16,7,0,0,1,1,0,0,0,0
"POINT (7.637293600000021 51.955471396000064)",Unfall 249911 (2019) Kat:3, Licht: 2,249911,3,6,6,10,00,7,1,2,1,0,1,0,0,0
"POINT (7.627597868000066 51.938742261000073)",Unfall 249915 (2019) Kat:3, Licht: 0,249915,3,3,5,10,11,2,0,0,1,0,0,0,0,0
"POINT (7.608911677000037 51.883386502000064)",Unfall 250043 (2019) Kat:3, Licht: 2,250043,3,7,1,10,21,5,0,2,1,1,0,0,0,0
"POINT (7.627519772000028 51.961234856000033)",Unfall 250083 (2019) Kat:3, Licht: 0,250083,3,2,5,10,15,4,1,0,1,0,0,0,0,0
"POINT (7.648861768000074 51.964297457000043)",Unfall 250155 (2019) Kat:3, Licht: 0,250155,3,2,5,10,15,5,0,0,1,1,0,0,0,0
"POINT (7.549563398000032 51.991121614000065)",Unfall 250215 (2019) Kat:3, Licht: 0,250215,3,3,5,10,08,4,0,0,0,1,0,1,0,0
"POINT (7.708411588000047 51.992215022000039)",Unfall 250283 (2019) Kat:3, Licht: 1,250283,3,3,5,10,07,3,1,1,1,1,0,0,0,0
"POINT (7.613388678000035 51.931192129000067)",Unfall 250284 (2019) Kat:3, Licht: 0,250284,3,7,1,10,12,3,1,0,0,1,0,0,0,0
"POINT (7.580973984000025 51.966908643000068)",Unfall 250285 (2019) Kat:3, Licht: 2,250285,3,6,2,10,19,3,0,2,0,1,0,0,0,1
"POINT (7.671197339000059 51.943940648000080)",Unfall 250369 (2019) Kat:2, Licht: 0,250369,2,3,5,10,09,3,0,0,1,1,0,0,0,0
"POINT (7.642513271000041 51.937095391000071)",Unfall 250371 (2019) Kat:3, Licht: 0,250371,3,3,5,10,16,3,0,0,1,1,0,0,0,0
"POINT (7.600229420000062 51.996352121000029)",Unfall 250372 (2019) Kat:3, Licht: 0,250372,3,2,5,10,17,3,1,0,1,1,0,0,0,0
"POINT (7.648837355000069 51.928710950000038)",Unfall 250441 (2019) Kat:2, Licht: 2,250441,2,6,2,10,20,2,0,2,0,1,0,1,0,0
"POINT (7.571565591000024 51.977550624000060)",Unfall 250442 (2019) Kat:3, Licht: 0,250442,3,3,5,10,16,2,0,0,1,1,0,0,0,0
"POINT (7.623302869000042 51.973549120000030)",Unfall 250538 (2019) Kat:3, Licht: 0,250538,3,2,3,10,14,7,0,0,1,0,0,0,0,1
"POINT (7.629162705000056 51.963465972000051)",Unfall 250539 (2019) Kat:3, Licht: 0,250539,3,1,0,10,14,7,0,0,1,0,0,0,0,0
"POINT (7.664472479000040 51.968635635000055)",Unfall 250540 (2019) Kat:2, Licht: 2,250540,2,1,0,10,02,7,0,2,0,0,0,1,0,0
"POINT (7.637355832000026 51.955639253000072)",Unfall 250586 (2019) Kat:3, Licht: 2,250586,3,2,6,10,07,6,1,2,0,1,1,0,0,0
"POINT (7.644529227000021 51.907686929000079)",Unfall 250661 (2019) Kat:3, Licht: 0,250661,3,5,3,10,16,6,0,0,0,1,0,1,0,0
"POINT (7.722860446000027 51.915921481000055)",Unfall 250662 (2019) Kat:3, Licht: 0,250662,3,3,5,10,12,6,1,0,0,1,0,0,0,0
"POINT (7.610602546000052 51.983729337000057)",Unfall 250663 (2019) Kat:3, Licht: 0,250663,3,2,5,10,16,6,0,0,1,1,0,0,0,0
"POINT (7.614056734000030 51.943432347000055)",Unfall 250664 (2019) Kat:3, Licht: 0,250664,3,4,6,10,10,6,0,0,0,1,1,0,0,0
"POINT (7.589911252000036 51.961133987000039)",Unfall 250736 (2019) Kat:3, Licht: 0,250736,3,5,1,10,08,5,1,0,1,1,0,0,0,0
"POINT (7.534380852000027 51.952530757000034)",Unfall 250737 (2019) Kat:3, Licht: 2,250737,3,7,0,10,18,5,1,2,1,1,0,0,0,0
"POINT (7.654637450000053 51.931678643000055)",Unfall 250738 (2019) Kat:3, Licht: 2,250738,3,2,5,10,06,5,1,2,0,1,0,0,0,0
"POINT (7.616398887000059 51.960879870000042)",Unfall 250792 (2019) Kat:3, Licht: 0,250792,3,1,0,10,15,4,1,0,1,0,0,0,0,0
"POINT (7.694972007000047 51.911128524000048)",Unfall 250890 (2019) Kat:2, Licht: 0,250890,2,3,5,10,17,5,0,0,1,1,0,0,0,0
"POINT (7.637465916000053 51.993420728000046)",Unfall 251007 (2019) Kat:2, Licht: 2,251007,2,7,4,10,06,3,0,2,1,0,0,1,0,0
"POINT (7.647283429000026 51.971089972000073)",Unfall 251055 (2019) Kat:3, Licht: 0,251055,3,7,0,10,09,2,1,0,1,1,0,0,0,0
"POINT (7.565930271000070 51.966937078000058)",Unfall 251114 (2019) Kat:3, Licht: 0,251114,3,2,0,10,07,3,0,0,0,1,0,0,0,0
"POINT (7.579726920000041 51.962620624000067)",Unfall 251203 (2019) Kat:3, Licht: 0,251203,3,2,5,10,08,2,1,0,1,0,0,0,0,0
"POINT (7.664207550000072 51.905808934000049)",Unfall 251204 (2019) Kat:3, Licht: 0,251204,3,6,1,10,13,2,0,0,0,1,0,0,0,0
"POINT (7.632677539000042 51.955730405000054)",Unfall 251205 (2019) Kat:3, Licht: 0,251205,3,2,5,10,13,2,0,0,1,1,0,0,0,0
"POINT (7.618533069000023 51.959643370000038)",Unfall 251206 (2019) Kat:2, Licht: 1,251206,2,2,0,10,15,2,1,1,1,0,0,0,0,0
"POINT (7.537649568000063 51.947500151000042)",Unfall 251289 (2019) Kat:3, Licht: 0,251289,3,2,5,10,16,7,0,0,1,1,0,0,0,0
"POINT (7.628509156000064 51.964727501000027)",Unfall 251291 (2019) Kat:2, Licht: 0,251291,2,3,6,10,12,7,0,0,1,0,1,0,0,0
"POINT (7.638674986000069 51.945505049000076)",Unfall 251292 (2019) Kat:3, Licht: 2,251292,3,2,0,10,18,7,0,2,0,1,1,0,0,0
"POINT (7.617703069000072 51.962638034000065)",Unfall 251294 (2019) Kat:3, Licht: 2,251294,3,1,2,10,18,7,0,2,0,1,0,0,0,0
"POINT (7.610598499000048 51.961870302000079)",Unfall 251355 (2019) Kat:3, Licht: 0,251355,3,5,0,10,10,6,0,0,1,0,0,0,0,0
"POINT (7.610137123000072 51.967838850000078)",Unfall 251356 (2019) Kat:3, Licht: 2,251356,3,2,5,10,18,6,0,2,1,1,0,0,0,0
"POINT (7.623654733000024 51.927243047000047)",Unfall 251357 (2019) Kat:3, Licht: 0,251357,3,4,6,10,14,6,0,0,1,0,1,0,0,0
"POINT (7.629301510000062 51.971074942000030)",Unfall 251378 (2019) Kat:3, Licht: 2,251378,3,6,4,11,00,1,0,2,1,1,0,0,0,0
"POINT (7.562945934000027 51.970455480000055)",Unfall 251401 (2019) Kat:3, Licht: 0,251401,3,3,5,11,15,7,1,0,1,1,0,0,0,0
"POINT (7.636182515000030 51.942277024000077)",Unfall 251402 (2019) Kat:3, Licht: 0,251402,3,6,4,11,11,7,1,0,1,0,0,0,0,0
"POINT (7.648710188000052 51.990626239000051)",Unfall 251403 (2019) Kat:3, Licht: 2,251403,3,7,0,11,23,7,0,2,1,1,0,0,0,0
"POINT (7.683608329000037 51.928712550000057)",Unfall 251488 (2019) Kat:2, Licht: 1,251488,2,3,5,10,16,5,0,1,1,1,0,0,0,0
"POINT (7.620244811000021 51.960746007000068)",Unfall 251489 (2019) Kat:3, Licht: 0,251489,3,6,2,10,09,5,0,0,1,0,0,0,0,0
"POINT (7.597653234000063 51.966427909000060)",Unfall 251584 (2019) Kat:3, Licht: 0,251584,3,2,0,10,14,4,0,0,0,1,0,1,0,0
"POINT (7.640791275000026 51.971544872000038)",Unfall 251585 (2019) Kat:3, Licht: 0,251585,3,3,5,10,11,4,0,0,0,1,0,0,0,1
"POINT (7.634099871000046 51.969849641000053)",Unfall 251641 (2019) Kat:3, Licht: 1,251641,3,7,6,11,07,4,0,1,1,0,1,0,0,0
"POINT (7.637819089000061 51.949825047000047)",Unfall 251732 (2019) Kat:3, Licht: 2,251732,3,7,0,11,21,3,1,2,1,1,0,0,0,0
"POINT (7.661587203000067 51.935651528000051)",Unfall 251733 (2019) Kat:3, Licht: 0,251733,3,2,5,11,14,3,1,0,1,1,0,0,0,0
"POINT (7.700653953000028 51.963350723000076)",Unfall 251845 (2019) Kat:3, Licht: 0,251845,3,3,5,11,09,2,1,0,0,1,0,0,0,0
"POINT (7.630379361000053 51.967005999000037)",Unfall 251847 (2019) Kat:3, Licht: 0,251847,3,4,6,11,07,2,1,0,0,1,1,0,0,0
"POINT (7.602830514000061 51.990036720000035)",Unfall 251980 (2019) Kat:3, Licht: 2,251980,3,7,0,11,21,7,1,2,1,0,1,0,0,0
"POINT (7.619751864000023 51.960672112000054)",Unfall 252133 (2019) Kat:3, Licht: 0,252133,3,7,0,11,08,5,1,0,1,0,0,0,0,0
"POINT (7.608271622000075 51.988452474000042)",Unfall 252134 (2019) Kat:3, Licht: 0,252134,3,3,5,11,15,5,1,0,1,1,0,0,0,0
"POINT (7.626353108000046 51.966273992000026)",Unfall 252135 (2019) Kat:3, Licht: 0,252135,3,7,0,11,12,5,1,0,0,0,0,0,0,1
"POINT (7.621651754000027 51.949671224000042)",Unfall 252175 (2019) Kat:3, Licht: 0,252175,3,2,5,11,10,5,0,0,1,1,0,0,0,0
"POINT (7.683050900000069 51.927883366000060)",Unfall 252176 (2019) Kat:3, Licht: 0,252176,3,1,0,11,08,5,1,0,1,0,0,0,0,0
"POINT (7.567660601000057 51.955789370000048)",Unfall 252177 (2019) Kat:3, Licht: 2,252177,3,3,5,11,06,5,1,2,1,1,0,0,0,0
"POINT (7.648521676000030 51.952472711000041)",Unfall 252239 (2019) Kat:3, Licht: 0,252239,3,5,1,11,10,4,0,0,1,1,0,0,0,0
"POINT (7.598138174000042 51.971242743000062)",Unfall 252241 (2019) Kat:3, Licht: 0,252241,3,3,5,11,15,4,0,0,1,0,0,0,0,1
"POINT (7.636392733000037 51.955918218000079)",Unfall 252242 (2019) Kat:3, Licht: 0,252242,3,5,1,11,10,4,0,0,1,0,0,0,0,0
"POINT (7.666503377000026 51.997078348000059)",Unfall 252243 (2019) Kat:3, Licht: 2,252243,3,2,5,11,16,4,1,2,1,1,0,0,0,0
"POINT (7.651704065000047 51.964638324000077)",Unfall 252331 (2019) Kat:3, Licht: 0,252331,3,5,0,11,08,3,1,0,1,1,0,0,0,0
"POINT (7.630576611000038 51.933368065000082)",Unfall 252416 (2019) Kat:3, Licht: 0,252416,3,1,0,11,14,2,0,0,1,1,0,0,0,0
"POINT (7.639916533000076 51.967822077000051)",Unfall 252417 (2019) Kat:2, Licht: 0,252417,2,3,4,11,15,2,0,0,1,1,0,0,0,0
"POINT (7.640788974000031 51.971544745000074)",Unfall 252428 (2019) Kat:3, Licht: 0,252428,3,2,5,11,13,3,1,0,1,1,0,0,0,0
"POINT (7.643279448000044 51.905981460000078)",Unfall 252484 (2019) Kat:3, Licht: 1,252484,3,3,5,11,13,2,1,1,1,1,0,0,0,0
"POINT (7.624085700000023 51.960618050000051)",Unfall 252485 (2019) Kat:3, Licht: 2,252485,3,2,4,11,18,2,1,2,1,1,0,0,0,0