WKT,Name,OBJECTID,UKATEGORIE,UTYP1,UART,UMONAT,USTUNDE,UWOCHENTAG,STRZUSTAND,ULICHTVERH,ISTRAD,ISTPKW,ISTFUSS,ISTKRAD,ISTGKFZ,ISTSONSTIG
"POINT (7.631723159000046 51.971051369000065)",Unfall 252486 (2019) Kat:3, Licht: 0,252486,3,1,1,11,07,2,1,0,1,1,0,0,0,0
"POINT (7.622802558000046 51.972276663000059)",Unfall 252487 (2019) Kat:3, Licht: 2,252487,3,7,1,11,18,2,1,2,1,1,0,0,0,0
"POINT (7.623404175000076 51.964525023000078)",Unfall 252488 (2019) Kat:3, Licht: 0,252488,3,7,0,11,15,2,1,0,1,0,0,0,0,0
"POINT (7.617061988000046 51.938841259000071)",Unfall 252489 (2019) Kat:2, Licht: 0,252489,2,7,0,11,09,2,1,0,1,0,0,0,0,0
"POINT (7.584258606000049 51.892151322000075)",Unfall 252490 (2019) Kat:3, Licht: 2,252490,3,2,5,11,17,2,1,2,1,0,0,0,0,1
"POINT (7.633475699000030 51.956238801000040)",Unfall 252491 (2019) Kat:3, Licht: 2,252491,3,2,5,11,16,2,1,2,1,1,0,0,0,0
"POINT (7.629958290000047 51.949220357000058)",Unfall 252612 (2019) Kat:3, Licht: 2,252612,3,7,1,11,01,7,1,2,1,1,0,0,0,0
"POINT (7.574555535000059 51.964898432000041)",Unfall 252648 (2019) Kat:3, Licht: 0,252648,3,7,6,11,11,6,0,0,0,1,1,0,0,0
"POINT (7.661134621000031 51.964872313000058)",Unfall 252649 (2019) Kat:3, Licht: 0,252649,3,1,0,11,12,6,1,0,0,0,0,1,0,0
"POINT (7.641780899000025 51.955542682000043)",Unfall 252651 (2019) Kat:3, Licht: 0,252651,3,7,8,11,14,6,0,0,1,1,0,0,0,0
"POINT (7.588830097000027 51.965276868000046)",Unfall 252783 (2019) Kat:3, Licht: 1,252783,3,2,5,11,08,5,0,1,1,1,0,0,0,0
"POINT (7.646843965000073 51.960203832000047)",Unfall 252784 (2019) Kat:3, Licht: 1,252784,3,6,6,11,06,5,0,1,0,1,1,0,0,0
"POINT (7.624283702000071 51.954642476000060)",Unfall 252785 (2019) Kat:3, Licht: 0,252785,3,2,5,11,12,5,0,0,1,1,0,0,0,0
"POINT (7.633415011000068 51.964258115000064)",Unfall 252852 (2019) Kat:3, Licht: 0,252852,3,3,4,11,12,4,0,0,1,1,0,0,0,0
"POINT (7.624592895000035 51.956913095000061)",Unfall 252853 (2019) Kat:3, Licht: 2,252853,3,3,5,11,19,4,1,2,1,0,0,0,0,0
"POINT (7.596567050000033 51.970024660000036)",Unfall 252854 (2019) Kat:3, Licht: 0,252854,3,6,2,11,09,4,1,0,0,1,0,0,0,0
"POINT (7.603045593000047 51.994781917000068)",Unfall 252900 (2019) Kat:2, Licht: 0,252900,2,7,0,11,12,7,0,0,1,1,0,0,0,0
"POINT (7.647633946000042 51.928519357000027)",Unfall 252963 (2019) Kat:3, Licht: 1,252963,3,7,5,11,07,4,1,1,1,1,0,0,0,0
"POINT (7.623636179000073 51.966367935000051)",Unfall 252964 (2019) Kat:3, Licht: 0,252964,3,4,6,11,16,4,1,0,0,1,1,0,0,0
"POINT (7.668334214000026 51.996720283000059)",Unfall 252965 (2019) Kat:3, Licht: 2,252965,3,6,2,11,07,4,1,2,0,1,0,0,0,0
"POINT (7.630338591000054 51.966997744000082)",Unfall 252966 (2019) Kat:3, Licht: 2,252966,3,3,5,11,07,4,1,2,1,1,0,0,0,0
"POINT (7.625951086000043 51.959026706000031)",Unfall 252967 (2019) Kat:3, Licht: 0,252967,3,5,1,11,09,4,1,0,1,1,0,0,0,0
"POINT (7.518352685000025 51.925815962000058)",Unfall 253201 (2019) Kat:2, Licht: 0,253201,2,7,0,12,09,1,2,0,1,0,0,0,0,0
"POINT (7.582093424000050 51.971902209000064)",Unfall 253202 (2019) Kat:3, Licht: 2,253202,3,1,8,12,02,1,2,2,0,1,0,0,0,0
"POINT (7.608468800000026 51.930367991000026)",Unfall 253235 (2019) Kat:3, Licht: 0,253235,3,7,0,11,16,7,1,0,1,0,0,0,0,0
"POINT (7.653752173000044 51.904595726000082)",Unfall 253236 (2019) Kat:3, Licht: 0,253236,3,6,0,11,15,7,0,0,1,1,0,0,0,0
"POINT (7.631519575000027 51.957248661000051)",Unfall 253375 (2019) Kat:3, Licht: 0,253375,3,6,3,11,11,5,1,0,1,0,0,0,0,0
"POINT (7.642135200000041 51.933621648000042)",Unfall 253481 (2019) Kat:3, Licht: 0,253481,3,2,0,12,08,4,1,0,1,1,0,0,0,0
"POINT (7.620375293000052 51.960808652000026)",Unfall 253482 (2019) Kat:3, Licht: 0,253482,3,2,5,12,09,4,1,0,1,1,0,0,0,0
"POINT (7.593987093000067 51.999268240000049)",Unfall 253595 (2019) Kat:3, Licht: 2,253595,3,7,6,12,19,3,1,2,0,1,1,0,0,0
"POINT (7.598950008000031 51.972922105000066)",Unfall 253596 (2019) Kat:3, Licht: 0,253596,3,1,0,12,08,3,1,0,1,0,0,0,0,0
"POINT (7.531628160000025 51.945562136000035)",Unfall 253658 (2019) Kat:3, Licht: 0,253658,3,3,5,12,15,2,0,0,1,1,0,0,0,0
"POINT (7.609612357000060 51.983701406000080)",Unfall 253760 (2019) Kat:3, Licht: 0,253760,3,5,1,12,09,7,1,0,1,1,0,0,0,0
"POINT (7.623252564000040 51.960911554000063)",Unfall 253812 (2019) Kat:3, Licht: 0,253812,3,3,5,12,11,6,1,0,1,1,0,0,0,0
"POINT (7.634101644000054 51.935437319000073)",Unfall 253915 (2019) Kat:3, Licht: 1,253915,3,2,5,12,16,5,1,1,1,1,0,0,0,0
"POINT (7.633019729000068 51.985067939000032)",Unfall 253969 (2019) Kat:2, Licht: 2,253969,2,4,6,12,17,4,1,2,0,1,1,0,0,0
"POINT (7.621867941000062 51.945582568000077)",Unfall 253970 (2019) Kat:3, Licht: 2,253970,3,3,5,12,07,4,1,2,1,1,0,0,0,0
"POINT (7.575459433000049 51.968283090000057)",Unfall 254062 (2019) Kat:3, Licht: 0,254062,3,1,0,12,09,3,2,0,1,0,0,0,0,0
"POINT (7.615754889000073 51.938933529000053)",Unfall 254063 (2019) Kat:3, Licht: 0,254063,3,1,0,12,09,3,2,0,1,0,0,0,0,0
"POINT (7.616928851000068 51.939169671000059)",Unfall 254064 (2019) Kat:3, Licht: 0,254064,3,1,0,12,08,3,2,0,1,0,0,0,0,0
"POINT (7.634305694000034 51.957004193000046)",Unfall 254065 (2019) Kat:3, Licht: 0,254065,3,6,1,12,15,3,0,0,0,0,0,0,0,1
"POINT (7.631362549000073 51.943429685000069)",Unfall 254066 (2019) Kat:3, Licht: 1,254066,3,1,0,12,08,3,2,1,1,0,0,0,0,0
"POINT (7.630914943000050 51.932206385000029)",Unfall 254067 (2019) Kat:3, Licht: 2,254067,3,1,0,12,07,3,2,2,0,0,0,1,0,0
"POINT (7.622400087000074 51.946017922000067)",Unfall 254068 (2019) Kat:3, Licht: 2,254068,3,3,0,12,17,3,0,2,1,1,0,0,0,0
"POINT (7.531612080000059 51.945635579000054)",Unfall 254069 (2019) Kat:3, Licht: 2,254069,3,3,5,12,17,3,0,2,0,1,0,0,0,0
"POINT (7.677464849000046 51.962969266000073)",Unfall 254200 (2019) Kat:3, Licht: 1,254200,3,7,1,12,08,2,0,1,1,1,0,0,0,0
"POINT (7.638828828000044 51.904220129000066)",Unfall 254357 (2019) Kat:3, Licht: 0,254357,3,5,1,12,12,6,1,0,1,1,0,0,0,0
"POINT (7.630644856000060 51.932674021000082)",Unfall 254359 (2019) Kat:3, Licht: 2,254359,3,3,5,12,17,6,1,2,1,1,0,0,0,0
"POINT (7.629937832000053 51.967474783000057)",Unfall 254360 (2019) Kat:3, Licht: 2,254360,3,3,5,12,18,6,1,2,1,1,0,0,0,0
"POINT (7.636967535000053 51.950958372000059)",Unfall 254516 (2019) Kat:2, Licht: 0,254516,2,2,5,12,08,5,0,0,0,1,0,0,0,1
"POINT (7.590563644000042 51.973557471000049)",Unfall 254517 (2019) Kat:3, Licht: 1,254517,3,2,5,12,07,5,0,1,1,1,0,0,0,0
"POINT (7.624151144000052 51.960594641000057)",Unfall 254616 (2019) Kat:3, Licht: 2,254616,3,6,3,12,17,4,0,2,1,1,0,0,0,0
"POINT (7.632008862000021 51.951060545000075)",Unfall 254689 (2019) Kat:3, Licht: 0,254689,3,5,0,12,13,3,0,0,1,1,0,0,0,0
"POINT (7.633732401000032 51.962031567000054)",Unfall 254838 (2019) Kat:3, Licht: 0,254838,3,2,5,12,11,3,1,0,1,1,0,0,0,0
"POINT (7.626123022000058 51.970147861000044)",Unfall 254839 (2019) Kat:3, Licht: 2,254839,3,2,6,12,19,3,1,2,0,1,1,0,0,0
"POINT (7.635932807000074 51.959396419000029)",Unfall 254874 (2019) Kat:3, Licht: 2,254874,3,3,5,12,18,2,1,2,1,1,0,0,0,0
"POINT (7.563984345000051 51.966937520000045)",Unfall 254875 (2019) Kat:3, Licht: 1,254875,3,7,2,12,17,2,0,1,0,1,0,0,0,0
"POINT (7.671386374000065 51.950788478000050)",Unfall 254877 (2019) Kat:2, Licht: 2,254877,2,2,5,12,16,2,1,2,1,1,0,0,0,0
"POINT (7.646743146000063 51.957027741000047)",Unfall 254927 (2019) Kat:3, Licht: 2,254927,3,3,5,12,16,6,1,2,1,0,0,0,0,1
"POINT (7.728357188000075 51.917823555000041)",Unfall 254963 (2019) Kat:3, Licht: 0,254963,3,1,1,12,12,7,0,0,0,1,0,0,0,0
"POINT (7.671241951000070 51.943909757000029)",Unfall 255200 (2019) Kat:2, Licht: 0,255200,2,2,5,12,15,1,0,0,1,1,0,0,0,0
"POINT (7.563789262000057 51.967029053000033)",Unfall 255225 (2019) Kat:3, Licht: 0,255225,3,6,2,12,09,7,0,0,0,1,0,0,0,0
"POINT (7.721144127000059 51.978996493000068)",Unfall 73790 (2020) Kat:3, Licht: 0,73790,3,2,5,01,08,3,1,0,1,1,0,0,0,0
"POINT (7.648356468000031 51.992873947000078)",Unfall 73885 (2020) Kat:2, Licht: 2,73885,2,4,6,01,18,6,1,2,0,1,1,0,0,0
"POINT (7.606536644000073 51.973384192000026)",Unfall 73901 (2020) Kat:3, Licht: 0,73901,3,6,2,01,09,3,1,0,0,1,0,0,0,0
"POINT (7.649976999000046 51.904849201000047)",Unfall 73917 (2020) Kat:3, Licht: 0,73917,3,3,5,01,09,2,0,0,1,1,0,0,0,0
"POINT (7.676907484000026 51.953905019000047)",Unfall 73957 (2020) Kat:2, Licht: 1,73957,2,2,2,01,17,3,0,1,0,1,0,0,0,0
"POINT (7.584314763000066 51.935574680000059)",Unfall 74036 (2020) Kat:2, Licht: 0,74036,2,1,0,01,12,7,1,0,1,0,0,0,0,0
"POINT (7.611500218000060 51.984518014000059)",Unfall 74106 (2020) Kat:3, Licht: 0,74106,3,6,2,01,09,6,1,0,0,1,0,1,0,0
"POINT (7.648805774000039 51.964303776000065)",Unfall 74136 (2020) Kat:3, Licht: 0,74136,3,2,0,01,08,5,1,0,1,1,0,0,0,0
"POINT (7.650458269000069 51.954957581000031)",Unfall 74168 (2020) Kat:3, Licht: 2,74168,3,3,5,01,21,4,0,2,1,1,0,0,0,0
"POINT (7.601574558000039 51.994918101000053)",Unfall 74171 (2020) Kat:3, Licht: 0,74171,3,3,5,01,12,4,1,0,1,1,0,0,0,0
"POINT (7.629773442000044 51.983605050000051)",Unfall 74179 (2020) Kat:3, Licht: 1,74179,3,2,5,01,08,4,0,1,1,1,0,0,0,0
"POINT (7.677834083000050 51.919061361000047)",Unfall 74185 (2020) Kat:3, Licht: 0,74185,3,3,5,01,13,6,1,0,1,1,0,0,0,0
"POINT (7.636889897000060 51.950938800000074)",Unfall 74236 (2020) Kat:3, Licht: 0,74236,3,2,5,01,13,6,1,0,1,1,0,0,0,0
"POINT (7.642438758000026 51.895463030000030)",Unfall 74298 (2020) Kat:3, Licht: 1,74298,3,3,5,01,15,6,1,1,0,1,0,0,0,1
"POINT (7.629174487000057 51.926297328000032)",Unfall 74411 (2020) Kat:3, Licht: 0,74411,3,3,5,01,15,3,0,0,1,1,0,0,0,0
"POINT (7.587453187000051 51.937358716000062)",Unfall 74423 (2020) Kat:3, Licht: 1,74423,3,2,5,01,07,2,1,1,1,1,0,0,0,0
"POINT (7.622699128000022 51.897811137000076)",Unfall 74497 (2020) Kat:3, Licht: 2,74497,3,3,5,01,20,3,0,2,1,1,0,0,0,0
"POINT (7.671896036000021 51.969863296000028)",Unfall 74552 (2020) Kat:3, Licht: 2,74552,3,5,1,01,05,3,1,2,0,1,0,0,1,0
"POINT (7.535115619000067 51.912508729000081)",Unfall 74563 (2020) Kat:3, Licht: 0,74563,3,6,3,01,10,2,1,0,0,1,0,0,1,0
"POINT (7.588949519000039 51.965538588000072)",Unfall 74639 (2020) Kat:3, Licht: 0,74639,3,2,5,01,12,3,1,0,1,1,0,0,0,0
"POINT (7.570635832000050 51.956829467000034)",Unfall 74719 (2020) Kat:3, Licht: 0,74719,3,7,6,01,10,6,0,0,0,1,1,0,0,0
"POINT (7.687182687000075 51.993212849000031)",Unfall 74843 (2020) Kat:3, Licht: 2,74843,3,6,2,01,18,1,1,2,0,1,0,0,0,0
"POINT (7.613018561000047 51.993374664000044)",Unfall 74854 (2020) Kat:3, Licht: 2,74854,3,2,6,01,17,5,0,2,0,1,1,0,0,0
"POINT (7.544045469000025 51.913801827000043)",Unfall 74884 (2020) Kat:3, Licht: 2,74884,3,6,2,01,07,4,0,2,0,1,0,0,0,0
"POINT (7.646254418000069 51.944417230000056)",Unfall 74934 (2020) Kat:3, Licht: 0,74934,3,6,2,01,12,6,0,0,0,1,0,0,0,0
"POINT (7.534754966000037 51.993910765000066)",Unfall 75088 (2020) Kat:3, Licht: 2,75088,3,6,2,01,18,3,1,2,0,1,0,0,0,0
"POINT (7.609234082000057 51.950834758000042)",Unfall 75184 (2020) Kat:3, Licht: 2,75184,3,1,0,01,17,3,1,2,0,0,0,1,0,0
"POINT (7.658778735000055 51.954236047000052)",Unfall 75187 (2020) Kat:3, Licht: 0,75187,3,6,1,01,13,4,1,0,0,1,0,0,0,0
"POINT (7.647023867000030 51.963743950000037)",Unfall 75269 (2020) Kat:3, Licht: 0,75269,3,3,5,01,16,4,1,0,0,1,0,0,0,0
"POINT (7.614307963000044 51.848303112000053)",Unfall 75325 (2020) Kat:3, Licht: 1,75325,3,6,2,01,16,3,1,1,0,1,0,1,0,1
"POINT (7.667762579000055 51.928375756000037)",Unfall 75329 (2020) Kat:3, Licht: 0,75329,3,2,5,01,15,4,1,0,1,1,0,0,0,0
"POINT (7.588813534000053 51.965279468000062)",Unfall 75425 (2020) Kat:3, Licht: 0,75425,3,3,5,01,10,3,1,0,1,1,0,0,0,0
"POINT (7.658463245000064 51.967331287000036)",Unfall 75428 (2020) Kat:3, Licht: 0,75428,3,7,0,01,11,4,1,0,1,0,0,0,0,0
"POINT (7.598355666000032 51.875761418000081)",Unfall 75501 (2020) Kat:2, Licht: 0,75501,2,3,5,01,14,6,1,0,0,1,0,0,0,0
"POINT (7.526736310000047 51.922650171000043)",Unfall 75510 (2020) Kat:2, Licht: 0,75510,2,4,0,01,13,6,1,0,0,1,1,0,0,0
"POINT (7.645637389000058 51.945041472000071)",Unfall 75536 (2020) Kat:3, Licht: 0,75536,3,2,6,01,13,3,1,0,0,1,1,0,0,0
"POINT (7.605288312000027 51.927378622000049)",Unfall 75703 (2020) Kat:2, Licht: 0,75703,2,3,5,01,14,3,1,0,1,1,0,0,0,0
"POINT (7.612350699000047 51.974272033000034)",Unfall 75805 (2020) Kat:3, Licht: 2,75805,3,2,5,01,17,3,1,2,0,1,1,0,0,0
"POINT (7.666682310000056 51.954863364000062)",Unfall 75880 (2020) Kat:2, Licht: 2,75880,2,1,4,01,07,6,1,2,0,1,0,0,1,0
"POINT (7.626581801000043 51.931948842000054)",Unfall 75894 (2020) Kat:3, Licht: 2,75894,3,2,0,02,18,7,0,2,0,1,1,0,0,0
"POINT (7.612430128000028 51.974373251000031)",Unfall 75926 (2020) Kat:3, Licht: 1,75926,3,4,6,02,16,2,0,1,0,0,1,0,0,1
"POINT (7.551441802000056 51.979586440000048)",Unfall 75948 (2020) Kat:2, Licht: 2,75948,2,1,8,02,20,1,1,2,0,1,0,0,0,0
"POINT (7.587812691000067 51.858334577000051)",Unfall 75986 (2020) Kat:3, Licht: 0,75986,3,3,5,02,15,7,0,0,0,1,0,0,0,0
"POINT (7.563111689000039 51.925260207000065)",Unfall 76119 (2020) Kat:3, Licht: 1,76119,3,2,5,02,07,2,1,1,1,1,0,0,0,0
"POINT (7.605930064000063 51.973917455000048)",Unfall 76179 (2020) Kat:3, Licht: 0,76179,3,6,3,02,11,7,1,0,0,1,0,0,0,0
"POINT (7.647283177000077 51.955235815000037)",Unfall 76188 (2020) Kat:3, Licht: 2,76188,3,3,5,01,07,4,1,2,1,1,0,0,0,0
"POINT (7.546939070000065 51.953877217000070)",Unfall 76212 (2020) Kat:2, Licht: 2,76212,2,3,5,02,07,2,1,2,1,1,0,0,0,0
"POINT (7.712703399000077 51.938082921000046)",Unfall 76373 (2020) Kat:3, Licht: 0,76373,3,1,8,02,15,5,0,0,0,0,0,0,1,0
"POINT (7.631098769000062 51.952935110000055)",Unfall 76576 (2020) Kat:3, Licht: 0,76576,3,3,5,02,10,2,1,0,1,1,0,0,0,0
"POINT (7.621786638000060 51.993561436000050)",Unfall 76595 (2020) Kat:3, Licht: 0,76595,3,2,4,02,07,5,0,0,0,1,0,0,0,0
"POINT (7.649022339000055 51.964368424000043)",Unfall 76665 (2020) Kat:3, Licht: 0,76665,3,5,1,02,12,6,0,0,0,1,0,0,0,0
"POINT (7.563259757000026 51.992062040000064)",Unfall 76696 (2020) Kat:2, Licht: 0,76696,2,3,0,02,10,1,0,0,0,1,0,0,0,0
"POINT (7.575833998000064 51.865657393000049)",Unfall 76700 (2020) Kat:3, Licht: 2,76700,3,6,2,02,04,7,0,2,0,1,0,0,1,0
"POINT (7.547766359000036 51.949696412000037)",Unfall 76724 (2020) Kat:3, Licht: 2,76724,3,6,2,02,07,3,1,2,0,1,0,0,0,0
"POINT (7.591957535000063 51.939573548000055)",Unfall 76734 (2020) Kat:3, Licht: 1,76734,3,2,5,02,17,3,1,1,1,1,0,0,0,0
"POINT (7.639829077000059 51.975166252000065)",Unfall 76963 (2020) Kat:3, Licht: 0,76963,3,2,5,02,16,4,1,0,1,1,0,0,0,0
"POINT (7.661978853000051 51.986674140000048)",Unfall 76964 (2020) Kat:3, Licht: 0,76964,3,2,5,02,15,4,0,0,1,1,0,0,0,0
"POINT (7.665067292000060 51.991609396000058)",Unfall 77080 (2020) Kat:3, Licht: 0,77080,3,1,8,02,14,3,1,0,0,1,0,0,0,0
"POINT (7.588479628000073 51.984159231000035)",Unfall 77140 (2020) Kat:3, Licht: 2,77140,3,3,5,02,06,5,1,2,1,1,0,0,0,0
"POINT (7.723733231000040 51.925840940000057)",Unfall 77172 (2020) Kat:3, Licht: 2,77172,3,1,0,02,22,2,1,2,1,0,0,0,0,0
"POINT (7.550210261000075 51.941582273000051)",Unfall 77292 (2020) Kat:3, Licht: 2,77292,3,7,1,02,19,2,1,2,0,1,0,0,1,0
"POINT (7.664942093000036 51.930899247000070)",Unfall 77304 (2020) Kat:3, Licht: 2,77304,3,1,0,02,21,7,0,2,1,0,0,0,0,0
"POINT (7.566350028000045 51.904539447000047)",Unfall 77348 (2020) Kat:2, Licht: 0,77348,2,6,3,02,15,6,0,0,0,1,0,0,1,0
"POINT (7.666515331000028 51.951854108000077)",Unfall 77393 (2020) Kat:3, Licht: 0,77393,3,6,2,02,14,6,0,0,0,1,0,0,1,0
"POINT (7.649776061000068 51.941192289000071)",Unfall 77424 (2020) Kat:3, Licht: 2,77424,3,6,2,02,22,7,0,2,0,1,0,0,0,0
"POINT (7.600089911000055 51.929501119000065)",Unfall 77496 (2020) Kat:3, Licht: 1,77496,3,7,4,02,07,5,1,1,0,1,0,0,0,0
"POINT (7.648357546000057 51.992886999000063)",Unfall 77602 (2020) Kat:2, Licht: 2,77602,2,2,6,02,05,4,1,2,0,0,1,0,1,0
"POINT (7.599694433000025 51.932444974000077)",Unfall 77666 (2020) Kat:3, Licht: 2,77666,3,7,8,02,04,3,1,2,0,1,0,0,0,0
"POINT (7.628844956000023 51.944030350000048)",Unfall 77733 (2020) Kat:3, Licht: 1,77733,3,4,6,02,07,4,1,1,1,0,1,0,0,0
"POINT (7.557266834000075 51.950046557000064)",Unfall 77912 (2020) Kat:3, Licht: 0,77912,3,6,2,02,16,4,1,0,0,1,0,0,0,0
"POINT (7.625706479000030 51.934254704000068)",Unfall 78055 (2020) Kat:3, Licht: 2,78055,3,2,6,02,05,4,1,2,0,1,1,0,0,0
"POINT (7.669714401000022 51.998755691000042)",Unfall 78119 (2020) Kat:3, Licht: 1,78119,3,3,5,02,07,4,1,1,1,1,0,0,0,0
"POINT (7.626871554000047 51.931727815000045)",Unfall 78148 (2020) Kat:3, Licht: 2,78148,3,7,0,03,19,2,1,2,1,1,0,0,0,0
"POINT (7.518861490000063 52.001783091000050)",Unfall 78233 (2020) Kat:3, Licht: 0,78233,3,7,2,03,14,2,1,0,0,1,0,0,0,0
"POINT (7.597345564000023 51.929132509000056)",Unfall 78249 (2020) Kat:3, Licht: 0,78249,3,6,2,03,07,2,0,0,0,1,0,0,0,0
"POINT (7.627310615000056 51.898893245000068)",Unfall 78313 (2020) Kat:3, Licht: 0,78313,3,3,5,03,06,2,0,0,1,1,0,0,0,0
"POINT (7.645744344000036 51.955499792000069)",Unfall 78393 (2020) Kat:3, Licht: 0,78393,3,2,5,03,10,2,0,0,0,0,0,0,1,1
"POINT (7.576343327000075 51.862253363000036)",Unfall 78399 (2020) Kat:3, Licht: 0,78399,3,6,2,03,07,2,0,0,0,0,0,0,0,1
"POINT (7.571421411000074 51.895671872000037)",Unfall 78433 (2020) Kat:3, Licht: 2,78433,3,1,2,03,20,1,0,2,0,1,0,0,0,1
"POINT (7.522734029000048 51.898933455000076)",Unfall 78478 (2020) Kat:2, Licht: 0,78478,2,2,5,03,07,2,1,0,1,1,0,0,0,0
"POINT (7.624386321000031 51.949104480000074)",Unfall 78533 (2020) Kat:3, Licht: 0,78533,3,1,3,02,10,5,0,0,1,0,0,0,0,0
"POINT (7.675535069000034 51.961329673000080)",Unfall 78591 (2020) Kat:3, Licht: 0,78591,3,6,3,03,08,6,1,0,1,1,0,0,0,0
"POINT (7.599082190000047 51.990796356000033)",Unfall 78650 (2020) Kat:3, Licht: 0,78650,3,3,5,03,15,7,0,0,0,1,0,0,0,0
"POINT (7.625659877000032 51.934417838000059)",Unfall 78677 (2020) Kat:3, Licht: 0,78677,3,7,0,03,09,5,0,0,1,0,0,0,0,0
"POINT (7.628071417000058 51.985572503000071)",Unfall 78680 (2020) Kat:3, Licht: 1,78680,3,3,5,03,07,4,1,1,1,1,0,0,0,0
"POINT (7.683929823000028 51.913636509000071)",Unfall 78702 (2020) Kat:3, Licht: 2,78702,3,2,5,03,05,6,1,2,0,1,0,0,0,0
"POINT (7.696461159000023 51.989069582000070)",Unfall 78824 (2020) Kat:3, Licht: 1,78824,3,6,3,03,17,3,0,1,1,0,0,0,0,0
"POINT (7.596574237000027 51.928324861000078)",Unfall 78828 (2020) Kat:3, Licht: 0,78828,3,3,0,03,11,7,0,0,0,1,0,0,0,0
"POINT (7.560557625000058 51.998796682000034)",Unfall 78857 (2020) Kat:2, Licht: 0,78857,2,5,0,03,16,5,1,0,1,1,0,0,0,0
"POINT (7.703006583000047 51.981348364000041)",Unfall 78860 (2020) Kat:2, Licht: 0,78860,2,7,6,03,15,4,0,0,0,1,1,0,0,0
"POINT (7.647416681000038 51.959057152000071)",Unfall 78865 (2020) Kat:3, Licht: 0,78865,3,2,4,03,10,3,0,0,1,1,0,0,0,0
"POINT (7.682690898000033 51.990602505000027)",Unfall 78881 (2020) Kat:3, Licht: 0,78881,3,3,5,03,07,6,1,0,0,1,0,0,0,0
"POINT (7.603705020000064 51.975168281000037)",Unfall 78943 (2020) Kat:3, Licht: 0,78943,3,6,2,03,16,4,0,0,0,1,0,0,0,0
"POINT (7.661547345000031 51.933127696000042)",Unfall 78993 (2020) Kat:3, Licht: 1,78993,3,6,1,03,18,3,1,1,0,1,0,0,0,0
"POINT (7.612304499000061 51.976373608000074)",Unfall 78996 (2020) Kat:3, Licht: 0,78996,3,3,5,03,15,3,1,0,1,1,0,0,0,0
"POINT (7.674075830000049 51.906375155000035)",Unfall 79105 (2020) Kat:3, Licht: 2,79105,3,3,5,03,18,4,0,2,0,1,0,0,0,0
"POINT (7.645744344000036 51.955499792000069)",Unfall 79223 (2020) Kat:3, Licht: 0,79223,3,6,3,03,13,4,1,0,1,0,0,0,0,0
"POINT (7.598779760000070 51.964957551000055)",Unfall 79292 (2020) Kat:3, Licht: 0,79292,3,7,2,03,09,4,1,0,0,1,0,0,0,1
"POINT (7.545230735000075 51.991109200000039)",Unfall 79308 (2020) Kat:3, Licht: 2,79308,3,1,9,03,02,2,0,2,0,1,0,0,0,0
"POINT (7.531410247000054 51.982765540000059)",Unfall 79310 (2020) Kat:2, Licht: 0,79310,2,6,2,03,16,2,1,0,0,1,0,0,0,0
"POINT (7.512163480000027 51.932369125000037)",Unfall 79357 (2020) Kat:3, Licht: 0,79357,3,1,5,03,10,1,0,0,1,1,0,0,0,0
"POINT (7.635811876000048 51.971671369000035)",Unfall 79381 (2020) Kat:2, Licht: 2,79381,2,1,0,03,05,4,1,2,1,0,0,0,0,0
"POINT (7.621469251000065 51.935855478000065)",Unfall 79559 (2020) Kat:3, Licht: 0,79559,3,1,3,03,11,3,0,0,0,0,0,0,1,1
"POINT (7.682215984000038 51.906969337000078)",Unfall 79577 (2020) Kat:2, Licht: 0,79577,2,1,9,03,11,2,0,0,0,1,0,0,0,0
"POINT (7.669942246000062 51.926318387000038)",Unfall 79602 (2020) Kat:3, Licht: 0,79602,3,7,7,03,08,5,0,0,0,0,0,0,1,1
"POINT (7.657188010000027 51.996112795000045)",Unfall 79755 (2020) Kat:3, Licht: 1,79755,3,7,0,03,18,3,0,1,1,1,0,0,0,0
"POINT (7.541866447000075 51.990872299000046)",Unfall 79773 (2020) Kat:3, Licht: 1,79773,3,2,4,03,06,2,0,1,0,1,0,0,0,0
"POINT (7.721078959000067 51.978986312000075)",Unfall 79799 (2020) Kat:3, Licht: 0,79799,3,3,5,03,16,4,0,0,1,1,0,0,0,0
"POINT (7.630770583000071 51.922573495000051)",Unfall 80004 (2020) Kat:2, Licht: 0,80004,2,4,6,03,16,3,0,0,0,1,1,0,0,0
"POINT (7.560219792000055 51.989572707000036)",Unfall 80169 (2020) Kat:2, Licht: 2,80169,2,7,1,03,00,1,0,2,0,1,0,0,1,0
"POINT (7.638246205000030 51.973936106000053)",Unfall 80174 (2020) Kat:3, Licht: 0,80174,3,3,5,03,08,1,0,0,1,0,0,0,0,1
"POINT (7.614236799000025 51.946801165000068)",Unfall 80225 (2020) Kat:3, Licht: 0,80225,3,6,2,03,16,3,0,0,0,1,0,0,0,0
"POINT (7.652993788000060 51.965846020000072)",Unfall 80390 (2020) Kat:3, Licht: 0,80390,3,1,0,03,06,2,0,0,1,0,0,0,0,0
"POINT (7.621750228000053 51.993607670000074)",Unfall 80534 (2020) Kat:3, Licht: 0,80534,3,2,4,04,13,6,0,0,1,1,0,0,0,0
"POINT (7.549495620000073 51.944045857000049)",Unfall 80790 (2020) Kat:2, Licht: 0,80790,2,1,3,04,07,5,0,0,0,1,0,0,1,0