WKT,Name,OBJECTID,UKATEGORIE,UTYP1,UART,UMONAT,USTUNDE,UWOCHENTAG,STRZUSTAND,ULICHTVERH,ISTRAD,ISTPKW,ISTFUSS,ISTKRAD,ISTGKFZ,ISTSONSTIG
"POINT (7.671707420000075 51.924734114000046)",Unfall 92533 (2020) Kat:3, Licht: 0,92533,3,3,1,08,17,3,0,0,1,1,0,0,0,0
"POINT (7.612377441000035 51.974285945000076)",Unfall 92536 (2020) Kat:3, Licht: 0,92536,3,1,3,08,17,3,1,0,0,1,0,1,0,0
"POINT (7.638761738000028 51.902723269000035)",Unfall 92541 (2020) Kat:2, Licht: 0,92541,2,2,0,08,18,3,1,0,1,1,0,0,0,0
"POINT (7.659625049000056 51.934574569000063)",Unfall 92554 (2020) Kat:3, Licht: 0,92554,3,6,1,08,15,3,1,0,0,1,0,0,1,0
"POINT (7.708167987000024 51.911419459000058)",Unfall 92559 (2020) Kat:3, Licht: 0,92559,3,6,1,08,17,3,1,0,0,1,0,0,1,0
"POINT (7.578681517000064 51.893889676000072)",Unfall 92593 (2020) Kat:3, Licht: 0,92593,3,2,7,08,09,4,1,0,0,1,0,0,0,1
"POINT (7.562333399000067 51.953283546000080)",Unfall 92686 (2020) Kat:3, Licht: 2,92686,3,1,7,08,23,7,0,2,1,0,0,0,0,0
"POINT (7.689385473000073 51.910170432000029)",Unfall 92731 (2020) Kat:2, Licht: 1,92731,2,3,5,08,20,5,0,1,0,1,0,0,0,0
"POINT (7.651948480000044 51.954865621000067)",Unfall 92765 (2020) Kat:3, Licht: 2,92765,3,3,5,08,05,4,1,2,1,1,0,0,0,0
"POINT (7.579528068000059 51.960314694000033)",Unfall 92818 (2020) Kat:3, Licht: 0,92818,3,3,5,08,18,6,0,0,0,1,0,0,0,0
"POINT (7.634646192000048 51.964452825000080)",Unfall 92850 (2020) Kat:3, Licht: 0,92850,3,6,2,08,12,4,0,0,0,1,0,0,0,0
"POINT (7.713606556000059 51.958026424000082)",Unfall 92943 (2020) Kat:2, Licht: 0,92943,2,6,5,08,09,7,0,0,1,0,0,0,0,1
"POINT (7.655740800000046 51.967950285000029)",Unfall 93005 (2020) Kat:3, Licht: 0,93005,3,6,2,09,13,4,0,0,0,1,0,0,0,0
"POINT (7.651293539000051 51.905124973000056)",Unfall 93068 (2020) Kat:3, Licht: 0,93068,3,2,5,08,07,2,0,0,1,0,0,0,1,0
"POINT (7.587446697000075 51.962531907000027)",Unfall 93094 (2020) Kat:3, Licht: 2,93094,3,2,4,09,05,4,0,2,0,1,0,0,0,0
"POINT (7.724779235000028 51.915179182000031)",Unfall 93150 (2020) Kat:2, Licht: 0,93150,2,1,8,09,16,3,0,0,1,0,0,0,0,0
"POINT (7.700361136000026 51.974417135000067)",Unfall 93161 (2020) Kat:3, Licht: 0,93161,3,2,0,09,16,4,0,0,1,1,0,0,0,0
"POINT (7.658822607000047 51.985718626000050)",Unfall 93280 (2020) Kat:3, Licht: 0,93280,3,6,2,09,14,4,0,0,0,1,0,0,0,1
"POINT (7.726970984000047 51.914915939000082)",Unfall 93346 (2020) Kat:3, Licht: 0,93346,3,6,1,09,07,4,0,0,0,1,0,0,0,0
"POINT (7.658821725000053 51.985715142000060)",Unfall 93549 (2020) Kat:3, Licht: 0,93549,3,3,5,09,08,2,0,0,1,1,0,0,0,0
"POINT (7.598354286000074 51.969835387000046)",Unfall 93620 (2020) Kat:3, Licht: 0,93620,3,4,0,09,16,1,0,0,1,0,1,0,0,0
"POINT (7.622025772000029 51.893917488000056)",Unfall 93629 (2020) Kat:3, Licht: 0,93629,3,2,5,09,15,5,1,0,1,1,0,0,0,0
"POINT (7.636905299000034 51.950924902000054)",Unfall 93845 (2020) Kat:3, Licht: 0,93845,3,2,5,09,14,2,0,0,1,1,0,0,0,0
"POINT (7.611556783000026 51.983713279000028)",Unfall 93961 (2020) Kat:3, Licht: 0,93961,3,6,2,09,13,3,0,0,0,1,0,0,0,0
"POINT (7.612284727000031 51.976787571000045)",Unfall 94029 (2020) Kat:3, Licht: 0,94029,3,3,5,09,10,4,0,0,1,0,0,0,0,0
"POINT (7.603955351000025 51.924195285000053)",Unfall 94184 (2020) Kat:3, Licht: 2,94184,3,1,0,09,22,7,0,2,0,0,0,0,0,1
"POINT (7.576109982000048 51.869500398000071)",Unfall 94276 (2020) Kat:3, Licht: 0,94276,3,6,2,09,15,6,0,0,0,1,0,0,1,1
"POINT (7.558800940000026 51.919089368000073)",Unfall 94277 (2020) Kat:3, Licht: 0,94277,3,6,9,09,13,6,0,0,0,1,0,0,0,0
"POINT (7.530764025000053 51.911582255000042)",Unfall 94414 (2020) Kat:3, Licht: 0,94414,3,1,8,09,17,5,0,0,0,0,0,1,0,0
"POINT (7.588409138000031 51.984200161000047)",Unfall 94415 (2020) Kat:3, Licht: 2,94415,3,6,2,09,20,5,0,2,0,1,0,0,0,0
"POINT (7.667921106000051 51.951662810000073)",Unfall 94539 (2020) Kat:3, Licht: 0,94539,3,3,5,09,14,2,0,0,1,0,0,0,0,0
"POINT (7.625277520000054 51.936654604000069)",Unfall 94540 (2020) Kat:3, Licht: 0,94540,3,6,1,09,07,2,0,0,0,1,0,0,0,0
"POINT (7.612063893000027 51.992182105000040)",Unfall 94821 (2020) Kat:2, Licht: 0,94821,2,3,5,09,07,5,0,0,0,1,0,0,0,0
"POINT (7.626807104000022 51.931882630000075)",Unfall 94958 (2020) Kat:3, Licht: 0,94958,3,2,5,09,15,4,0,0,1,1,0,0,0,0
"POINT (7.602154781000024 51.935630288000027)",Unfall 94959 (2020) Kat:3, Licht: 2,94959,3,6,2,09,23,4,0,2,0,1,0,0,0,0
"POINT (7.599077517000069 51.990802575000032)",Unfall 95085 (2020) Kat:3, Licht: 0,95085,3,3,5,09,16,3,0,0,1,1,0,0,0,0
"POINT (7.599323629000025 51.934246148000057)",Unfall 95086 (2020) Kat:3, Licht: 0,95086,3,7,0,09,15,3,0,0,0,1,0,0,0,1
"POINT (7.564416890000075 51.974287681000078)",Unfall 95087 (2020) Kat:2, Licht: 2,95087,2,1,1,09,20,3,0,2,0,1,0,0,0,1
"POINT (7.560003458000040 52.015157163000026)",Unfall 95270 (2020) Kat:3, Licht: 2,95270,3,1,9,09,01,7,0,2,1,0,0,0,0,0
"POINT (7.628349094000043 51.985232077000035)",Unfall 95271 (2020) Kat:3, Licht: 2,95271,3,1,0,09,21,7,0,2,1,0,0,0,0,0
"POINT (7.604009427000051 51.974985991000040)",Unfall 95272 (2020) Kat:3, Licht: 0,95272,3,3,5,09,17,7,0,0,1,1,0,0,0,0
"POINT (7.597370277000039 51.890475930000036)",Unfall 95424 (2020) Kat:3, Licht: 0,95424,3,2,2,09,16,6,0,0,0,1,0,0,0,0
"POINT (7.601624681000033 51.965220983000052)",Unfall 95426 (2020) Kat:3, Licht: 0,95426,3,2,5,09,07,6,0,0,1,0,0,0,0,0
"POINT (7.640550329000064 51.957429351000030)",Unfall 95427 (2020) Kat:3, Licht: 0,95427,3,7,0,09,10,6,0,0,1,0,1,0,0,0
"POINT (7.531841120000024 51.956502362000037)",Unfall 95428 (2020) Kat:2, Licht: 0,95428,2,4,6,09,18,6,0,0,0,1,1,0,0,0
"POINT (7.567220867000060 51.902640992000045)",Unfall 95473 (2020) Kat:2, Licht: 2,95473,2,1,9,09,19,4,0,2,0,1,0,0,0,0
"POINT (7.675469429000032 51.921227279000050)",Unfall 95621 (2020) Kat:3, Licht: 0,95621,3,6,0,09,17,3,0,0,1,0,0,0,0,0
"POINT (7.697983387000022 51.988782242000070)",Unfall 95622 (2020) Kat:3, Licht: 0,95622,3,6,2,09,17,3,0,0,1,0,0,0,0,0
"POINT (7.648806389000072 51.964303953000069)",Unfall 95624 (2020) Kat:3, Licht: 0,95624,3,2,0,09,09,3,0,0,0,1,1,0,0,0
"POINT (7.627664171000049 51.943432506000079)",Unfall 95799 (2020) Kat:3, Licht: 2,95799,3,7,0,09,21,2,0,2,1,0,0,0,0,1
"POINT (7.586876319000055 51.927782045000072)",Unfall 95800 (2020) Kat:3, Licht: 0,95800,3,6,2,09,15,2,0,0,0,1,0,0,0,0
"POINT (7.614475313000071 52.001852331000066)",Unfall 95801 (2020) Kat:3, Licht: 0,95801,3,3,5,09,12,2,0,0,1,1,0,0,0,0
"POINT (7.609215103000054 51.936883094000052)",Unfall 95885 (2020) Kat:3, Licht: 0,95885,3,3,5,09,07,2,0,0,1,1,0,0,0,0
"POINT (7.557284881000044 52.001608115000067)",Unfall 95896 (2020) Kat:2, Licht: 0,95896,2,3,5,09,14,1,0,0,1,1,0,0,0,0
"POINT (7.640775564000023 51.971271436000052)",Unfall 95956 (2020) Kat:3, Licht: 2,95956,3,2,5,09,19,7,1,2,1,1,0,0,0,0
"POINT (7.561668226000052 51.953098858000033)",Unfall 95958 (2020) Kat:3, Licht: 0,95958,3,3,3,09,11,7,0,0,1,0,0,1,0,0
"POINT (7.591969856000048 51.939579653000067)",Unfall 96088 (2020) Kat:3, Licht: 0,96088,3,2,5,09,15,6,0,0,1,1,0,0,0,0
"POINT (7.677852115000064 51.919044881000048)",Unfall 96089 (2020) Kat:3, Licht: 0,96089,3,3,5,09,11,6,0,0,1,1,0,0,0,0
"POINT (7.647129241000073 51.985689325000067)",Unfall 96090 (2020) Kat:3, Licht: 0,96090,3,3,5,09,07,6,1,0,1,0,0,1,0,0
"POINT (7.632946998000023 51.913598688000036)",Unfall 96210 (2020) Kat:3, Licht: 0,96210,3,6,1,09,10,5,0,0,0,1,0,0,0,0
"POINT (7.587486567000042 51.937375236000037)",Unfall 96211 (2020) Kat:3, Licht: 0,96211,3,2,4,09,16,5,0,0,1,1,0,0,0,0
"POINT (7.688190754000061 51.909563489000050)",Unfall 96212 (2020) Kat:3, Licht: 0,96212,3,7,2,09,08,5,0,0,0,1,0,0,1,0
"POINT (7.605806303000065 51.928661068000054)",Unfall 96213 (2020) Kat:3, Licht: 0,96213,3,1,0,09,09,5,0,0,1,0,0,0,0,0
"POINT (7.625043586000061 51.936785934000056)",Unfall 96329 (2020) Kat:3, Licht: 0,96329,3,6,2,09,17,3,1,0,0,1,0,0,0,0
"POINT (7.609737278000068 51.877480595000065)",Unfall 96393 (2020) Kat:3, Licht: 1,96393,3,7,0,09,18,4,0,1,1,1,0,0,0,0
"POINT (7.651333067000053 51.905135358000052)",Unfall 96525 (2020) Kat:3, Licht: 0,96525,3,6,1,09,17,3,1,0,0,1,0,0,0,0
"POINT (7.632785934000026 51.914577126000040)",Unfall 96739 (2020) Kat:3, Licht: 1,96739,3,6,2,10,07,4,1,1,0,1,0,0,0,0
"POINT (7.675366887000052 51.949428863000037)",Unfall 96749 (2020) Kat:3, Licht: 2,96749,3,2,5,10,06,4,1,2,0,1,0,0,0,0
"POINT (7.700388684000075 51.974422841000035)",Unfall 96763 (2020) Kat:2, Licht: 0,96763,2,1,9,10,15,2,0,0,0,1,0,0,0,0
"POINT (7.612232911000035 51.977539707000062)",Unfall 96778 (2020) Kat:3, Licht: 0,96778,3,7,1,10,15,5,1,0,1,0,0,0,0,0
"POINT (7.708201202000055 51.911414972000046)",Unfall 96808 (2020) Kat:3, Licht: 2,96808,3,1,5,10,21,3,1,2,0,1,0,0,0,1
"POINT (7.618463466000037 51.959626788000037)",Unfall 96881 (2020) Kat:3, Licht: 0,96881,3,2,5,10,16,5,1,0,1,1,0,0,0,0
"POINT (7.578833857000063 51.934350027000050)",Unfall 96907 (2020) Kat:3, Licht: 0,96907,3,2,5,10,09,3,0,0,1,1,0,0,0,0
"POINT (7.625929598000028 51.955665476000036)",Unfall 96975 (2020) Kat:3, Licht: 0,96975,3,3,5,10,14,2,0,0,0,1,0,0,1,0
"POINT (7.612435082000047 51.974273027000038)",Unfall 97096 (2020) Kat:3, Licht: 0,97096,3,2,4,10,13,5,1,0,0,1,0,0,0,1
"POINT (7.623554810000030 51.974719809000078)",Unfall 97125 (2020) Kat:2, Licht: 1,97125,2,2,6,10,07,3,1,1,0,0,1,0,0,1
"POINT (7.683952469000076 51.913618454000073)",Unfall 97197 (2020) Kat:2, Licht: 1,97197,2,2,5,10,17,5,1,1,0,1,0,1,0,0
"POINT (7.590483813000049 51.973731049000037)",Unfall 97223 (2020) Kat:3, Licht: 0,97223,3,3,5,10,14,3,0,0,1,1,0,0,0,0
"POINT (7.624963697000055 51.950888195000061)",Unfall 97226 (2020) Kat:3, Licht: 0,97226,3,2,3,10,17,7,1,0,1,1,0,0,0,0
"POINT (7.516010885000071 51.907174283000074)",Unfall 97240 (2020) Kat:3, Licht: 0,97240,3,7,2,10,17,4,0,0,0,1,0,0,0,0
"POINT (7.638325708000025 51.958459110000035)",Unfall 97337 (2020) Kat:3, Licht: 2,97337,3,2,6,10,21,7,1,2,0,1,1,0,0,0
"POINT (7.563240846000042 51.909707056000059)",Unfall 97425 (2020) Kat:2, Licht: 1,97425,2,3,2,10,07,6,1,1,0,1,0,0,0,0
"POINT (7.699241930000028 51.911076994000041)",Unfall 97427 (2020) Kat:2, Licht: 0,97427,2,1,9,10,13,6,0,0,1,0,0,0,0,0
"POINT (7.706763054000021 51.911522463000040)",Unfall 97429 (2020) Kat:2, Licht: 0,97429,2,3,0,10,11,6,0,0,1,1,0,0,0,0
"POINT (7.635005674000070 51.959858119000046)",Unfall 97508 (2020) Kat:3, Licht: 0,97508,3,6,3,10,13,7,0,0,1,0,0,0,0,0
"POINT (7.617611551000039 51.961878196000043)",Unfall 97538 (2020) Kat:3, Licht: 0,97538,3,2,5,10,10,3,0,0,1,1,0,0,0,0
"POINT (7.648548054000059 51.904647688000068)",Unfall 97609 (2020) Kat:3, Licht: 0,97609,3,6,3,10,10,3,0,0,1,0,0,0,0,0
"POINT (7.639922858000034 51.993086503000029)",Unfall 97653 (2020) Kat:3, Licht: 0,97653,3,4,6,10,17,3,0,0,0,1,1,0,0,0
"POINT (7.626819611000030 51.955547456000033)",Unfall 97701 (2020) Kat:3, Licht: 0,97701,3,2,2,10,12,2,0,0,0,1,0,0,0,0
"POINT (7.627333659000044 51.943287297000040)",Unfall 97704 (2020) Kat:3, Licht: 0,97704,3,3,5,10,12,2,0,0,1,1,0,0,0,0
"POINT (7.600509663000025 51.977036858000076)",Unfall 97708 (2020) Kat:3, Licht: 1,97708,3,3,5,10,17,3,0,1,1,1,0,0,0,0
"POINT (7.636432652000053 51.952571986000066)",Unfall 97767 (2020) Kat:3, Licht: 0,97767,3,3,5,10,16,3,0,0,1,1,0,0,0,0
"POINT (7.576347137000028 51.862223017000076)",Unfall 97840 (2020) Kat:3, Licht: 0,97840,3,7,2,10,07,2,0,0,0,1,0,0,1,0
"POINT (7.611648740000021 51.842313886000056)",Unfall 97887 (2020) Kat:2, Licht: 0,97887,2,3,5,10,15,3,0,0,0,1,0,0,0,0
"POINT (7.609585600000060 51.937850907000040)",Unfall 97957 (2020) Kat:3, Licht: 2,97957,3,1,0,10,06,6,0,2,0,0,0,1,0,0
"POINT (7.655947489000027 51.968439569000054)",Unfall 97959 (2020) Kat:3, Licht: 0,97959,3,7,3,10,17,6,0,0,1,0,0,0,0,1
"POINT (7.636507731000052 51.904510225000081)",Unfall 98073 (2020) Kat:3, Licht: 0,98073,3,3,5,10,11,7,0,0,1,1,0,0,0,0
"POINT (7.689385473000073 51.910170432000029)",Unfall 98192 (2020) Kat:3, Licht: 0,98192,3,2,5,10,09,4,1,0,1,0,0,0,0,1
"POINT (7.615591049000045 52.014946963000057)",Unfall 98316 (2020) Kat:3, Licht: 0,98316,3,6,2,10,12,6,1,0,0,1,0,0,0,0
"POINT (7.677840608000054 51.919055397000079)",Unfall 98407 (2020) Kat:3, Licht: 2,98407,3,3,5,10,07,5,0,2,1,1,0,0,0,0
"POINT (7.648829329000023 51.964310566000051)",Unfall 98411 (2020) Kat:3, Licht: 2,98411,3,3,5,10,22,5,1,2,0,1,0,0,0,0
"POINT (7.626429971000050 51.909503916000062)",Unfall 98415 (2020) Kat:3, Licht: 0,98415,3,3,5,10,11,5,0,0,1,1,0,0,0,0
"POINT (7.619631993000041 51.974586930000044)",Unfall 98452 (2020) Kat:3, Licht: 2,98452,3,7,0,10,21,6,1,2,1,0,0,0,0,0
"POINT (7.601698707000026 51.965177876000041)",Unfall 98470 (2020) Kat:3, Licht: 2,98470,3,2,5,10,18,4,1,2,1,1,0,0,0,0
"POINT (7.570504381000035 51.924937887000056)",Unfall 98478 (2020) Kat:3, Licht: 2,98478,3,6,2,10,17,3,0,2,0,1,0,1,0,1
"POINT (7.548574701000064 51.947455028000036)",Unfall 98502 (2020) Kat:2, Licht: 2,98502,2,1,9,10,00,2,1,2,0,1,0,0,0,0
"POINT (7.617514714000038 51.965284406000080)",Unfall 98509 (2020) Kat:3, Licht: 2,98509,3,2,5,10,19,1,1,2,1,1,0,0,0,0
"POINT (7.626623124000048 51.931848341000034)",Unfall 98512 (2020) Kat:3, Licht: 2,98512,3,3,5,10,18,1,1,2,0,1,0,0,0,0
"POINT (7.651108236000027 51.993057857000053)",Unfall 98515 (2020) Kat:2, Licht: 0,98515,2,3,5,10,10,1,1,0,1,1,0,0,0,0
"POINT (7.614892649000069 52.007614100000069)",Unfall 98596 (2020) Kat:3, Licht: 0,98596,3,3,5,10,14,2,0,0,1,1,0,0,0,0
"POINT (7.587124054000071 51.918434040000079)",Unfall 98627 (2020) Kat:3, Licht: 2,98627,3,1,8,10,23,3,1,2,0,1,0,0,0,0
"POINT (7.670596333000049 51.925726223000026)",Unfall 98700 (2020) Kat:3, Licht: 0,98700,3,3,5,10,11,3,0,0,1,1,0,0,0,0
"POINT (7.712329554000064 51.917090079000047)",Unfall 98726 (2020) Kat:3, Licht: 2,98726,3,3,0,10,18,2,0,2,1,1,0,0,0,0
"POINT (7.575619071000062 52.006132259000026)",Unfall 98746 (2020) Kat:2, Licht: 2,98746,2,6,2,10,06,4,1,2,0,1,0,0,1,0
"POINT (7.625165647000074 51.951465925000036)",Unfall 98793 (2020) Kat:2, Licht: 2,98793,2,1,0,10,23,7,0,2,1,0,0,0,0,0
"POINT (7.633753019000039 51.995364622000068)",Unfall 98817 (2020) Kat:3, Licht: 1,98817,3,6,4,10,16,2,1,1,1,0,0,0,0,1
"POINT (7.601542949000077 51.935407265000038)",Unfall 98874 (2020) Kat:2, Licht: 0,98874,2,1,0,10,16,5,0,0,1,0,0,0,0,0
"POINT (7.601236339000025 51.976605997000036)",Unfall 98879 (2020) Kat:3, Licht: 2,98879,3,3,5,10,18,5,1,2,1,1,0,0,0,0
"POINT (7.614657137000052 52.002755295000043)",Unfall 98970 (2020) Kat:3, Licht: 0,98970,3,6,2,10,09,6,1,0,0,1,0,0,0,0
"POINT (7.601937142000054 51.935341929000060)",Unfall 98975 (2020) Kat:3, Licht: 0,98975,3,6,2,10,13,6,1,0,0,1,0,0,0,0
"POINT (7.626378457000044 51.965260721000050)",Unfall 99283 (2020) Kat:3, Licht: 0,99283,3,2,5,11,10,4,0,0,1,1,0,0,0,0
"POINT (7.647023867000030 51.963743950000037)",Unfall 99308 (2020) Kat:3, Licht: 0,99308,3,2,6,11,14,5,0,0,0,1,1,0,0,0
"POINT (7.622321183000054 51.893943692000050)",Unfall 99464 (2020) Kat:3, Licht: 0,99464,3,2,5,11,08,4,0,0,1,0,0,0,1,0
"POINT (7.724546667000027 51.924913185000037)",Unfall 99553 (2020) Kat:3, Licht: 1,99553,3,6,2,11,06,4,0,1,0,1,0,0,0,0
"POINT (7.622807337000040 51.898035853000067)",Unfall 99616 (2020) Kat:3, Licht: 2,99616,3,2,5,11,06,6,0,2,1,1,0,0,0,0
"POINT (7.602424137000071 51.920402236000029)",Unfall 99625 (2020) Kat:3, Licht: 0,99625,3,6,2,11,12,2,0,0,0,1,0,0,0,0
"POINT (7.631753440000068 51.950771068000051)",Unfall 99628 (2020) Kat:3, Licht: 2,99628,3,2,6,11,17,2,1,2,0,1,1,0,0,0
"POINT (7.645744344000036 51.955499792000069)",Unfall 99633 (2020) Kat:3, Licht: 2,99633,3,2,4,11,20,2,1,2,0,1,0,0,0,0
"POINT (7.578593461000025 51.979898065000043)",Unfall 99645 (2020) Kat:3, Licht: 2,99645,3,7,0,11,20,2,1,2,1,0,0,0,0,1
"POINT (7.631079250000028 51.953392495000060)",Unfall 99649 (2020) Kat:3, Licht: 0,99649,3,2,0,11,07,2,1,0,1,1,0,0,0,0
"POINT (7.606564204000051 51.930498227000044)",Unfall 99825 (2020) Kat:3, Licht: 2,99825,3,6,2,11,17,3,0,2,0,1,0,0,0,1
"POINT (7.598718254000062 51.876052880000032)",Unfall 99945 (2020) Kat:2, Licht: 0,99945,2,1,7,11,09,5,1,0,0,0,0,0,0,1
"POINT (7.674480242000072 52.006973546000040)",Unfall 100002 (2020) Kat:3, Licht: 0,100002,3,6,3,11,14,4,1,0,0,1,0,0,1,0
"POINT (7.669719567000072 51.998763640000050)",Unfall 100006 (2020) Kat:3, Licht: 0,100006,3,2,0,11,14,1,0,0,1,1,0,0,0,0
"POINT (7.664180311000052 51.952519616000075)",Unfall 100010 (2020) Kat:3, Licht: 2,100010,3,6,2,11,19,1,0,2,0,1,0,0,0,0
"POINT (7.634935741000049 51.959751679000078)",Unfall 100111 (2020) Kat:3, Licht: 0,100111,3,3,5,11,16,3,1,0,1,1,0,0,0,0
"POINT (7.615804237000020 51.974408991000075)",Unfall 100162 (2020) Kat:3, Licht: 0,100162,3,2,2,11,08,4,0,0,0,1,0,1,0,0
"POINT (7.600486976000070 51.977050310000038)",Unfall 100174 (2020) Kat:3, Licht: 1,100174,3,1,0,11,17,1,1,1,1,0,0,0,0,0
"POINT (7.636526808000042 51.973528509000062)",Unfall 100180 (2020) Kat:3, Licht: 0,100180,3,6,2,11,15,3,0,0,0,1,0,0,0,0
"POINT (7.588870361000033 51.965273919000026)",Unfall 100268 (2020) Kat:3, Licht: 1,100268,3,3,5,11,07,4,0,1,1,1,0,0,0,0
"POINT (7.548935060000076 51.946115660000032)",Unfall 100325 (2020) Kat:3, Licht: 0,100325,3,1,8,11,11,2,0,0,0,1,0,0,0,0
"POINT (7.634732446000044 51.970465650000051)",Unfall 100331 (2020) Kat:3, Licht: 0,100331,3,2,5,11,15,7,0,0,1,0,0,0,0,0
"POINT (7.640275688000031 51.899807907000081)",Unfall 100336 (2020) Kat:3, Licht: 0,100336,3,2,5,11,14,7,0,0,1,1,0,0,0,0
"POINT (7.686068949000060 51.993840306000038)",Unfall 100359 (2020) Kat:2, Licht: 0,100359,2,6,3,11,11,2,0,0,1,0,0,0,0,0
"POINT (7.644043564000072 51.992577254000082)",Unfall 100376 (2020) Kat:3, Licht: 0,100376,3,3,5,11,12,2,0,0,1,1,0,0,0,0
"POINT (7.660820512000043 51.933592310000051)",Unfall 100383 (2020) Kat:3, Licht: 0,100383,3,6,0,11,15,2,1,0,1,0,0,0,0,0
"POINT (7.609428043000037 51.940807714000073)",Unfall 100402 (2020) Kat:3, Licht: 1,100402,3,2,6,11,07,3,1,1,0,1,1,0,0,0
"POINT (7.625401774000068 51.936201008000069)",Unfall 100406 (2020) Kat:3, Licht: 2,100406,3,6,3,11,05,2,1,2,1,0,0,0,0,0
"POINT (7.604583081000044 51.937261215000035)",Unfall 100431 (2020) Kat:3, Licht: 0,100431,3,3,1,11,08,2,0,0,1,1,0,0,0,0
"POINT (7.594682243000023 51.988565599000026)",Unfall 100492 (2020) Kat:3, Licht: 0,100492,3,3,5,11,12,4,0,0,1,1,0,0,0,0
"POINT (7.605448365000029 51.974198945000069)",Unfall 100578 (2020) Kat:3, Licht: 1,100578,3,1,0,11,06,5,1,1,0,0,0,1,0,0
"POINT (7.636458526000070 51.972717453000030)",Unfall 100591 (2020) Kat:3, Licht: 0,100591,3,7,6,11,10,6,0,0,1,0,1,0,0,0
"POINT (7.588870361000033 51.965273919000026)",Unfall 100593 (2020) Kat:3, Licht: 0,100593,3,3,5,11,08,6,0,0,1,1,0,0,0,0
"POINT (7.648078170000076 51.904588884000077)",Unfall 100600 (2020) Kat:2, Licht: 0,100600,2,2,4,11,13,6,0,0,1,1,0,0,0,0
"POINT (7.551696861000039 51.925001491000046)",Unfall 100604 (2020) Kat:3, Licht: 2,100604,3,6,1,11,06,6,0,2,0,1,0,0,0,0
"POINT (7.671775257000036 51.924673274000043)",Unfall 100723 (2020) Kat:3, Licht: 0,100723,3,6,2,11,07,2,1,0,0,1,0,0,0,0
"POINT (7.638150773000064 51.902467846000036)",Unfall 100776 (2020) Kat:3, Licht: 0,100776,3,6,2,11,11,2,0,0,0,1,0,0,0,0
"POINT (7.626838090000035 51.955556316000070)",Unfall 100828 (2020) Kat:3, Licht: 0,100828,3,2,5,11,13,2,0,0,1,1,0,0,0,0
"POINT (7.635334038000053 51.961950234000028)",Unfall 100905 (2020) Kat:3, Licht: 2,100905,3,1,0,11,17,6,0,2,0,0,0,0,0,1
"POINT (7.648325901000021 51.992927565000059)",Unfall 100907 (2020) Kat:3, Licht: 2,100907,3,2,5,11,20,6,0,2,1,1,0,0,0,0
"POINT (7.606388380000055 51.949498886000072)",Unfall 100932 (2020) Kat:3, Licht: 0,100932,3,6,2,11,14,2,0,0,0,1,0,0,0,1
"POINT (7.633955969000056 51.969712417000039)",Unfall 101024 (2020) Kat:3, Licht: 0,101024,3,3,5,11,08,5,1,0,1,0,0,0,0,0
"POINT (7.623271881000051 51.945319445000052)",Unfall 101026 (2020) Kat:2, Licht: 0,101026,2,3,5,11,08,5,1,0,1,0,0,1,0,0
"POINT (7.587486567000042 51.937375236000037)",Unfall 101027 (2020) Kat:3, Licht: 2,101027,3,3,5,11,18,5,1,2,1,1,0,0,0,0
"POINT (7.530860494000024 51.951843940000060)",Unfall 101110 (2020) Kat:3, Licht: 2,101110,3,4,6,11,16,4,0,2,0,1,1,0,0,0
"POINT (7.612807380000049 51.995739070000070)",Unfall 101111 (2020) Kat:3, Licht: 2,101111,3,3,5,11,16,4,0,2,1,1,0,0,0,0
"POINT (7.626320284000030 51.909661896000046)",Unfall 101211 (2020) Kat:3, Licht: 0,101211,3,3,5,11,12,3,0,0,1,1,0,0,0,0
"POINT (7.659680511000033 51.934537691000060)",Unfall 101390 (2020) Kat:3, Licht: 0,101390,3,6,3,11,15,2,0,0,0,1,0,0,1,0
"POINT (7.585430234000057 51.927293811000027)",Unfall 101391 (2020) Kat:3, Licht: 2,101391,3,6,2,11,17,2,1,2,0,1,0,0,0,0
"POINT (7.625218727000060 51.951643116000071)",Unfall 101392 (2020) Kat:3, Licht: 2,101392,3,7,0,11,18,2,0,2,1,1,0,0,0,0
"POINT (7.648361092000073 51.992929916000037)",Unfall 101393 (2020) Kat:3, Licht: 2,101393,3,2,6,11,19,2,1,2,0,1,1,0,0,0
"POINT (7.603841781000028 51.994120736000070)",Unfall 101618 (2020) Kat:3, Licht: 0,101618,3,2,6,12,08,7,0,0,0,1,1,0,0,0
"POINT (7.562392577000026 51.911295397000060)",Unfall 101695 (2020) Kat:2, Licht: 0,101695,2,7,8,12,09,6,1,0,0,1,0,0,0,0
"POINT (7.625705668000023 51.934257545000037)",Unfall 101696 (2020) Kat:3, Licht: 2,101696,3,2,6,12,07,6,1,2,0,1,1,0,0,0
"POINT (7.601756080000030 51.994938857000079)",Unfall 101790 (2020) Kat:3, Licht: 0,101790,3,3,5,12,09,5,1,0,1,1,0,0,0,0
"POINT (7.596298312000045 51.941742451000039)",Unfall 101791 (2020) Kat:3, Licht: 2,101791,3,6,2,12,07,5,1,2,1,1,0,0,0,0
"POINT (7.619666749000032 51.957356890000028)",Unfall 101793 (2020) Kat:3, Licht: 0,101793,3,2,3,12,14,5,0,0,1,1,0,0,0,0