WKT,Name,OBJECTID,UKATEGORIE,UTYP1,UART,UMONAT,USTUNDE,UWOCHENTAG,STRZUSTAND,ULICHTVERH,ISTRAD,ISTPKW,ISTFUSS,ISTKRAD,ISTGKFZ,ISTSONSTIG
"POINT (7.532273576000023 51.955606550000027)",Unfall 101794 (2020) Kat:3, Licht: 2,101794,3,3,5,12,18,5,1,2,1,1,0,0,0,0
"POINT (7.596504692000053 51.964924951000057)",Unfall 101915 (2020) Kat:3, Licht: 0,101915,3,3,5,12,10,4,0,0,1,1,0,0,0,0
"POINT (7.651541492000035 51.940006650000043)",Unfall 101931 (2020) Kat:3, Licht: 2,101931,3,1,9,12,17,3,0,2,0,1,0,0,0,0
"POINT (7.656083073000048 51.968877447000068)",Unfall 101987 (2020) Kat:3, Licht: 2,101987,3,3,5,12,18,2,1,2,0,1,0,1,0,0
"POINT (7.657546127000046 51.935822775000076)",Unfall 102078 (2020) Kat:2, Licht: 1,102078,2,6,4,12,16,3,0,1,1,0,0,0,0,0
"POINT (7.520077363000041 51.976460432000067)",Unfall 102136 (2020) Kat:3, Licht: 2,102136,3,3,5,12,18,2,1,2,1,1,0,0,0,0
"POINT (7.608100871000033 51.974016672000062)",Unfall 102192 (2020) Kat:3, Licht: 2,102192,3,4,6,12,16,1,1,2,0,1,1,0,0,0
"POINT (7.761344781000048 51.928129650000074)",Unfall 102208 (2020) Kat:3, Licht: 0,102208,3,6,4,12,09,3,1,0,0,1,0,0,0,0
"POINT (7.550138704000062 51.914533440000071)",Unfall 102280 (2020) Kat:3, Licht: 0,102280,3,7,2,12,08,2,1,0,0,1,0,0,0,1
"POINT (7.612223238000070 51.993533197000033)",Unfall 102319 (2020) Kat:3, Licht: 0,102319,3,2,5,12,16,2,1,0,1,1,0,0,0,0
"POINT (7.592389640000022 51.930317114000047)",Unfall 102391 (2020) Kat:2, Licht: 2,102391,2,2,5,12,07,3,1,2,1,1,0,0,0,0
"POINT (7.606965254000045 51.931463808000046)",Unfall 102463 (2020) Kat:3, Licht: 0,102463,3,6,2,12,10,7,1,0,0,1,0,0,0,0
"POINT (7.548075167000036 51.990494010000077)",Unfall 102490 (2020) Kat:2, Licht: 0,102490,2,1,8,12,16,2,1,0,0,1,0,0,0,0
"POINT (7.631186606000028 51.947564916000033)",Unfall 102570 (2020) Kat:3, Licht: 0,102570,3,6,2,12,14,2,0,0,0,1,0,0,0,0
"POINT (7.645744344000036 51.955499792000069)",Unfall 102657 (2020) Kat:3, Licht: 0,102657,3,2,5,12,14,2,1,0,1,0,0,0,0,1
"POINT (7.597771398000020 51.978658645000053)",Unfall 102667 (2020) Kat:3, Licht: 2,102667,3,2,0,12,07,5,1,2,1,1,0,0,0,0
"POINT (7.638132762000055 51.902490236000062)",Unfall 102671 (2020) Kat:3, Licht: 2,102671,3,1,0,12,07,5,1,2,0,0,0,1,0,0
"POINT (7.655542981000053 51.954640462000043)",Unfall 102704 (2020) Kat:3, Licht: 0,102704,3,7,0,12,13,4,1,0,0,1,1,0,0,0
"POINT (7.716751310000063 51.916331707000040)",Unfall 102711 (2020) Kat:2, Licht: 0,102711,2,2,5,12,12,4,0,0,1,1,0,0,0,0
"POINT (7.673734078000052 51.930012741000041)",Unfall 102793 (2020) Kat:3, Licht: 0,102793,3,3,5,12,15,6,0,0,1,1,0,0,0,0
"POINT (7.632068245000028 51.917761279000047)",Unfall 102864 (2020) Kat:3, Licht: 0,102864,3,5,1,12,14,5,0,0,0,1,0,0,0,0
"POINT (7.588539608000076 51.967657741000039)",Unfall 102902 (2020) Kat:3, Licht: 2,102902,3,1,8,12,23,2,1,2,0,0,0,0,0,1
"POINT (7.631467895000071 51.951081035000072)",Unfall 103043 (2020) Kat:2, Licht: 1,103043,2,4,6,12,08,5,1,1,0,1,1,0,0,0
"POINT (7.619221872000026 51.974566078000066)",Unfall 103057 (2020) Kat:2, Licht: 0,103057,2,4,0,12,11,6,0,0,1,0,1,0,0,0
"POINT (7.588145603000044 51.970421572000078)",Unfall 103078 (2020) Kat:3, Licht: 0,103078,3,2,5,12,08,2,1,0,1,1,0,0,0,0
"POINT (7.567673949000039 51.955733055000053)",Unfall 103174 (2020) Kat:3, Licht: 2,103174,3,3,5,12,06,2,1,2,1,1,0,0,0,0
"POINT (7.625313148000032 51.942270597000061)",Unfall 103180 (2020) Kat:3, Licht: 0,103180,3,2,5,12,15,3,1,0,1,1,0,0,0,0
"POINT (7.611803644000077 51.943866901000035)",Unfall 103211 (2020) Kat:3, Licht: 2,103211,3,2,6,12,17,4,0,2,0,1,1,0,0,0
"POINT (7.594699700000035 51.988568031000057)",Unfall 103361 (2020) Kat:3, Licht: 2,103361,3,2,6,12,17,2,1,2,0,1,1,0,0,0
"POINT (7.647501301000034 51.959939219000034)",Unfall 103368 (2020) Kat:3, Licht: 2,103368,3,6,2,12,17,3,1,2,0,1,0,0,0,0
"POINT (7.593230643000027 52.020724531000042)",Unfall 103379 (2020) Kat:2, Licht: 2,103379,2,6,2,12,22,5,1,2,0,1,0,0,0,1
"POINT (7.659037704000070 51.954195455000047)",Unfall 103449 (2020) Kat:3, Licht: 0,103449,3,6,2,12,12,2,0,0,0,1,0,0,0,0
"POINT (7.675959672000033 51.920752146000041)",Unfall 103505 (2020) Kat:3, Licht: 0,103505,3,7,0,12,13,1,1,0,1,1,0,0,0,0
"POINT (7.578525502000048 51.853376661000027)",Unfall 103506 (2020) Kat:3, Licht: 2,103506,3,7,0,12,16,4,1,2,0,0,0,0,0,1
"POINT (7.623554810000030 51.974719809000078)",Unfall 103509 (2020) Kat:3, Licht: 2,103509,3,2,6,12,19,4,1,2,0,1,1,0,0,0
"POINT (7.673725892000050 51.930010519000064)",Unfall 103512 (2020) Kat:3, Licht: 2,103512,3,3,5,12,19,4,1,2,1,1,0,0,0,0
"POINT (7.655724492000047 51.967938990000050)",Unfall 103516 (2020) Kat:3, Licht: 2,103516,3,6,2,12,20,3,1,2,0,1,0,0,0,0
"POINT (7.684441907000064 51.947576950000041)",Unfall 103520 (2020) Kat:3, Licht: 1,103520,3,3,5,12,16,3,1,1,1,1,0,0,0,0
"POINT (7.673832384000036 51.922696621000057)",Unfall 103575 (2020) Kat:2, Licht: 2,103575,2,6,8,12,20,1,1,2,0,1,0,0,0,0
"POINT (7.634350445000052 51.925404184000058)",Unfall 200900 (2020) Kat:3, Licht: 2,200900,3,3,5,01,18,6,1,2,0,1,0,0,0,0
"POINT (7.632812465000029 51.973101567000072)",Unfall 200942 (2020) Kat:3, Licht: 0,200942,3,2,5,01,13,4,0,0,1,1,0,0,0,0
"POINT (7.669644147000042 51.954722170000082)",Unfall 200963 (2020) Kat:3, Licht: 2,200963,3,2,5,01,07,5,0,2,1,1,0,0,0,0
"POINT (7.602981931000045 51.959751345000029)",Unfall 200978 (2020) Kat:2, Licht: 2,200978,2,1,0,01,02,1,1,2,0,0,0,0,0,1
"POINT (7.634959191000064 51.959721197000079)",Unfall 201220 (2020) Kat:3, Licht: 0,201220,3,6,3,01,13,4,1,0,1,0,0,0,0,0
"POINT (7.650778628000069 51.953930395000043)",Unfall 201327 (2020) Kat:3, Licht: 2,201327,3,1,6,01,07,3,1,2,0,1,1,0,0,0
"POINT (7.635652481000022 51.955989727000031)",Unfall 201407 (2020) Kat:3, Licht: 0,201407,3,1,0,01,12,7,0,0,1,0,1,0,0,0
"POINT (7.627518688000066 51.961233366000044)",Unfall 201412 (2020) Kat:3, Licht: 0,201412,3,2,5,01,09,7,0,0,1,0,1,0,0,0
"POINT (7.638937026000065 51.907217250000031)",Unfall 201414 (2020) Kat:2, Licht: 1,201414,2,7,4,01,07,4,0,1,1,0,0,0,0,0
"POINT (7.647023867000030 51.963743950000037)",Unfall 201484 (2020) Kat:3, Licht: 0,201484,3,3,5,01,12,2,1,0,0,1,0,0,0,0
"POINT (7.623403845000041 51.933846227000060)",Unfall 201536 (2020) Kat:2, Licht: 0,201536,2,4,6,01,11,6,1,0,0,1,1,0,0,0
"POINT (7.648309469000026 51.952519986000027)",Unfall 201568 (2020) Kat:2, Licht: 0,201568,2,4,6,01,08,4,0,0,1,0,1,0,0,0
"POINT (7.644700514000022 51.962087789000066)",Unfall 201648 (2020) Kat:3, Licht: 2,201648,3,4,6,01,16,7,1,2,1,0,1,0,0,0
"POINT (7.632706024000072 51.928731775000074)",Unfall 201709 (2020) Kat:3, Licht: 0,201709,3,3,5,01,15,6,1,0,1,1,0,0,0,0
"POINT (7.591999734000069 51.939521523000053)",Unfall 201711 (2020) Kat:3, Licht: 1,201711,3,6,1,01,07,6,1,1,0,1,0,0,0,1
"POINT (7.633586197000057 51.960188466000034)",Unfall 201713 (2020) Kat:3, Licht: 0,201713,3,2,5,01,14,6,1,0,1,0,0,0,0,0
"POINT (7.588619034000033 51.959956909000027)",Unfall 201792 (2020) Kat:3, Licht: 2,201792,3,1,0,01,06,1,0,2,1,0,0,0,0,0
"POINT (7.600742110000056 51.966667560000076)",Unfall 201838 (2020) Kat:3, Licht: 0,201838,3,2,5,01,15,5,0,0,1,1,0,0,0,0
"POINT (7.680314737000060 52.033560296000076)",Unfall 201839 (2020) Kat:2, Licht: 0,201839,2,6,4,01,16,5,0,0,1,1,0,0,0,0
"POINT (7.632817518000024 51.964688992000049)",Unfall 201840 (2020) Kat:2, Licht: 0,201840,2,2,6,01,12,5,0,0,1,0,1,0,0,0
"POINT (7.561297459000059 51.976251532000049)",Unfall 201866 (2020) Kat:3, Licht: 2,201866,3,2,0,01,19,4,0,2,0,1,1,0,0,0
"POINT (7.629589739000039 51.960826496000038)",Unfall 201885 (2020) Kat:3, Licht: 0,201885,3,7,0,01,12,7,0,0,1,0,1,0,0,0
"POINT (7.595529605000024 51.996189685000047)",Unfall 201929 (2020) Kat:3, Licht: 0,201929,3,3,3,01,12,4,0,0,1,0,0,0,0,0
"POINT (7.632333187000029 51.953110617000050)",Unfall 202022 (2020) Kat:3, Licht: 2,202022,3,4,6,01,17,4,1,2,1,0,1,0,0,0
"POINT (7.658987112000034 51.958533423000063)",Unfall 202194 (2020) Kat:3, Licht: 2,202194,3,3,5,01,07,3,1,2,1,1,0,0,0,0
"POINT (7.679457690000049 52.026284618000034)",Unfall 202214 (2020) Kat:3, Licht: 1,202214,3,6,1,01,17,4,0,1,0,1,0,0,0,0
"POINT (7.630936898000073 51.941185868000048)",Unfall 202233 (2020) Kat:2, Licht: 2,202233,2,1,0,01,23,1,1,2,1,0,0,0,0,0
"POINT (7.615679031000070 51.967643877000057)",Unfall 202310 (2020) Kat:3, Licht: 1,202310,3,1,0,01,14,2,1,1,1,0,0,0,0,0
"POINT (7.608559928000034 51.989369280000062)",Unfall 202312 (2020) Kat:3, Licht: 2,202312,3,6,2,01,18,2,1,2,0,1,0,0,0,0
"POINT (7.632557301000077 51.972577550000040)",Unfall 202419 (2020) Kat:3, Licht: 0,202419,3,1,0,02,11,7,1,0,1,0,0,0,0,0
"POINT (7.625950250000074 51.959021916000040)",Unfall 202485 (2020) Kat:3, Licht: 0,202485,3,5,2,01,13,6,0,0,1,1,0,0,0,0
"POINT (7.618346550000069 51.952633588000026)",Unfall 202488 (2020) Kat:3, Licht: 2,202488,3,2,5,01,21,5,1,2,1,0,0,0,0,0
"POINT (7.566303711000046 51.972892119000051)",Unfall 202490 (2020) Kat:3, Licht: 2,202490,3,2,5,01,07,5,1,2,1,1,0,0,0,0
"POINT (7.619126564000055 51.972531373000038)",Unfall 202492 (2020) Kat:3, Licht: 2,202492,3,1,8,01,02,5,1,2,1,1,0,0,0,0
"POINT (7.626673344000039 51.931905789000041)",Unfall 202578 (2020) Kat:2, Licht: 2,202578,2,4,6,02,21,1,1,2,0,1,1,0,0,0
"POINT (7.619432267000036 51.943209154000044)",Unfall 202715 (2020) Kat:3, Licht: 0,202715,3,7,0,02,09,4,2,0,1,0,0,0,1,0
"POINT (7.560052134000046 51.925949066000044)",Unfall 202871 (2020) Kat:3, Licht: 0,202871,3,7,0,02,11,6,0,0,1,1,0,0,0,0
"POINT (7.624154571000076 51.960601731000054)",Unfall 202875 (2020) Kat:3, Licht: 0,202875,3,7,7,02,15,6,0,0,0,1,1,0,0,0
"POINT (7.635603921000040 51.938625155000068)",Unfall 202928 (2020) Kat:3, Licht: 1,202928,3,3,5,02,18,3,1,1,1,1,0,0,0,0
"POINT (7.612350699000047 51.974272033000034)",Unfall 202963 (2020) Kat:3, Licht: 0,202963,3,2,3,02,14,4,0,0,1,0,0,0,0,1
"POINT (7.631328444000076 51.954025825000031)",Unfall 203045 (2020) Kat:3, Licht: 2,203045,3,2,6,02,18,1,1,2,0,1,1,0,0,0
"POINT (7.625415608000026 51.962105628000074)",Unfall 203051 (2020) Kat:3, Licht: 0,203051,3,7,0,02,15,1,1,0,1,0,0,0,0,0
"POINT (7.664232218000052 51.930373403000033)",Unfall 203069 (2020) Kat:3, Licht: 0,203069,3,1,4,02,15,4,0,0,0,1,0,0,0,0
"POINT (7.641364125000052 51.963633885000036)",Unfall 203111 (2020) Kat:3, Licht: 2,203111,3,5,9,02,21,7,0,2,1,1,0,0,0,0
"POINT (7.599816307000026 51.969553806000079)",Unfall 203113 (2020) Kat:2, Licht: 2,203113,2,7,0,02,18,7,0,2,0,0,0,0,0,1
"POINT (7.651715151000076 51.988685814000064)",Unfall 203122 (2020) Kat:3, Licht: 2,203122,3,7,6,02,19,7,0,2,0,0,1,0,0,1
"POINT (7.634079078000070 51.956952808000040)",Unfall 203158 (2020) Kat:3, Licht: 2,203158,3,2,5,02,20,1,1,2,0,1,1,0,0,0
"POINT (7.532887750000043 51.952602117000026)",Unfall 203208 (2020) Kat:3, Licht: 0,203208,3,3,5,02,09,3,0,0,1,1,0,0,0,0
"POINT (7.620517554000060 51.957606536000071)",Unfall 203209 (2020) Kat:3, Licht: 2,203209,3,2,3,02,20,3,0,2,1,1,0,0,0,0
"POINT (7.724630514000069 51.924823376000063)",Unfall 203211 (2020) Kat:3, Licht: 2,203211,3,1,0,02,21,3,1,2,1,0,0,0,0,0
"POINT (7.622441716000026 51.927878889000056)",Unfall 203232 (2020) Kat:2, Licht: 0,203232,2,7,0,02,14,4,0,0,0,1,1,0,0,0
"POINT (7.618029608000029 51.966565886000069)",Unfall 203242 (2020) Kat:3, Licht: 2,203242,3,7,0,02,05,7,0,2,1,0,0,0,0,0
"POINT (7.627418108000029 51.961157839000066)",Unfall 203244 (2020) Kat:3, Licht: 0,203244,3,3,4,02,14,7,0,0,1,0,0,0,0,0
"POINT (7.637914870000031 51.955662212000050)",Unfall 203294 (2020) Kat:3, Licht: 0,203294,3,1,0,02,16,2,1,0,1,0,0,0,0,0
"POINT (7.632620086000031 51.904602802000056)",Unfall 203400 (2020) Kat:3, Licht: 0,203400,3,6,5,02,17,3,1,0,1,0,0,0,0,0
"POINT (7.621549125000058 51.968500218000031)",Unfall 203403 (2020) Kat:3, Licht: 2,203403,3,1,8,02,22,1,1,2,1,0,0,0,0,0
"POINT (7.596532612000033 51.967709512000056)",Unfall 203489 (2020) Kat:3, Licht: 2,203489,3,2,3,02,06,6,0,2,1,1,0,0,0,0
"POINT (7.641947288000040 51.958190380000076)",Unfall 203516 (2020) Kat:3, Licht: 2,203516,3,2,5,02,19,2,1,2,1,0,0,0,0,0
"POINT (7.634317389000046 51.925398012000073)",Unfall 203540 (2020) Kat:3, Licht: 0,203540,3,6,1,02,11,7,0,0,0,1,0,0,0,0
"POINT (7.656338645000062 51.906743177000067)",Unfall 203761 (2020) Kat:3, Licht: 0,203761,3,7,0,02,07,6,2,0,1,0,0,0,0,0
"POINT (7.601606055000048 51.965141752000079)",Unfall 203763 (2020) Kat:3, Licht: 2,203763,3,3,5,02,19,6,1,2,0,1,0,0,0,0
"POINT (7.613153993000026 51.983705129000043)",Unfall 203765 (2020) Kat:3, Licht: 0,203765,3,1,0,02,07,6,2,0,1,0,0,0,0,0
"POINT (7.563237761000039 51.970581972000048)",Unfall 203767 (2020) Kat:3, Licht: 1,203767,3,1,0,02,07,6,2,1,1,0,0,0,0,0
"POINT (7.648424473000034 51.965992987000050)",Unfall 203768 (2020) Kat:3, Licht: 0,203768,3,7,0,02,08,6,2,0,1,0,0,0,0,0
"POINT (7.576426896000044 51.965891576000047)",Unfall 203769 (2020) Kat:3, Licht: 0,203769,3,1,0,02,08,6,2,0,1,0,0,0,0,0
"POINT (7.534575112000027 51.953365412000039)",Unfall 203876 (2020) Kat:3, Licht: 0,203876,3,7,6,02,09,4,1,0,0,1,1,0,0,0
"POINT (7.613597587000072 51.958448048000037)",Unfall 203879 (2020) Kat:3, Licht: 0,203879,3,1,9,02,15,4,1,0,0,1,0,0,0,0
"POINT (7.624017572000071 51.962065073000076)",Unfall 203891 (2020) Kat:3, Licht: 2,203891,3,7,0,03,06,2,0,2,1,0,0,0,0,0
"POINT (7.623654320000071 51.925147315000061)",Unfall 203894 (2020) Kat:3, Licht: 0,203894,3,5,1,02,08,5,1,0,1,1,0,0,0,0
"POINT (7.598797537000053 51.997522432000039)",Unfall 203912 (2020) Kat:3, Licht: 0,203912,3,2,0,03,07,3,1,0,1,1,0,0,0,0
"POINT (7.537626300000056 51.947489728000050)",Unfall 203914 (2020) Kat:3, Licht: 0,203914,3,3,5,03,17,3,0,0,1,1,0,0,0,0
"POINT (7.628713622000021 51.972094443000060)",Unfall 203916 (2020) Kat:3, Licht: 0,203916,3,7,1,03,09,3,0,0,1,0,0,0,0,1
"POINT (7.564803910000023 51.966317390000029)",Unfall 203926 (2020) Kat:3, Licht: 2,203926,3,4,6,03,20,3,1,2,0,1,1,0,0,0
"POINT (7.650348554000061 51.925332476000051)",Unfall 203929 (2020) Kat:3, Licht: 0,203929,3,2,5,03,10,5,0,0,1,1,0,0,0,0
"POINT (7.616545630000076 51.939656127000035)",Unfall 203982 (2020) Kat:3, Licht: 1,203982,3,3,0,03,06,6,1,1,1,1,0,0,0,0
"POINT (7.623932582000066 51.933934895000050)",Unfall 204046 (2020) Kat:3, Licht: 0,204046,3,1,8,03,14,7,0,0,0,1,0,0,0,0
"POINT (7.675449497000045 51.946906661000071)",Unfall 204152 (2020) Kat:3, Licht: 1,204152,3,4,0,03,18,7,0,1,1,0,1,0,0,0
"POINT (7.600905654000030 51.959102457000029)",Unfall 204168 (2020) Kat:2, Licht: 2,204168,2,7,0,03,02,2,0,2,1,0,0,0,0,0
"POINT (7.623633964000021 51.966369985000028)",Unfall 204237 (2020) Kat:3, Licht: 0,204237,3,6,3,03,08,6,1,0,1,0,0,0,0,0
"POINT (7.620430213000077 51.963502803000040)",Unfall 204251 (2020) Kat:3, Licht: 0,204251,3,5,1,03,13,4,0,0,1,1,0,0,0,0
"POINT (7.597774138000034 51.966465192000044)",Unfall 204252 (2020) Kat:3, Licht: 0,204252,3,3,5,03,09,4,1,0,1,1,0,0,0,0
"POINT (7.646910113000047 51.937501077000036)",Unfall 204329 (2020) Kat:2, Licht: 2,204329,2,7,0,03,20,6,1,2,1,0,0,0,0,0
"POINT (7.610066398000072 51.939081014000067)",Unfall 204425 (2020) Kat:3, Licht: 1,204425,3,6,3,03,18,2,0,1,1,0,0,0,0,0
"POINT (7.632820216000027 51.954023906000032)",Unfall 204427 (2020) Kat:3, Licht: 1,204427,3,2,0,03,19,2,0,1,1,1,0,0,0,0
"POINT (7.608065875000023 51.974010057000044)",Unfall 204455 (2020) Kat:3, Licht: 0,204455,3,3,5,03,14,6,0,0,1,1,0,0,0,0
"POINT (7.640984659000026 51.966992567000034)",Unfall 204505 (2020) Kat:3, Licht: 0,204505,3,2,4,03,16,3,0,0,1,1,0,0,0,0
"POINT (7.558929579000051 51.995396215000028)",Unfall 204600 (2020) Kat:2, Licht: 0,204600,2,7,0,03,15,1,0,0,1,0,0,0,0,0
"POINT (7.644054078000067 51.962126568000031)",Unfall 204638 (2020) Kat:3, Licht: 0,204638,3,6,4,03,17,4,0,0,1,0,0,0,0,0
"POINT (7.630131084000027 51.972278956000082)",Unfall 204666 (2020) Kat:3, Licht: 0,204666,3,7,1,03,17,3,0,0,1,1,0,0,0,0
"POINT (7.673433203000059 51.919506552000030)",Unfall 204725 (2020) Kat:2, Licht: 0,204725,2,7,6,03,14,7,0,0,0,1,1,0,0,0
"POINT (7.617631792000054 51.969444076000059)",Unfall 204833 (2020) Kat:3, Licht: 0,204833,3,3,5,03,08,5,0,0,1,1,0,0,0,0
"POINT (7.646589187000075 51.971312795000074)",Unfall 204836 (2020) Kat:3, Licht: 0,204836,3,3,4,03,17,5,0,0,1,1,0,0,0,0
"POINT (7.662955493000027 51.997366413000066)",Unfall 204915 (2020) Kat:3, Licht: 0,204915,3,3,5,03,13,3,0,0,1,1,0,0,0,0
"POINT (7.620513079000034 51.957602841000039)",Unfall 204964 (2020) Kat:2, Licht: 0,204964,2,3,5,04,18,5,0,0,1,0,0,0,0,0
"POINT (7.626263688000051 51.958119743000054)",Unfall 205108 (2020) Kat:2, Licht: 0,205108,2,5,0,04,11,4,0,0,1,1,0,0,1,0
"POINT (7.640956425000070 51.907494626000073)",Unfall 205191 (2020) Kat:3, Licht: 0,205191,3,5,8,04,15,7,0,0,1,0,0,0,0,1
"POINT (7.620888615000069 51.972116531000040)",Unfall 205202 (2020) Kat:3, Licht: 0,205202,3,6,0,04,14,6,0,0,1,1,0,0,0,0
"POINT (7.629560604000062 51.937868597000033)",Unfall 205206 (2020) Kat:2, Licht: 0,205206,2,1,0,03,09,3,2,0,1,0,0,0,0,0
"POINT (7.612634551000042 51.931049892000033)",Unfall 205274 (2020) Kat:3, Licht: 0,205274,3,3,5,04,16,7,0,0,1,1,0,0,0,0
"POINT (7.612480798000036 51.957572200000072)",Unfall 205344 (2020) Kat:2, Licht: 0,205344,2,7,0,04,17,4,0,0,1,1,0,0,0,0
"POINT (7.621246038000038 51.986325762000035)",Unfall 205590 (2020) Kat:3, Licht: 0,205590,3,2,5,04,15,5,0,0,1,1,0,0,0,0
"POINT (7.614326419000065 51.931359166000050)",Unfall 205649 (2020) Kat:3, Licht: 0,205649,3,6,3,04,16,6,0,0,1,1,0,0,0,0
"POINT (7.678063770000051 51.928340826000067)",Unfall 205662 (2020) Kat:3, Licht: 0,205662,3,3,5,04,12,7,0,0,1,0,0,0,0,0
"POINT (7.690372964000062 51.998390474000075)",Unfall 205673 (2020) Kat:2, Licht: 0,205673,2,7,0,04,15,4,0,0,1,0,0,0,0,0
"POINT (7.625496054000053 51.942350346000069)",Unfall 205684 (2020) Kat:3, Licht: 0,205684,3,6,4,04,17,3,0,0,0,1,0,0,0,1
"POINT (7.677112092000073 51.956096277000029)",Unfall 205690 (2020) Kat:2, Licht: 0,205690,2,6,0,04,12,3,0,0,0,1,0,0,0,1
"POINT (7.523806119000028 51.923018533000061)",Unfall 205695 (2020) Kat:3, Licht: 0,205695,3,7,0,04,16,5,0,0,1,0,1,0,0,0
"POINT (7.629523871000060 51.960815013000058)",Unfall 205728 (2020) Kat:2, Licht: 0,205728,2,2,5,04,10,5,0,0,1,0,0,0,0,0
"POINT (7.631734009000070 51.974143966000042)",Unfall 205877 (2020) Kat:3, Licht: 0,205877,3,5,7,04,19,4,0,0,1,1,0,0,0,0
"POINT (7.640850680000028 51.905205005000028)",Unfall 205886 (2020) Kat:2, Licht: 0,205886,2,3,5,04,07,2,0,0,1,1,0,0,0,0
"POINT (7.661158824000040 51.892819427000063)",Unfall 205968 (2020) Kat:3, Licht: 0,205968,3,7,0,04,16,1,0,0,1,0,0,0,0,0
"POINT (7.635218343000076 51.948261483000067)",Unfall 205996 (2020) Kat:2, Licht: 0,205996,2,1,0,04,11,3,0,0,1,0,0,0,0,0
"POINT (7.675405046000037 51.935906193000051)",Unfall 206009 (2020) Kat:2, Licht: 0,206009,2,7,0,04,15,1,0,0,1,0,0,0,0,0
"POINT (7.642025413000056 51.996440092000057)",Unfall 206012 (2020) Kat:2, Licht: 2,206012,2,7,6,04,22,6,0,2,0,0,1,0,0,1
"POINT (7.634994969000047 51.959722969000040)",Unfall 206018 (2020) Kat:3, Licht: 0,206018,3,3,5,04,13,6,0,0,1,0,0,0,0,1
"POINT (7.670699860000070 51.949891914000034)",Unfall 206101 (2020) Kat:3, Licht: 0,206101,3,1,0,04,11,3,0,0,0,0,0,1,0,0
"POINT (7.641723821000028 51.996197070000051)",Unfall 206120 (2020) Kat:3, Licht: 2,206120,3,7,0,04,05,2,0,2,0,0,1,0,0,1
"POINT (7.606872228000043 51.879630840000061)",Unfall 206213 (2020) Kat:3, Licht: 0,206213,3,7,0,04,16,7,0,0,1,0,1,0,0,0
"POINT (7.634540022000067 52.005952194000031)",Unfall 206329 (2020) Kat:2, Licht: 2,206329,2,1,9,04,22,4,0,2,0,1,0,0,0,0
"POINT (7.606597883000063 51.985197953000068)",Unfall 206456 (2020) Kat:3, Licht: 0,206456,3,7,7,04,17,5,0,0,1,0,0,0,0,0
"POINT (7.648857361000069 51.964318646000038)",Unfall 206568 (2020) Kat:3, Licht: 0,206568,3,6,2,05,11,5,0,0,1,1,0,0,0,0
"POINT (7.527710685000045 51.917416110000033)",Unfall 206600 (2020) Kat:3, Licht: 0,206600,3,5,5,05,17,6,0,0,1,1,0,0,0,0
"POINT (7.629088354000032 51.959227132000080)",Unfall 206650 (2020) Kat:3, Licht: 0,206650,3,4,7,05,15,4,0,0,0,1,1,0,0,0
"POINT (7.601769633000060 51.966712927000060)",Unfall 206654 (2020) Kat:3, Licht: 0,206654,3,3,5,05,09,3,0,0,1,1,0,0,0,0
"POINT (7.652591750000056 51.967965157000037)",Unfall 206660 (2020) Kat:2, Licht: 0,206660,2,7,0,05,13,3,0,0,0,0,1,0,1,0
"POINT (7.641717019000055 51.996191588000045)",Unfall 206671 (2020) Kat:3, Licht: 0,206671,3,5,1,05,15,6,0,0,1,1,0,0,0,0
"POINT (7.686165804000041 51.914770276000070)",Unfall 206676 (2020) Kat:3, Licht: 0,206676,3,3,5,05,14,5,0,0,1,1,0,0,0,0
"POINT (7.604834665000055 51.947831097000062)",Unfall 206709 (2020) Kat:3, Licht: 0,206709,3,5,1,05,19,6,0,0,0,1,1,0,0,0
"POINT (7.661606160000076 51.935636593000027)",Unfall 206757 (2020) Kat:3, Licht: 0,206757,3,2,5,05,07,6,0,0,1,1,0,0,0,0
"POINT (7.638927648000049 51.907227411000065)",Unfall 206952 (2020) Kat:3, Licht: 0,206952,3,2,5,05,16,4,0,0,0,1,0,0,0,0
"POINT (7.548193821000041 51.994191124000054)",Unfall 206955 (2020) Kat:3, Licht: 0,206955,3,2,0,05,08,4,0,0,1,1,0,0,0,0
"POINT (7.657797640000069 51.963359754000066)",Unfall 206966 (2020) Kat:3, Licht: 0,206966,3,5,1,05,08,1,0,0,1,1,0,0,0,0
"POINT (7.653038141000025 51.958803526000054)",Unfall 207010 (2020) Kat:3, Licht: 0,207010,3,2,5,05,20,7,0,0,0,1,0,0,0,0
"POINT (7.620187493000060 51.937497860000065)",Unfall 207011 (2020) Kat:3, Licht: 0,207011,3,7,0,05,14,7,0,0,0,1,0,1,0,0
"POINT (7.626443141000038 51.957812111000067)",Unfall 207063 (2020) Kat:2, Licht: 0,207063,2,3,3,05,16,2,0,0,1,0,0,0,0,1
"POINT (7.595969381000032 51.961381478000078)",Unfall 207069 (2020) Kat:3, Licht: 0,207069,3,7,6,05,10,6,0,0,0,1,1,0,0,0