WKT,Name,OBJECTID,UKATEGORIE,UTYP1,UART,UMONAT,USTUNDE,UWOCHENTAG,STRZUSTAND,ULICHTVERH,ISTRAD,ISTPKW,ISTFUSS,ISTKRAD,ISTGKFZ,ISTSONSTIG
"POINT (7.630558198000074 51.957889198000032)",Unfall 207075 (2020) Kat:3, Licht: 0,207075,3,3,5,05,14,6,0,0,1,0,0,0,0,0
"POINT (7.669705513000054 51.928968570000052)",Unfall 207165 (2020) Kat:3, Licht: 0,207165,3,3,5,05,14,2,0,0,1,1,0,0,0,0
"POINT (7.651036013000066 51.951127355000040)",Unfall 207213 (2020) Kat:3, Licht: 0,207213,3,2,3,05,07,2,0,0,1,1,0,0,0,0
"POINT (7.602128022000045 51.886731361000045)",Unfall 207327 (2020) Kat:3, Licht: 0,207327,3,1,9,05,10,7,0,0,0,0,0,0,0,1
"POINT (7.620937815000048 51.951526095000077)",Unfall 207363 (2020) Kat:3, Licht: 0,207363,3,7,1,05,13,7,0,0,1,1,0,0,0,0
"POINT (7.636189358000024 51.913376934000041)",Unfall 207369 (2020) Kat:3, Licht: 0,207369,3,3,5,05,12,1,0,0,1,1,0,0,0,0
"POINT (7.673906349000049 52.007330428000046)",Unfall 207487 (2020) Kat:3, Licht: 0,207487,3,7,6,05,14,3,0,0,0,1,1,0,0,0
"POINT (7.619586147000064 51.979388663000066)",Unfall 207489 (2020) Kat:3, Licht: 0,207489,3,6,0,05,13,3,0,0,1,1,0,0,0,0
"POINT (7.710667602000058 51.996905880000043)",Unfall 207491 (2020) Kat:3, Licht: 0,207491,3,7,5,05,14,3,0,0,1,0,0,1,0,0
"POINT (7.632681741000056 51.955735435000065)",Unfall 207496 (2020) Kat:3, Licht: 0,207496,3,2,0,05,17,3,0,0,1,1,0,0,0,0
"POINT (7.634892814000068 51.956061756000054)",Unfall 207505 (2020) Kat:3, Licht: 0,207505,3,7,0,05,14,4,0,0,1,0,1,0,0,0
"POINT (7.608176818000061 51.973933524000074)",Unfall 207603 (2020) Kat:3, Licht: 0,207603,3,3,5,05,13,2,0,0,1,1,0,0,0,0
"POINT (7.599874948000036 51.959082578000050)",Unfall 207612 (2020) Kat:3, Licht: 0,207612,3,6,3,05,11,2,0,0,1,1,0,0,0,0
"POINT (7.662616888000059 51.920616526000060)",Unfall 207626 (2020) Kat:3, Licht: 0,207626,3,2,6,05,07,4,0,0,0,0,1,1,0,0
"POINT (7.615846972000043 51.957675222000034)",Unfall 207835 (2020) Kat:3, Licht: 0,207835,3,6,0,05,11,7,0,0,1,0,0,0,0,0
"POINT (7.609295252000038 51.940845747000026)",Unfall 207919 (2020) Kat:3, Licht: 0,207919,3,2,5,05,17,5,0,0,1,1,0,0,0,0
"POINT (7.619694843000048 51.939419635000036)",Unfall 207922 (2020) Kat:3, Licht: 0,207922,3,1,0,05,17,5,0,0,1,1,0,0,0,0
"POINT (7.613617883000075 51.917229763000080)",Unfall 207933 (2020) Kat:3, Licht: 0,207933,3,3,5,05,18,1,0,0,0,1,0,0,0,0
"POINT (7.588335338000036 51.970516051000061)",Unfall 207936 (2020) Kat:3, Licht: 2,207936,3,6,3,05,02,1,0,2,1,0,0,0,0,0
"POINT (7.646995546000028 51.963730724000072)",Unfall 208125 (2020) Kat:3, Licht: 0,208125,3,3,5,06,19,4,0,0,0,1,0,0,0,0
"POINT (7.531758584000045 51.956679204000068)",Unfall 208136 (2020) Kat:3, Licht: 0,208136,3,3,0,06,13,5,1,0,1,1,0,0,0,0
"POINT (7.598845544000028 51.992074136000042)",Unfall 208198 (2020) Kat:3, Licht: 0,208198,3,2,5,06,11,2,0,0,1,1,0,0,0,0
"POINT (7.670684402000063 51.922084551000069)",Unfall 208245 (2020) Kat:3, Licht: 0,208245,3,3,0,06,18,5,1,0,1,1,0,0,0,0
"POINT (7.627141520000066 51.947413057000063)",Unfall 208323 (2020) Kat:3, Licht: 0,208323,3,1,1,06,18,1,0,0,1,1,0,0,0,0
"POINT (7.669828719000066 51.954734600000052)",Unfall 208324 (2020) Kat:2, Licht: 0,208324,2,1,0,06,14,1,0,0,1,0,0,0,0,0
"POINT (7.622525907000068 51.976239104000058)",Unfall 208358 (2020) Kat:2, Licht: 0,208358,2,1,1,06,15,2,1,0,1,1,0,0,0,0
"POINT (7.623355014000026 51.966917695000063)",Unfall 208384 (2020) Kat:3, Licht: 0,208384,3,1,0,06,13,7,1,0,1,0,0,0,0,0
"POINT (7.692012984000030 51.923385141000040)",Unfall 208385 (2020) Kat:3, Licht: 0,208385,3,6,1,06,19,7,0,0,1,1,0,0,0,0
"POINT (7.630835894000029 51.945998236000037)",Unfall 208474 (2020) Kat:3, Licht: 0,208474,3,6,1,06,19,6,1,0,0,1,0,0,0,0
"POINT (7.625456706000023 51.903673994000030)",Unfall 208564 (2020) Kat:3, Licht: 0,208564,3,2,0,06,08,4,1,0,1,1,0,0,0,0
"POINT (7.640785523000034 51.970560866000028)",Unfall 208566 (2020) Kat:3, Licht: 0,208566,3,1,0,06,07,4,0,0,1,0,0,0,0,0
"POINT (7.665361604000054 51.990115934000073)",Unfall 208641 (2020) Kat:3, Licht: 0,208641,3,2,5,06,11,6,0,0,0,0,0,1,0,1
"POINT (7.615194777000056 51.980816434000076)",Unfall 208687 (2020) Kat:2, Licht: 0,208687,2,7,0,06,20,7,0,0,0,0,0,1,0,0
"POINT (7.643288787000074 51.905968278000046)",Unfall 208695 (2020) Kat:3, Licht: 0,208695,3,2,1,06,17,6,0,0,0,1,0,0,0,1
"POINT (7.631543944000043 51.957377561000044)",Unfall 208752 (2020) Kat:3, Licht: 0,208752,3,2,0,06,14,6,0,0,1,1,0,0,0,0
"POINT (7.604475339000032 51.997111341000050)",Unfall 208796 (2020) Kat:3, Licht: 0,208796,3,1,9,06,12,7,0,0,1,1,0,0,0,0
"POINT (7.634004448000042 51.956879586000071)",Unfall 208803 (2020) Kat:3, Licht: 0,208803,3,4,0,06,19,6,0,0,1,0,1,0,0,0
"POINT (7.643988612000044 51.996812847000058)",Unfall 208903 (2020) Kat:3, Licht: 0,208903,3,7,5,06,16,3,0,0,1,1,0,0,0,0
"POINT (7.611841178000077 51.980168491000029)",Unfall 208904 (2020) Kat:3, Licht: 0,208904,3,6,2,06,07,3,0,0,0,1,0,0,0,0
"POINT (7.649388308000027 51.994893952000041)",Unfall 208905 (2020) Kat:3, Licht: 2,208905,3,7,0,06,22,3,0,2,0,0,0,0,0,1
"POINT (7.614079333000063 51.943428877000031)",Unfall 208944 (2020) Kat:3, Licht: 0,208944,3,3,0,06,09,4,1,0,1,0,0,0,0,1
"POINT (7.652783943000031 51.958794360000070)",Unfall 208956 (2020) Kat:3, Licht: 0,208956,3,6,1,06,07,4,1,0,0,1,0,0,0,0
"POINT (7.631754043000058 51.930721591000065)",Unfall 208977 (2020) Kat:3, Licht: 0,208977,3,6,0,06,16,4,1,0,0,0,0,1,0,0
"POINT (7.646317468000063 51.956295598000054)",Unfall 208979 (2020) Kat:3, Licht: 0,208979,3,3,0,06,14,4,0,0,1,1,0,0,0,0
"POINT (7.582073835000074 51.960341307000078)",Unfall 208997 (2020) Kat:3, Licht: 0,208997,3,7,8,06,08,4,1,0,1,0,0,0,0,0
"POINT (7.650570879000043 51.964867644000037)",Unfall 209005 (2020) Kat:3, Licht: 0,209005,3,3,5,06,13,1,0,0,1,0,0,0,0,0
"POINT (7.609865833000072 51.972835892000035)",Unfall 209042 (2020) Kat:3, Licht: 0,209042,3,3,4,06,17,2,0,0,1,1,0,0,0,0
"POINT (7.579786150000075 51.967416256000035)",Unfall 209105 (2020) Kat:3, Licht: 0,209105,3,2,0,06,08,6,0,0,1,0,0,0,1,0
"POINT (7.613649925000061 51.917223690000071)",Unfall 209145 (2020) Kat:3, Licht: 0,209145,3,3,5,06,16,1,0,0,1,1,0,0,0,0
"POINT (7.646162052000022 51.974514506000048)",Unfall 209196 (2020) Kat:3, Licht: 0,209196,3,5,0,06,15,6,0,0,1,1,0,0,0,0
"POINT (7.612350699000047 51.974272033000034)",Unfall 209254 (2020) Kat:3, Licht: 2,209254,3,3,5,06,02,1,0,2,0,1,0,0,0,0
"POINT (7.729736042000070 51.927004412000031)",Unfall 209485 (2020) Kat:3, Licht: 0,209485,3,6,3,06,13,3,0,0,1,0,0,0,0,0
"POINT (7.630011931000070 51.967886204000081)",Unfall 209487 (2020) Kat:3, Licht: 0,209487,3,2,3,06,19,3,0,0,1,0,0,0,0,0
"POINT (7.656551794000052 51.954504741000051)",Unfall 209488 (2020) Kat:3, Licht: 0,209488,3,2,5,06,17,3,0,0,0,1,1,0,0,0
"POINT (7.601066657000047 51.995781008000051)",Unfall 209490 (2020) Kat:3, Licht: 0,209490,3,2,4,06,09,3,0,0,1,1,0,0,0,0
"POINT (7.599820235000038 51.997016235000046)",Unfall 209491 (2020) Kat:3, Licht: 2,209491,3,3,5,06,22,3,0,2,1,1,0,0,0,0
"POINT (7.601379213000030 51.995500271000026)",Unfall 209630 (2020) Kat:3, Licht: 0,209630,3,5,0,06,11,7,0,0,0,0,1,0,0,1
"POINT (7.626553460000025 51.956537607000030)",Unfall 209631 (2020) Kat:3, Licht: 0,209631,3,2,5,06,12,5,0,0,1,0,0,0,0,0
"POINT (7.649696893000055 51.954996192000067)",Unfall 209668 (2020) Kat:3, Licht: 0,209668,3,7,5,06,11,6,0,0,0,1,0,1,0,0
"POINT (7.633595291000063 51.965475673000071)",Unfall 209680 (2020) Kat:2, Licht: 2,209680,2,7,6,06,04,1,0,2,0,1,1,0,0,0
"POINT (7.645190571000057 51.965516943000068)",Unfall 209733 (2020) Kat:3, Licht: 0,209733,3,5,1,06,16,7,0,0,1,1,0,0,0,0
"POINT (7.617805866000026 51.967765659000065)",Unfall 209771 (2020) Kat:3, Licht: 0,209771,3,6,3,06,17,1,0,0,1,0,0,0,0,0
"POINT (7.636226512000064 51.913363370000070)",Unfall 209773 (2020) Kat:3, Licht: 0,209773,3,3,1,06,15,6,0,0,1,1,0,0,0,0
"POINT (7.632024706000038 51.955988535000074)",Unfall 209833 (2020) Kat:3, Licht: 0,209833,3,3,0,06,11,1,0,0,0,1,0,0,0,1
"POINT (7.636374322000052 51.972489705000044)",Unfall 209835 (2020) Kat:3, Licht: 0,209835,3,2,5,06,17,7,0,0,1,1,0,0,0,0
"POINT (7.632280706000074 51.929661535000037)",Unfall 209858 (2020) Kat:3, Licht: 0,209858,3,3,5,06,18,6,0,0,1,1,0,0,0,0
"POINT (7.587202785000045 51.959763002000045)",Unfall 209932 (2020) Kat:3, Licht: 0,209932,3,1,0,07,17,4,1,0,1,0,0,0,0,0
"POINT (7.613347004000048 51.993377563000081)",Unfall 209953 (2020) Kat:3, Licht: 0,209953,3,3,5,07,08,5,0,0,1,1,0,0,0,0
"POINT (7.642608443000029 51.937086867000062)",Unfall 210017 (2020) Kat:3, Licht: 0,210017,3,3,5,06,14,2,0,0,1,1,0,0,0,0
"POINT (7.612362342000040 51.974133615000028)",Unfall 210042 (2020) Kat:3, Licht: 0,210042,3,2,3,06,12,3,0,0,1,0,0,0,0,1
"POINT (7.637519220000058 51.963776134000057)",Unfall 210045 (2020) Kat:3, Licht: 0,210045,3,3,3,06,07,3,0,0,1,1,0,0,0,0
"POINT (7.643574671000067 51.960614552000038)",Unfall 210112 (2020) Kat:3, Licht: 0,210112,3,4,6,07,13,5,0,0,1,0,1,0,0,0
"POINT (7.618754239000054 51.938479059000031)",Unfall 210160 (2020) Kat:3, Licht: 0,210160,3,4,6,07,17,7,0,0,0,1,1,0,0,0
"POINT (7.622128759000020 51.981064930000059)",Unfall 210274 (2020) Kat:3, Licht: 0,210274,3,4,6,07,11,3,0,0,1,0,1,0,0,0
"POINT (7.656463585000040 51.941474620000065)",Unfall 210340 (2020) Kat:3, Licht: 0,210340,3,3,0,07,15,6,0,0,1,1,0,0,0,0
"POINT (7.590663189000054 51.958009666000066)",Unfall 210421 (2020) Kat:2, Licht: 0,210421,2,5,1,07,12,1,0,0,0,1,0,0,0,1
"POINT (7.641449301000023 51.961752732000036)",Unfall 210511 (2020) Kat:3, Licht: 0,210511,3,3,5,07,07,6,0,0,1,1,0,0,0,0
"POINT (7.633570847000044 51.960202017000029)",Unfall 210516 (2020) Kat:3, Licht: 0,210516,3,3,5,07,14,5,1,0,1,0,0,0,0,0
"POINT (7.637066932000039 51.963134980000063)",Unfall 210528 (2020) Kat:2, Licht: 2,210528,2,1,0,07,00,1,0,2,1,0,0,0,0,0
"POINT (7.603702903000055 51.919433169000058)",Unfall 210631 (2020) Kat:2, Licht: 0,210631,2,6,4,07,16,4,0,0,0,1,0,0,0,0
"POINT (7.630579289000025 51.957878431000040)",Unfall 210698 (2020) Kat:3, Licht: 0,210698,3,3,5,07,16,5,0,0,1,0,0,0,0,0
"POINT (7.615169726000033 51.970341532000077)",Unfall 210701 (2020) Kat:3, Licht: 2,210701,3,1,0,07,22,6,0,2,1,1,0,0,0,0
"POINT (7.640232524000055 51.974565421000079)",Unfall 210786 (2020) Kat:3, Licht: 2,210786,3,1,0,07,04,3,0,2,1,0,0,0,0,0
"POINT (7.634800314000074 51.958674503000054)",Unfall 210808 (2020) Kat:3, Licht: 0,210808,3,6,2,07,16,6,0,0,0,1,0,1,0,0
"POINT (7.645717796000042 51.955506103000062)",Unfall 210879 (2020) Kat:3, Licht: 0,210879,3,2,5,07,17,4,0,0,1,1,0,0,0,0
"POINT (7.658996882000054 51.958687674000032)",Unfall 210951 (2020) Kat:3, Licht: 0,210951,3,2,0,07,12,1,0,0,1,0,0,0,0,0
"POINT (7.670656026000074 51.919374799000082)",Unfall 211052 (2020) Kat:3, Licht: 0,211052,3,7,1,07,18,3,0,0,0,1,0,1,0,0
"POINT (7.621846285000061 51.945308712000042)",Unfall 211125 (2020) Kat:3, Licht: 0,211125,3,7,1,07,17,1,0,0,1,1,0,0,0,0
"POINT (7.728318198000068 51.921306315000038)",Unfall 211179 (2020) Kat:3, Licht: 0,211179,3,3,5,07,19,1,0,0,0,1,1,0,0,0
"POINT (7.635283017000063 51.948455507000062)",Unfall 211195 (2020) Kat:3, Licht: 0,211195,3,7,0,07,10,1,1,0,1,0,0,0,0,0
"POINT (7.623314294000068 51.973588065000058)",Unfall 211205 (2020) Kat:3, Licht: 2,211205,3,6,3,07,23,1,0,2,1,0,0,0,0,0
"POINT (7.616283913000075 51.957618665000041)",Unfall 211268 (2020) Kat:3, Licht: 0,211268,3,7,0,07,16,6,0,0,1,0,0,0,0,0
"POINT (7.651642995000032 51.968023919000075)",Unfall 211269 (2020) Kat:3, Licht: 0,211269,3,7,1,07,08,6,0,0,1,1,0,0,0,0
"POINT (7.601671573000033 51.965153648000069)",Unfall 211302 (2020) Kat:3, Licht: 0,211302,3,2,4,07,16,2,1,0,0,1,0,0,0,0
"POINT (7.634153461000039 51.956050809000033)",Unfall 211377 (2020) Kat:3, Licht: 2,211377,3,6,0,07,23,5,0,2,1,1,0,0,0,0
"POINT (7.640641882000068 51.972660922000046)",Unfall 211380 (2020) Kat:3, Licht: 0,211380,3,6,0,07,18,5,0,0,1,0,0,0,0,0
"POINT (7.598702141000047 51.958972882000069)",Unfall 211679 (2020) Kat:3, Licht: 0,211679,3,2,5,07,15,2,1,0,1,0,0,0,0,1
"POINT (7.634090615000048 51.945538237000051)",Unfall 211692 (2020) Kat:3, Licht: 0,211692,3,1,8,08,11,2,0,0,0,1,0,0,0,0
"POINT (7.620508281000070 51.957598880000035)",Unfall 211693 (2020) Kat:3, Licht: 0,211693,3,3,5,08,13,2,0,0,1,1,0,0,0,0
"POINT (7.612552452000045 51.957599548000076)",Unfall 211888 (2020) Kat:3, Licht: 0,211888,3,2,4,08,19,7,0,0,1,1,0,0,0,0
"POINT (7.649740098000052 51.953983808000032)",Unfall 211996 (2020) Kat:3, Licht: 0,211996,3,5,1,08,19,5,0,0,1,1,0,0,0,0
"POINT (7.603988541000035 51.928423573000032)",Unfall 212009 (2020) Kat:3, Licht: 0,212009,3,7,1,08,12,4,0,0,0,1,0,0,0,0
"POINT (7.560446008000042 51.995766331000027)",Unfall 212051 (2020) Kat:3, Licht: 0,212051,3,2,5,08,18,3,0,0,1,1,0,0,0,0
"POINT (7.720914211000036 51.916208225000048)",Unfall 212054 (2020) Kat:2, Licht: 0,212054,2,1,0,08,17,3,0,0,1,0,0,0,0,0
"POINT (7.642146041000046 51.933614489000036)",Unfall 212100 (2020) Kat:2, Licht: 0,212100,2,3,0,08,16,5,0,0,1,1,0,0,0,0
"POINT (7.681075978000024 51.934641177000060)",Unfall 212149 (2020) Kat:2, Licht: 0,212149,2,3,0,08,08,5,0,0,1,0,0,0,0,0
"POINT (7.654644918000031 51.935309600000039)",Unfall 212164 (2020) Kat:3, Licht: 0,212164,3,2,5,08,08,4,0,0,1,1,0,0,0,0
"POINT (7.650181346000068 51.969989022000050)",Unfall 212420 (2020) Kat:3, Licht: 0,212420,3,7,0,08,17,6,0,0,1,1,0,0,0,0
"POINT (7.729995860000031 51.918154833000074)",Unfall 212421 (2020) Kat:3, Licht: 0,212421,3,3,5,08,15,6,0,0,1,1,0,0,0,0
"POINT (7.635750153000060 51.937662051000075)",Unfall 212422 (2020) Kat:3, Licht: 0,212422,3,6,1,08,20,6,0,0,0,1,0,0,0,0
"POINT (7.625814451000053 51.941635831000042)",Unfall 212423 (2020) Kat:2, Licht: 0,212423,2,1,1,08,14,6,0,0,1,1,0,0,0,0
"POINT (7.603193414000032 51.918751245000067)",Unfall 212426 (2020) Kat:3, Licht: 0,212426,3,2,5,08,11,6,0,0,1,1,0,0,0,0
"POINT (7.599115932000075 51.990751457000044)",Unfall 212427 (2020) Kat:3, Licht: 0,212427,3,3,0,08,14,6,0,0,1,1,0,0,0,0
"POINT (7.636237759000039 51.984137883000074)",Unfall 212429 (2020) Kat:3, Licht: 0,212429,3,1,0,08,14,6,0,0,0,1,1,0,0,0
"POINT (7.652206310000054 51.949292502000048)",Unfall 212447 (2020) Kat:3, Licht: 0,212447,3,1,0,08,18,4,0,0,1,0,0,0,0,0
"POINT (7.625241796000069 51.943729899000061)",Unfall 212454 (2020) Kat:3, Licht: 0,212454,3,5,0,08,07,4,0,0,1,1,0,0,0,0
"POINT (7.632993308000039 51.965274468000075)",Unfall 212457 (2020) Kat:3, Licht: 0,212457,3,3,5,08,13,4,0,0,0,1,0,0,0,0
"POINT (7.633336141000029 51.918592801000045)",Unfall 212472 (2020) Kat:3, Licht: 0,212472,3,3,5,08,07,6,0,0,1,1,0,0,0,0
"POINT (7.633512286000041 51.971594507000077)",Unfall 212507 (2020) Kat:3, Licht: 0,212507,3,6,3,08,11,5,0,0,1,0,0,0,0,0
"POINT (7.646788931000060 51.959106230000032)",Unfall 212578 (2020) Kat:3, Licht: 0,212578,3,5,0,08,15,6,0,0,1,1,0,0,0,0
"POINT (7.728247638000028 51.917465870000058)",Unfall 212627 (2020) Kat:3, Licht: 0,212627,3,6,0,08,11,6,0,0,1,1,0,0,0,0
"POINT (7.642541910000034 51.977609495000081)",Unfall 212662 (2020) Kat:3, Licht: 0,212662,3,1,0,08,07,5,0,0,1,0,0,0,0,0
"POINT (7.612751433000028 51.959267204000071)",Unfall 212727 (2020) Kat:3, Licht: 0,212727,3,1,0,08,12,3,0,0,1,0,0,0,0,0
"POINT (7.633570847000044 51.960202017000029)",Unfall 212832 (2020) Kat:3, Licht: 0,212832,3,1,0,08,19,2,1,0,1,0,0,0,0,0
"POINT (7.634004448000042 51.956879586000071)",Unfall 212833 (2020) Kat:3, Licht: 0,212833,3,4,0,08,16,2,0,0,1,0,1,0,0,0
"POINT (7.599220114000048 51.930049672000052)",Unfall 212908 (2020) Kat:3, Licht: 0,212908,3,5,0,08,09,7,0,0,0,1,0,0,0,0
"POINT (7.616444080000065 51.949203616000034)",Unfall 213001 (2020) Kat:3, Licht: 0,213001,3,3,5,08,10,6,0,0,1,1,0,0,0,0
"POINT (7.632811801000059 51.973099997000077)",Unfall 213016 (2020) Kat:3, Licht: 0,213016,3,6,0,08,16,4,0,0,1,1,0,0,0,0
"POINT (7.623313969000037 51.967253503000052)",Unfall 213028 (2020) Kat:3, Licht: 0,213028,3,2,5,08,18,5,0,0,1,1,0,0,0,0
"POINT (7.644048507000036 51.899352585000031)",Unfall 213168 (2020) Kat:3, Licht: 0,213168,3,5,0,08,14,4,0,0,1,1,0,0,0,0
"POINT (7.675446239000053 51.921249754000030)",Unfall 213256 (2020) Kat:3, Licht: 0,213256,3,3,0,08,13,2,0,0,1,0,0,0,0,0
"POINT (7.648758093000026 51.963116811000077)",Unfall 213262 (2020) Kat:2, Licht: 0,213262,2,2,5,08,09,1,0,0,1,0,0,0,0,0
"POINT (7.679298251000034 51.961840925000047)",Unfall 213430 (2020) Kat:3, Licht: 0,213430,3,1,7,08,17,2,0,0,0,1,0,0,0,0
"POINT (7.561201011000037 51.994402308000076)",Unfall 213441 (2020) Kat:3, Licht: 0,213441,3,7,0,08,10,3,0,0,1,0,1,0,0,0
"POINT (7.673424729000033 51.904322612000044)",Unfall 213471 (2020) Kat:2, Licht: 0,213471,2,5,0,08,13,6,0,0,1,1,0,0,0,0
"POINT (7.608476379000024 51.930369083000073)",Unfall 213472 (2020) Kat:3, Licht: 1,213472,3,6,1,08,19,6,0,1,0,1,0,0,0,0
"POINT (7.607003192000036 51.984097759000065)",Unfall 213596 (2020) Kat:3, Licht: 1,213596,3,3,5,08,19,5,0,1,1,1,0,0,0,0
"POINT (7.615289324000059 51.938864468000077)",Unfall 213598 (2020) Kat:3, Licht: 0,213598,3,6,4,08,07,5,0,0,1,1,0,0,0,0
"POINT (7.635595568000042 51.955995085000040)",Unfall 213600 (2020) Kat:3, Licht: 2,213600,3,1,6,08,21,5,0,2,1,0,1,0,0,0
"POINT (7.621723642000063 51.958731109000041)",Unfall 213642 (2020) Kat:3, Licht: 0,213642,3,5,0,08,15,1,0,0,1,1,0,0,0,0
"POINT (7.622368737000045 51.946460345000048)",Unfall 213732 (2020) Kat:3, Licht: 0,213732,3,6,2,09,16,3,0,0,1,0,0,0,0,0
"POINT (7.648526431000050 51.952544805000059)",Unfall 213782 (2020) Kat:3, Licht: 0,213782,3,3,5,08,15,2,0,0,1,0,0,0,0,0
"POINT (7.654254826000056 51.972283902000072)",Unfall 213784 (2020) Kat:3, Licht: 0,213784,3,6,3,08,14,2,0,0,1,0,0,0,0,0
"POINT (7.622055887000045 51.968658874000027)",Unfall 213904 (2020) Kat:2, Licht: 0,213904,2,7,0,09,17,4,0,0,1,0,1,0,0,0
"POINT (7.604743226000039 51.931970425000031)",Unfall 214016 (2020) Kat:3, Licht: 0,214016,3,6,2,09,14,1,0,0,0,0,0,0,0,1
"POINT (7.622426405000056 51.946093288000043)",Unfall 214060 (2020) Kat:2, Licht: 0,214060,2,7,0,09,14,6,0,0,0,0,0,0,0,1
"POINT (7.613917573000038 51.958147244000031)",Unfall 214252 (2020) Kat:3, Licht: 0,214252,3,2,4,09,10,3,0,0,1,1,0,0,0,0
"POINT (7.632308800000033 51.953021818000082)",Unfall 214322 (2020) Kat:3, Licht: 0,214322,3,4,6,09,11,5,0,0,0,1,1,0,0,0
"POINT (7.666272035000077 52.021495670000036)",Unfall 214355 (2020) Kat:3, Licht: 0,214355,3,4,6,09,14,3,0,0,0,1,1,0,0,0
"POINT (7.623353792000046 51.966931106000061)",Unfall 214361 (2020) Kat:3, Licht: 0,214361,3,3,0,09,16,2,0,0,1,0,0,0,0,1
"POINT (7.653610127000036 51.905608081000082)",Unfall 214367 (2020) Kat:3, Licht: 0,214367,3,6,4,09,11,2,0,0,1,0,0,0,0,0
"POINT (7.653752738000037 51.904431399000032)",Unfall 214370 (2020) Kat:2, Licht: 0,214370,2,7,0,09,15,2,0,0,1,0,0,0,0,0
"POINT (7.662691600000073 51.905678781000063)",Unfall 214412 (2020) Kat:3, Licht: 0,214412,3,3,5,09,17,4,0,0,1,1,0,0,0,0
"POINT (7.564128399000026 51.970416045000036)",Unfall 214420 (2020) Kat:3, Licht: 0,214420,3,3,5,09,15,3,0,0,1,1,0,0,0,0
"POINT (7.651716171000032 51.988695958000051)",Unfall 214458 (2020) Kat:3, Licht: 0,214458,3,4,6,09,16,3,0,0,1,0,1,0,0,0
"POINT (7.619816222000054 51.939436140000055)",Unfall 214502 (2020) Kat:2, Licht: 0,214502,2,1,1,09,10,1,0,0,1,1,0,0,0,0
"POINT (7.618465455000035 51.969373423000036)",Unfall 214596 (2020) Kat:2, Licht: 2,214596,2,1,0,09,02,7,0,2,0,0,0,0,0,1
"POINT (7.598534410000070 52.002159148000032)",Unfall 214598 (2020) Kat:3, Licht: 0,214598,3,7,0,09,16,7,0,0,0,1,1,0,0,0
"POINT (7.637311417000035 51.958418339000048)",Unfall 214709 (2020) Kat:3, Licht: 0,214709,3,4,0,09,10,6,0,0,1,0,1,0,0,0
"POINT (7.609530339000060 51.956312154000045)",Unfall 214756 (2020) Kat:3, Licht: 0,214756,3,6,3,09,13,4,0,0,1,0,0,0,0,0
"POINT (7.626338932000067 51.909673984000051)",Unfall 214766 (2020) Kat:2, Licht: 0,214766,2,3,5,09,13,3,0,0,1,0,0,0,1,0
"POINT (7.625977707000061 51.960638190000054)",Unfall 214816 (2020) Kat:2, Licht: 2,214816,2,3,5,09,21,3,0,2,1,0,0,0,0,0
"POINT (7.620687860000032 51.927547511000057)",Unfall 214860 (2020) Kat:3, Licht: 0,214860,3,2,5,09,16,4,0,0,1,1,0,0,0,0
"POINT (7.538686660000053 51.947964699000067)",Unfall 214886 (2020) Kat:3, Licht: 0,214886,3,2,4,09,16,2,0,0,0,1,0,1,0,0
"POINT (7.680798934000052 51.996931545000052)",Unfall 214922 (2020) Kat:3, Licht: 0,214922,3,3,5,09,16,3,0,0,1,0,0,0,0,0
"POINT (7.656787226000063 51.966123888000027)",Unfall 214927 (2020) Kat:3, Licht: 2,214927,3,1,0,09,01,4,0,2,0,0,0,0,0,1
"POINT (7.571305592000044 51.958493042000043)",Unfall 214986 (2020) Kat:3, Licht: 0,214986,3,7,5,09,15,3,0,0,0,1,0,0,0,0
"POINT (7.622710800000050 51.972268294000060)",Unfall 215039 (2020) Kat:3, Licht: 0,215039,3,6,2,09,14,5,0,0,1,1,0,0,0,0
"POINT (7.609299081000074 51.940850283000032)",Unfall 215074 (2020) Kat:3, Licht: 0,215074,3,3,0,09,18,6,0,0,1,0,0,0,0,0
"POINT (7.579387668000038 51.967378966000069)",Unfall 215140 (2020) Kat:3, Licht: 0,215140,3,3,5,09,18,6,0,0,0,1,0,0,0,1
"POINT (7.699842632000070 51.923887975000071)",Unfall 215180 (2020) Kat:3, Licht: 0,215180,3,3,0,09,15,6,0,0,1,1,0,0,0,0
"POINT (7.609211666000022 51.996557088000031)",Unfall 215243 (2020) Kat:3, Licht: 0,215243,3,4,6,09,16,6,0,0,0,1,1,0,0,0
"POINT (7.601044501000047 51.995800911000060)",Unfall 215252 (2020) Kat:3, Licht: 0,215252,3,3,5,09,16,7,0,0,1,1,0,0,0,0
"POINT (7.622437321000064 51.946019517000082)",Unfall 215262 (2020) Kat:3, Licht: 0,215262,3,2,5,09,13,2,0,0,1,1,0,0,0,0