WKT,Name,OBJECTID,UKATEGORIE,UTYP1,UART,UMONAT,USTUNDE,UWOCHENTAG,STRZUSTAND,ULICHTVERH,ISTRAD,ISTPKW,ISTFUSS,ISTKRAD,ISTGKFZ,ISTSONSTIG
"POINT (7.644021367000050 51.961323681000067)",Unfall 215276 (2020) Kat:3, Licht: 0,215276,3,3,5,09,08,4,0,0,1,0,0,0,0,0
"POINT (7.622901998000032 51.921343112000045)",Unfall 215296 (2020) Kat:3, Licht: 0,215296,3,3,0,09,07,3,0,0,1,0,0,0,0,0
"POINT (7.638530374000027 52.014488873000062)",Unfall 215334 (2020) Kat:2, Licht: 2,215334,2,1,8,09,21,3,0,2,0,1,0,0,0,0
"POINT (7.632308800000033 51.953021818000082)",Unfall 215383 (2020) Kat:3, Licht: 0,215383,3,5,1,09,17,4,0,0,1,1,0,0,0,0
"POINT (7.620551207000062 51.957634324000026)",Unfall 215404 (2020) Kat:2, Licht: 0,215404,2,2,2,09,12,3,0,0,1,0,0,0,0,0
"POINT (7.628555785000060 51.937735339000028)",Unfall 215420 (2020) Kat:2, Licht: 0,215420,2,7,5,09,17,2,0,0,1,1,0,0,0,0
"POINT (7.579426139000077 51.967248915000027)",Unfall 215440 (2020) Kat:2, Licht: 0,215440,2,6,2,09,15,1,0,0,1,0,0,0,0,1
"POINT (7.627605955000036 51.953821149000078)",Unfall 215446 (2020) Kat:3, Licht: 0,215446,3,1,1,09,18,1,0,0,1,1,0,0,0,0
"POINT (7.700549074000037 51.924716379000074)",Unfall 215456 (2020) Kat:2, Licht: 0,215456,2,1,0,09,18,3,0,0,1,0,0,0,0,0
"POINT (7.596453531000066 52.001464284000065)",Unfall 215474 (2020) Kat:3, Licht: 2,215474,3,1,0,09,20,4,1,2,0,1,0,1,0,0
"POINT (7.662773521000077 51.936305203000074)",Unfall 215508 (2020) Kat:3, Licht: 0,215508,3,2,5,09,16,3,0,0,0,1,0,1,0,0
"POINT (7.632679990000042 51.955733339000062)",Unfall 215534 (2020) Kat:3, Licht: 0,215534,3,2,3,09,17,7,1,0,1,1,0,0,0,0
"POINT (7.598331089000055 51.970992523000064)",Unfall 215535 (2020) Kat:3, Licht: 2,215535,3,5,1,09,21,7,1,2,1,1,0,0,0,0
"POINT (7.653647720000038 51.948302393000063)",Unfall 215622 (2020) Kat:3, Licht: 0,215622,3,2,5,09,17,6,0,0,1,1,0,0,0,0
"POINT (7.538701534000040 51.947971361000043)",Unfall 215623 (2020) Kat:2, Licht: 0,215623,2,3,5,09,17,6,0,0,1,1,0,0,0,0
"POINT (7.637331766000045 51.958184857000049)",Unfall 215751 (2020) Kat:3, Licht: 0,215751,3,6,4,09,13,1,0,0,1,0,0,0,0,0
"POINT (7.580318408000039 51.967252254000073)",Unfall 215824 (2020) Kat:3, Licht: 0,215824,3,3,5,09,14,3,1,0,1,0,0,0,0,0
"POINT (7.647372339000071 51.959035625000070)",Unfall 215872 (2020) Kat:3, Licht: 2,215872,3,7,0,09,23,3,1,2,1,0,0,0,0,0
"POINT (7.635258369000042 51.939109370000040)",Unfall 215926 (2020) Kat:3, Licht: 2,215926,3,2,2,09,22,3,1,2,0,1,0,0,0,0
"POINT (7.600456255000040 51.962315712000077)",Unfall 215953 (2020) Kat:3, Licht: 0,215953,3,4,6,09,10,2,0,0,0,1,1,0,0,0
"POINT (7.650052327000026 51.936876976000065)",Unfall 215959 (2020) Kat:3, Licht: 2,215959,3,6,1,09,06,2,0,2,1,0,0,0,1,0
"POINT (7.591063171000030 51.955552734000037)",Unfall 215965 (2020) Kat:3, Licht: 0,215965,3,3,5,09,13,2,0,0,1,1,0,0,0,0
"POINT (7.632590793000077 51.953627892000043)",Unfall 215977 (2020) Kat:3, Licht: 0,215977,3,2,3,09,14,2,0,0,1,1,0,0,0,0
"POINT (7.634760511000025 51.996224436000034)",Unfall 215979 (2020) Kat:3, Licht: 0,215979,3,7,0,09,16,3,1,0,1,0,0,0,0,0
"POINT (7.653053502000034 51.958879483000032)",Unfall 216030 (2020) Kat:3, Licht: 0,216030,3,7,5,09,15,3,0,0,1,1,0,0,0,0
"POINT (7.632537046000039 51.972535597000046)",Unfall 216145 (2020) Kat:3, Licht: 2,216145,3,1,0,10,03,7,1,2,0,0,0,0,0,1
"POINT (7.629015705000029 51.904521655000053)",Unfall 216147 (2020) Kat:3, Licht: 0,216147,3,7,0,10,15,6,0,0,1,0,0,0,0,0
"POINT (7.608550428000058 51.943884157000070)",Unfall 216154 (2020) Kat:3, Licht: 0,216154,3,6,4,10,07,6,0,0,1,0,0,0,0,0
"POINT (7.625067371000057 51.902328345000058)",Unfall 216216 (2020) Kat:3, Licht: 0,216216,3,4,6,10,16,5,0,0,0,1,1,0,0,0
"POINT (7.607606443000066 51.968281472000058)",Unfall 216218 (2020) Kat:2, Licht: 0,216218,2,3,5,10,08,5,0,0,1,1,0,0,0,0
"POINT (7.540181383000061 51.957379057000026)",Unfall 216256 (2020) Kat:2, Licht: 0,216256,2,5,1,10,12,7,0,0,0,1,0,0,0,1
"POINT (7.632811232000051 51.955661341000052)",Unfall 216304 (2020) Kat:2, Licht: 2,216304,2,1,0,10,22,7,1,2,0,0,0,0,0,1
"POINT (7.710940487000073 51.990693706000059)",Unfall 216367 (2020) Kat:3, Licht: 0,216367,3,3,5,10,11,6,0,0,1,1,0,0,0,0
"POINT (7.579529508000064 51.887963125000056)",Unfall 216431 (2020) Kat:3, Licht: 0,216431,3,3,5,10,07,4,1,0,0,1,0,0,0,1
"POINT (7.647511868000038 51.940318216000037)",Unfall 216433 (2020) Kat:3, Licht: 0,216433,3,3,5,10,13,4,1,0,1,1,0,0,0,0
"POINT (7.625133727000048 51.970957421000037)",Unfall 216434 (2020) Kat:3, Licht: 0,216434,3,2,5,10,14,4,0,0,1,0,0,0,0,0
"POINT (7.621800876000066 51.943245165000064)",Unfall 216471 (2020) Kat:3, Licht: 0,216471,3,5,1,10,14,6,0,0,1,1,0,0,0,0
"POINT (7.613913797000066 51.958150621000073)",Unfall 216487 (2020) Kat:3, Licht: 0,216487,3,1,0,10,14,5,1,0,1,0,0,0,0,0
"POINT (7.658658022000054 51.932400741000038)",Unfall 216489 (2020) Kat:3, Licht: 0,216489,3,3,5,10,17,5,1,0,0,1,0,0,0,0
"POINT (7.631126918000064 51.962571302000072)",Unfall 216494 (2020) Kat:3, Licht: 0,216494,3,2,6,10,15,5,1,0,0,1,1,0,0,0
"POINT (7.648523311000076 51.952497507000032)",Unfall 216532 (2020) Kat:2, Licht: 0,216532,2,2,3,10,17,3,0,0,1,1,0,0,0,0
"POINT (7.628329834000056 51.968214021000051)",Unfall 216533 (2020) Kat:3, Licht: 0,216533,3,3,4,10,13,3,1,0,1,0,0,0,0,0
"POINT (7.634394221000036 51.925412359000063)",Unfall 216664 (2020) Kat:3, Licht: 0,216664,3,2,0,10,07,5,0,0,0,0,0,0,0,1
"POINT (7.630894486000045 51.929478745000040)",Unfall 216669 (2020) Kat:3, Licht: 0,216669,3,3,5,10,15,4,0,0,1,1,0,0,0,0
"POINT (7.592485904000057 52.000839216000031)",Unfall 216802 (2020) Kat:3, Licht: 0,216802,3,5,0,10,16,2,0,0,1,1,0,0,0,0
"POINT (7.619870571000035 51.944875151000076)",Unfall 216817 (2020) Kat:2, Licht: 0,216817,2,2,5,10,13,1,0,0,1,1,0,0,0,0
"POINT (7.647623373000045 51.885941723000030)",Unfall 216839 (2020) Kat:3, Licht: 0,216839,3,6,2,10,12,2,0,0,0,1,0,0,0,0
"POINT (7.633623484000054 51.965482550000047)",Unfall 216845 (2020) Kat:3, Licht: 2,216845,3,6,4,10,23,4,0,2,1,0,0,0,0,0
"POINT (7.621813934000045 51.945720577000031)",Unfall 216933 (2020) Kat:3, Licht: 0,216933,3,3,5,10,09,6,0,0,0,1,0,1,0,0
"POINT (7.608531196000058 51.951118288000032)",Unfall 216944 (2020) Kat:3, Licht: 0,216944,3,7,0,10,10,2,0,0,1,0,1,0,0,0
"POINT (7.608231749000026 51.968214290000049)",Unfall 216979 (2020) Kat:3, Licht: 2,216979,3,1,4,10,00,7,0,2,1,0,0,0,0,0
"POINT (7.633570847000044 51.960202017000029)",Unfall 216988 (2020) Kat:3, Licht: 2,216988,3,7,0,10,23,3,1,2,0,0,0,0,0,1
"POINT (7.618035065000072 51.932632565000063)",Unfall 217002 (2020) Kat:3, Licht: 0,217002,3,6,2,10,14,4,1,0,0,1,0,0,0,0
"POINT (7.576439117000064 51.969614362000073)",Unfall 217032 (2020) Kat:3, Licht: 0,217032,3,1,0,10,16,2,0,0,1,0,0,0,0,0
"POINT (7.632654716000047 51.953728154000032)",Unfall 217093 (2020) Kat:3, Licht: 2,217093,3,2,6,10,01,1,0,2,0,0,1,0,0,1
"POINT (7.633570847000044 51.960202017000029)",Unfall 217115 (2020) Kat:3, Licht: 0,217115,3,1,0,10,14,2,1,0,1,0,0,0,0,0
"POINT (7.620874993000030 51.960756226000058)",Unfall 217142 (2020) Kat:3, Licht: 1,217142,3,7,5,10,18,5,0,1,1,1,0,0,0,0
"POINT (7.618247865000058 51.984208051000053)",Unfall 217200 (2020) Kat:3, Licht: 2,217200,3,7,0,10,06,7,1,2,1,0,0,0,0,0
"POINT (7.661602394000056 51.935639560000027)",Unfall 217219 (2020) Kat:3, Licht: 0,217219,3,3,5,10,16,2,0,0,1,1,0,0,0,0
"POINT (7.630594553000037 51.957870638000031)",Unfall 217270 (2020) Kat:3, Licht: 0,217270,3,3,5,10,15,2,1,0,1,1,0,0,0,0
"POINT (7.632000899000047 51.955996263000031)",Unfall 217416 (2020) Kat:3, Licht: 0,217416,3,3,0,10,10,5,0,0,0,1,0,0,0,1
"POINT (7.658976143000075 51.958534535000069)",Unfall 217417 (2020) Kat:3, Licht: 0,217417,3,3,5,10,16,4,0,0,1,0,0,0,0,1
"POINT (7.659008453000070 51.958531258000050)",Unfall 217419 (2020) Kat:3, Licht: 0,217419,3,6,3,10,10,5,0,0,1,0,0,0,0,1
"POINT (7.661608993000073 51.935634362000030)",Unfall 217420 (2020) Kat:3, Licht: 1,217420,3,3,5,10,17,4,1,1,1,1,0,0,0,0
"POINT (7.621349544000054 51.958268601000043)",Unfall 217421 (2020) Kat:3, Licht: 0,217421,3,2,5,10,07,4,1,0,1,1,0,0,0,1
"POINT (7.644315265000046 51.967542903000037)",Unfall 217422 (2020) Kat:2, Licht: 2,217422,2,7,0,10,18,4,1,2,1,0,0,0,0,0
"POINT (7.639291548000074 51.966672461000030)",Unfall 217424 (2020) Kat:3, Licht: 0,217424,3,3,5,10,09,5,0,0,1,1,0,0,0,0
"POINT (7.608886916000074 51.880009495000081)",Unfall 217639 (2020) Kat:3, Licht: 0,217639,3,2,6,11,15,4,0,0,0,0,1,0,0,1
"POINT (7.596090773000071 51.962704957000028)",Unfall 217687 (2020) Kat:3, Licht: 2,217687,3,3,5,11,20,4,0,2,1,1,0,0,0,0
"POINT (7.609137721000025 51.991435389000060)",Unfall 217697 (2020) Kat:2, Licht: 1,217697,2,1,0,11,17,3,1,1,1,0,0,0,0,0
"POINT (7.625702255000022 51.952554158000055)",Unfall 217751 (2020) Kat:3, Licht: 2,217751,3,1,0,11,04,1,1,2,0,0,0,0,0,1
"POINT (7.621648984000046 51.949680653000030)",Unfall 217796 (2020) Kat:3, Licht: 2,217796,3,3,5,11,20,4,0,2,0,1,0,0,0,0
"POINT (7.606603532000065 51.985211895000077)",Unfall 217852 (2020) Kat:2, Licht: 0,217852,2,1,0,11,12,3,1,0,1,0,0,0,0,0
"POINT (7.625808137000036 51.931734552000080)",Unfall 217896 (2020) Kat:3, Licht: 2,217896,3,7,0,11,22,6,0,2,1,0,0,0,0,0
"POINT (7.573170215000062 51.944164861000047)",Unfall 218006 (2020) Kat:3, Licht: 0,218006,3,1,0,11,15,5,0,0,1,0,0,0,0,0
"POINT (7.643533197000068 51.970564911000054)",Unfall 218008 (2020) Kat:2, Licht: 0,218008,2,1,0,11,15,5,0,0,1,0,0,0,0,0
"POINT (7.631651226000031 51.956108827000037)",Unfall 218019 (2020) Kat:3, Licht: 2,218019,3,6,3,11,20,7,0,2,0,0,0,0,0,1
"POINT (7.624592895000035 51.956913095000061)",Unfall 218290 (2020) Kat:3, Licht: 0,218290,3,6,0,11,15,2,0,0,1,0,0,0,0,0
"POINT (7.623796076000076 51.971783571000060)",Unfall 218293 (2020) Kat:3, Licht: 0,218293,3,7,1,11,08,5,0,0,1,0,0,0,0,1
"POINT (7.637494292000042 51.991449708000061)",Unfall 218298 (2020) Kat:2, Licht: 0,218298,2,6,4,11,15,2,0,0,1,0,0,0,0,0
"POINT (7.634366262000071 51.913848348000045)",Unfall 218342 (2020) Kat:3, Licht: 0,218342,3,3,0,11,11,3,0,0,0,1,0,0,0,1
"POINT (7.635229249000076 51.948294205000082)",Unfall 218367 (2020) Kat:2, Licht: 0,218367,2,1,0,11,09,4,1,0,1,0,0,0,0,0
"POINT (7.580031656000074 51.971961530000044)",Unfall 218375 (2020) Kat:2, Licht: 0,218375,2,3,5,11,13,2,1,0,1,1,0,0,0,0
"POINT (7.659571710000023 51.934522536000031)",Unfall 218460 (2020) Kat:3, Licht: 0,218460,3,3,0,11,15,4,0,0,1,1,0,0,0,0
"POINT (7.648849107000046 51.970949605000044)",Unfall 218538 (2020) Kat:3, Licht: 0,218538,3,5,0,11,13,7,0,0,1,1,0,0,0,1
"POINT (7.621760162000044 51.942771139000058)",Unfall 218604 (2020) Kat:2, Licht: 2,218604,2,3,5,11,19,6,1,2,1,1,0,0,0,0
"POINT (7.666808369000023 52.009386623000069)",Unfall 218610 (2020) Kat:3, Licht: 2,218610,3,5,1,11,18,6,1,2,0,0,0,0,0,1
"POINT (7.577895682000076 51.969335770000043)",Unfall 218612 (2020) Kat:3, Licht: 0,218612,3,3,5,11,10,6,1,0,1,1,0,0,0,0
"POINT (7.551745091000043 51.948449505000042)",Unfall 218616 (2020) Kat:3, Licht: 0,218616,3,2,5,11,16,6,1,0,1,0,0,0,0,0
"POINT (7.578864635000059 51.966992625000046)",Unfall 218622 (2020) Kat:3, Licht: 2,218622,3,7,1,11,17,6,1,2,0,1,0,0,0,0
"POINT (7.580272267000055 51.931229353000049)",Unfall 218623 (2020) Kat:3, Licht: 0,218623,3,6,3,11,11,4,0,0,1,0,0,0,0,0
"POINT (7.673736070000075 52.026930352000079)",Unfall 218685 (2020) Kat:3, Licht: 0,218685,3,5,8,11,11,1,1,0,1,1,0,0,0,0
"POINT (7.649422562000041 51.952211875000046)",Unfall 218773 (2020) Kat:2, Licht: 0,218773,2,1,8,11,08,7,0,0,1,0,0,0,0,0
"POINT (7.685266617000025 51.914338381000050)",Unfall 218880 (2020) Kat:3, Licht: 0,218880,3,2,5,11,11,2,1,0,1,1,0,0,0,0
"POINT (7.632156533000057 51.955945737000036)",Unfall 218897 (2020) Kat:3, Licht: 0,218897,3,1,0,11,14,4,0,0,0,0,0,1,0,0
"POINT (7.640825053000071 51.905225155000039)",Unfall 218922 (2020) Kat:3, Licht: 0,218922,3,3,5,11,13,4,0,0,1,1,0,0,0,0
"POINT (7.572124562000056 51.969032354000035)",Unfall 219010 (2020) Kat:3, Licht: 0,219010,3,3,5,11,08,5,1,0,1,1,0,0,0,0
"POINT (7.673624949000043 51.947071103000042)",Unfall 219016 (2020) Kat:2, Licht: 0,219016,2,6,0,11,16,6,0,0,1,0,1,0,0,0
"POINT (7.629059338000047 51.967255170000044)",Unfall 219065 (2020) Kat:3, Licht: 0,219065,3,1,0,11,09,7,0,0,1,0,0,0,0,0
"POINT (7.629329508000069 51.971386999000060)",Unfall 219140 (2020) Kat:3, Licht: 0,219140,3,6,4,11,08,4,0,0,1,1,0,0,0,0
"POINT (7.647290951000059 51.968053094000027)",Unfall 219142 (2020) Kat:3, Licht: 0,219142,3,3,5,11,10,4,0,0,1,1,0,0,0,0
"POINT (7.640216270000053 51.994984259000034)",Unfall 219161 (2020) Kat:3, Licht: 2,219161,3,6,4,12,18,5,0,2,1,1,0,0,0,0
"POINT (7.589084310000033 51.960057988000074)",Unfall 219162 (2020) Kat:3, Licht: 2,219162,3,3,0,12,17,5,1,2,1,1,0,0,0,0
"POINT (7.575321541000051 51.965320375000033)",Unfall 219230 (2020) Kat:3, Licht: 2,219230,3,6,2,12,16,6,1,2,1,1,0,0,0,0
"POINT (7.662761616000068 51.936298844000078)",Unfall 219252 (2020) Kat:3, Licht: 2,219252,3,3,5,12,07,4,0,2,1,1,0,0,0,0
"POINT (7.556497176000050 51.996455495000077)",Unfall 219255 (2020) Kat:3, Licht: 0,219255,3,7,0,12,10,4,0,0,1,1,0,0,0,0
"POINT (7.632805339000072 51.973084709000034)",Unfall 219257 (2020) Kat:3, Licht: 0,219257,3,6,3,12,07,4,0,0,1,0,0,0,0,0
"POINT (7.656792668000037 51.940379038000060)",Unfall 219337 (2020) Kat:3, Licht: 2,219337,3,5,1,12,06,6,1,2,1,1,0,0,0,0
"POINT (7.627583558000026 51.955233685000053)",Unfall 219367 (2020) Kat:3, Licht: 0,219367,3,3,5,12,12,3,1,0,0,1,0,0,0,0
"POINT (7.646169897000050 51.953782579000062)",Unfall 219368 (2020) Kat:3, Licht: 0,219368,3,5,3,12,08,3,1,0,1,1,0,0,0,0
"POINT (7.628934033000064 51.944776873000080)",Unfall 219369 (2020) Kat:3, Licht: 0,219369,3,3,5,12,13,3,1,0,1,1,0,0,0,0
"POINT (7.662911046000033 51.956964230000040)",Unfall 219489 (2020) Kat:3, Licht: 0,219489,3,3,0,12,13,3,0,0,1,0,0,1,0,0
"POINT (7.615435755000021 51.973168105000070)",Unfall 219491 (2020) Kat:3, Licht: 1,219491,3,1,0,12,08,4,0,1,1,0,0,0,0,0
"POINT (7.648061916000074 51.956510598000079)",Unfall 219519 (2020) Kat:3, Licht: 0,219519,3,5,0,12,15,7,0,0,1,1,0,0,0,0
"POINT (7.609555770000043 51.961472637000043)",Unfall 219646 (2020) Kat:3, Licht: 2,219646,3,6,2,12,07,4,0,2,0,1,0,0,0,0
"POINT (7.622473369000034 51.961690654000051)",Unfall 219838 (2020) Kat:3, Licht: 1,219838,3,7,3,12,16,7,1,1,1,1,0,0,0,0
"POINT (7.536298560000034 51.952954309000063)",Unfall 219877 (2020) Kat:2, Licht: 1,219877,2,1,0,12,07,5,1,1,0,0,0,1,0,0
"POINT (7.640852189000043 51.905203819000064)",Unfall 219898 (2020) Kat:3, Licht: 0,219898,3,3,5,12,07,6,0,0,0,1,0,0,0,0
"POINT (7.615612762000069 51.986103293000042)",Unfall 219899 (2020) Kat:3, Licht: 0,219899,3,3,5,12,12,6,0,0,1,0,0,0,1,0
"POINT (7.652907672000026 51.996358418000057)",Unfall 219900 (2020) Kat:3, Licht: 0,219900,3,2,5,12,15,6,1,0,0,1,0,0,0,0
"POINT (7.594728009000050 51.999395961000062)",Unfall 219937 (2020) Kat:3, Licht: 0,219937,3,3,5,12,13,2,1,0,1,1,0,0,0,0
"POINT (7.635287878000042 51.948470089000068)",Unfall 219947 (2020) Kat:3, Licht: 2,219947,3,1,0,12,17,3,1,2,1,0,0,0,0,0
"POINT (7.658971471000029 51.958535009000059)",Unfall 220054 (2020) Kat:3, Licht: 2,220054,3,3,5,12,07,3,1,2,1,1,0,0,0,0
"POINT (7.575430331000064 51.929860407000035)",Unfall 220058 (2020) Kat:3, Licht: 0,220058,3,6,5,12,12,4,1,0,1,1,0,0,0,0
"POINT (7.627270401000033 51.963850825000065)",Unfall 220111 (2020) Kat:2, Licht: 0,220111,2,7,0,12,13,2,1,0,1,0,0,0,0,0
"POINT (7.562426659000039 51.873185982000052)",Unfall 220125 (2020) Kat:3, Licht: 0,220125,3,3,5,12,10,6,0,0,1,1,0,0,0,0
"POINT (7.649042950000023 51.952354270000058)",Unfall 220159 (2020) Kat:3, Licht: 0,220159,3,1,1,12,13,3,1,0,1,1,0,0,0,0
"POINT (7.683635018000075 51.916116867000028)",Unfall 220185 (2020) Kat:3, Licht: 0,220185,3,7,0,12,12,7,0,0,1,0,0,0,0,0
"POINT (7.635178878000033 51.948143785000070)",Unfall 220205 (2020) Kat:3, Licht: 2,220205,3,1,0,12,22,7,1,2,1,0,0,0,0,0
"POINT (7.613633453000034 51.917226812000081)",Unfall 220296 (2020) Kat:3, Licht: 0,220296,3,3,5,12,16,5,1,0,0,1,0,0,0,0
"POINT (7.658425324000064 51.933707257000037)",Unfall 220297 (2020) Kat:2, Licht: 2,220297,2,4,6,12,06,4,2,2,0,1,1,0,0,0
"POINT (7.630641933000049 51.932679264000058)",Unfall 220339 (2020) Kat:3, Licht: 2,220339,3,3,5,12,17,3,1,2,0,1,0,0,0,1
"POINT (7.583327861000043 51.965361376000033)",Unfall 220340 (2020) Kat:3, Licht: 0,220340,3,1,8,12,09,3,1,0,0,1,0,0,0,0
"POINT (7.483364081000047 51.944523600000082)",Unfall 40101 (2021) Kat:3, Licht: 0,40101,3,1,9,5,15,4,0,0,1,0,0,0,0,0
"POINT (7.571902133000037 51.915750210000056)",Unfall 40969 (2021) Kat:3, Licht: 0,40969,3,1,8,9,12,4,1,0,0,1,0,0,0,0
"POINT (7.614577975000032 52.002796219000061)",Unfall 40977 (2021) Kat:3, Licht: 0,40977,3,2,5,12,13,6,1,0,1,1,0,0,0,0
"POINT (7.717096614000070 51.934795918000077)",Unfall 40995 (2021) Kat:3, Licht: 0,40995,3,7,0,10,11,1,0,0,1,0,0,0,0,0
"POINT (7.645490981000023 51.945186781000075)",Unfall 41007 (2021) Kat:3, Licht: 0,41007,3,2,5,3,8,4,0,0,1,1,0,0,0,0
"POINT (7.612313689000075 51.974271038000040)",Unfall 41009 (2021) Kat:3, Licht: 2,41009,3,3,5,4,5,5,0,2,1,1,0,0,0,0
"POINT (7.601902793000022 51.934823490000042)",Unfall 41022 (2021) Kat:3, Licht: 0,41022,3,6,2,4,14,3,0,0,0,1,0,0,0,0
"POINT (7.577976618000037 51.892840325000066)",Unfall 41026 (2021) Kat:3, Licht: 0,41026,3,3,5,9,7,2,0,0,0,1,0,1,0,0
"POINT (7.617678523000052 51.965277355000069)",Unfall 41032 (2021) Kat:3, Licht: 0,41032,3,6,2,9,11,6,0,0,0,1,0,0,0,0
"POINT (7.723731206000025 51.913704106000068)",Unfall 41033 (2021) Kat:3, Licht: 0,41033,3,7,0,7,15,3,0,0,0,1,1,0,0,0
"POINT (7.678691573000037 52.029985122000028)",Unfall 41035 (2021) Kat:3, Licht: 0,41035,3,3,3,9,17,6,0,0,1,0,0,0,0,0
"POINT (7.617238786000030 51.895090970000069)",Unfall 41060 (2021) Kat:3, Licht: 0,41060,3,3,5,9,9,5,0,0,1,1,0,0,0,0
"POINT (7.622336535000045 51.893941512000026)",Unfall 41070 (2021) Kat:3, Licht: 2,41070,3,2,5,12,17,5,1,2,0,1,0,0,0,1
"POINT (7.648464656000044 51.942341117000069)",Unfall 41077 (2021) Kat:3, Licht: 2,41077,3,7,0,11,2,1,1,2,1,0,0,0,0,0
"POINT (7.614938813000037 52.008556324000040)",Unfall 41091 (2021) Kat:2, Licht: 2,41091,2,1,0,11,2,5,1,2,1,0,0,0,0,0
"POINT (7.626300923000031 51.909559444000081)",Unfall 41109 (2021) Kat:3, Licht: 0,41109,3,7,0,12,13,6,1,0,1,0,0,0,0,1
"POINT (7.619695046000061 51.957439877000070)",Unfall 41112 (2021) Kat:3, Licht: 2,41112,3,3,6,5,0,7,0,2,0,1,1,0,0,0
"POINT (7.643991846000063 51.962168814000051)",Unfall 41118 (2021) Kat:3, Licht: 0,41118,3,2,5,1,12,4,1,0,1,1,0,0,0,0
"POINT (7.576178818000074 51.879719908000027)",Unfall 41136 (2021) Kat:2, Licht: 0,41136,2,6,2,6,14,2,1,0,0,1,0,0,1,0
"POINT (7.693040026000062 51.973480397000060)",Unfall 41139 (2021) Kat:3, Licht: 0,41139,3,6,2,5,11,6,0,0,0,1,0,0,0,0
"POINT (7.634568142000035 51.953007368000044)",Unfall 41147 (2021) Kat:3, Licht: 0,41147,3,6,2,4,15,5,0,0,0,1,0,0,0,0
"POINT (7.623980599000049 51.940785885000082)",Unfall 41150 (2021) Kat:3, Licht: 0,41150,3,2,0,11,16,5,1,0,1,1,0,0,0,0
"POINT (7.635974664000059 51.959380734000035)",Unfall 41172 (2021) Kat:3, Licht: 0,41172,3,2,5,6,19,4,0,0,1,1,0,0,0,0
"POINT (7.598677086000066 52.027746011000033)",Unfall 41175 (2021) Kat:3, Licht: 0,41175,3,6,3,6,12,7,0,0,1,1,0,0,0,0
"POINT (7.617604600000050 51.961904668000045)",Unfall 41185 (2021) Kat:2, Licht: 2,41185,2,6,3,10,20,4,0,2,1,0,0,0,0,1
"POINT (7.640778758000067 51.971117779000053)",Unfall 41190 (2021) Kat:3, Licht: 0,41190,3,3,0,6,19,5,0,0,1,1,0,0,0,0
"POINT (7.607496787000059 51.993809609000039)",Unfall 41193 (2021) Kat:2, Licht: 0,41193,2,6,1,9,12,1,0,0,1,0,0,0,0,0
"POINT (7.584151553000027 51.935680680000075)",Unfall 41196 (2021) Kat:3, Licht: 0,41196,3,7,0,6,14,4,0,0,0,0,0,1,0,0
"POINT (7.556538239000076 52.000076258000036)",Unfall 41198 (2021) Kat:3, Licht: 0,41198,3,2,5,5,15,1,0,0,0,1,0,0,0,0
"POINT (7.571070089000045 51.974029482000049)",Unfall 41206 (2021) Kat:3, Licht: 0,41206,3,3,5,10,12,7,0,0,1,1,0,0,0,0
"POINT (7.530028467000022 51.911402800000076)",Unfall 41212 (2021) Kat:3, Licht: 2,41212,3,6,3,3,21,1,1,2,0,1,0,0,0,0
"POINT (7.595836033000069 51.979796420000071)",Unfall 41216 (2021) Kat:3, Licht: 0,41216,3,6,2,4,6,2,0,0,0,1,0,0,1,0
"POINT (7.674720495000031 52.007186930000046)",Unfall 41220 (2021) Kat:3, Licht: 1,41220,3,6,2,10,7,5,1,1,0,1,0,0,0,0
"POINT (7.639343345000043 51.958013896000068)",Unfall 41221 (2021) Kat:3, Licht: 0,41221,3,4,6,10,8,3,0,0,0,1,1,0,0,0
"POINT (7.630950787000074 51.946314139000037)",Unfall 41222 (2021) Kat:3, Licht: 2,41222,3,3,5,1,19,2,0,2,1,1,0,0,0,0
"POINT (7.621768489000033 51.993557635000059)",Unfall 41224 (2021) Kat:3, Licht: 0,41224,3,2,5,10,8,5,0,0,1,1,0,0,0,0
"POINT (7.621731737000061 51.993549938000058)",Unfall 41234 (2021) Kat:3, Licht: 2,41234,3,2,4,11,19,3,1,2,0,1,0,0,0,0
"POINT (7.646931745000074 51.943759987000078)",Unfall 41243 (2021) Kat:3, Licht: 0,41243,3,6,2,10,10,2,0,0,0,1,0,0,0,1
"POINT (7.551168759000063 51.914784271000030)",Unfall 41257 (2021) Kat:3, Licht: 0,41257,3,6,3,4,17,2,0,0,0,1,0,0,0,0
"POINT (7.516556656000034 51.952748189000033)",Unfall 41269 (2021) Kat:1, Licht: 0,41269,1,6,4,10,14,7,0,0,0,0,0,1,0,1
"POINT (7.679743753000025 51.988280297000074)",Unfall 41275 (2021) Kat:3, Licht: 0,41275,3,6,2,1,16,2,1,0,0,1,0,0,1,1
"POINT (7.644727772000067 51.980450786000063)",Unfall 41276 (2021) Kat:3, Licht: 0,41276,3,3,5,11,13,3,0,0,1,1,0,0,0,0
"POINT (7.625891561000060 51.955824565000057)",Unfall 41277 (2021) Kat:3, Licht: 0,41277,3,2,2,9,12,2,0,0,0,1,0,0,0,0