WKT,Name,OBJECTID,UKATEGORIE,UTYP1,UART,UMONAT,USTUNDE,UWOCHENTAG,STRZUSTAND,ULICHTVERH,ISTRAD,ISTPKW,ISTFUSS,ISTKRAD,ISTGKFZ,ISTSONSTIG
"POINT (7.527008121000051 52.010707656000079)",Unfall 41290 (2021) Kat:3, Licht: 0,41290,3,3,5,3,16,4,0,0,0,1,0,0,0,0
"POINT (7.598790419000068 51.943270724000058)",Unfall 41291 (2021) Kat:3, Licht: 1,41291,3,6,2,9,18,4,1,1,0,1,0,0,0,1
"POINT (7.575938014000030 51.972354036000070)",Unfall 41295 (2021) Kat:3, Licht: 2,41295,3,2,5,1,18,7,0,2,0,1,0,0,0,0
"POINT (7.662164799000038 51.994885277000037)",Unfall 41305 (2021) Kat:3, Licht: 0,41305,3,3,5,10,16,6,1,0,1,1,0,0,0,0
"POINT (7.634060444000056 51.962060726000061)",Unfall 41309 (2021) Kat:2, Licht: 2,41309,2,1,0,12,1,7,0,2,1,0,0,0,0,1
"POINT (7.625043586000061 51.936785934000056)",Unfall 41310 (2021) Kat:3, Licht: 0,41310,3,1,3,3,12,2,0,0,1,0,0,0,0,0
"POINT (7.607071672000075 52.039487782000037)",Unfall 41311 (2021) Kat:3, Licht: 0,41311,3,6,2,10,14,6,0,0,0,1,0,0,0,0
"POINT (7.707131561000040 51.918010927000068)",Unfall 41326 (2021) Kat:3, Licht: 1,41326,3,2,5,11,16,2,1,1,0,1,0,0,0,0
"POINT (7.631297098000061 51.948225093000076)",Unfall 41339 (2021) Kat:3, Licht: 0,41339,3,7,0,10,9,5,0,0,0,1,1,0,0,0
"POINT (7.604604360000053 51.971694440000078)",Unfall 41341 (2021) Kat:2, Licht: 0,41341,2,1,0,7,8,4,0,0,1,0,0,0,0,0
"POINT (7.626911726000060 51.931631320000065)",Unfall 41347 (2021) Kat:3, Licht: 0,41347,3,1,3,6,17,2,0,0,0,1,0,1,0,0
"POINT (7.623121985000068 51.966185084000074)",Unfall 41350 (2021) Kat:3, Licht: 2,41350,3,3,4,11,19,4,0,2,1,0,0,0,0,0
"POINT (7.703410044000066 51.980324373000030)",Unfall 41355 (2021) Kat:3, Licht: 0,41355,3,3,5,10,13,3,1,0,0,1,0,0,0,0
"POINT (7.680021797000052 51.971354914000074)",Unfall 41357 (2021) Kat:3, Licht: 0,41357,3,1,2,9,8,5,0,0,1,0,0,0,0,0
"POINT (7.644961964000061 51.980794828000057)",Unfall 41358 (2021) Kat:3, Licht: 0,41358,3,3,5,1,12,7,0,0,1,1,0,0,0,0
"POINT (7.635969416000023 51.959382701000038)",Unfall 41368 (2021) Kat:3, Licht: 0,41368,3,2,4,6,12,4,0,0,1,0,0,0,0,0
"POINT (7.531369179000023 52.009086037000031)",Unfall 41372 (2021) Kat:3, Licht: 0,41372,3,2,5,10,11,7,1,0,0,1,0,0,0,0
"POINT (7.631281826000077 51.953927517000068)",Unfall 41384 (2021) Kat:3, Licht: 0,41384,3,5,3,6,17,4,0,0,1,0,0,0,0,1
"POINT (7.623404142000027 51.943885785000077)",Unfall 41395 (2021) Kat:3, Licht: 0,41395,3,2,5,6,14,5,0,0,1,1,0,0,0,0
"POINT (7.645568246000039 51.967629835000082)",Unfall 41404 (2021) Kat:3, Licht: 2,41404,3,3,5,11,18,4,1,2,1,1,0,0,0,0
"POINT (7.637104312000076 51.954235099000073)",Unfall 41416 (2021) Kat:2, Licht: 0,41416,2,5,1,6,18,1,0,0,0,1,0,0,0,0
"POINT (7.602951364000035 51.886220285000036)",Unfall 41420 (2021) Kat:2, Licht: 0,41420,2,6,3,2,14,5,0,0,1,0,0,0,1,0
"POINT (7.625635977000059 51.902441054000064)",Unfall 41428 (2021) Kat:3, Licht: 0,41428,3,2,5,4,15,7,0,0,1,1,0,0,0,0
"POINT (7.683148532000075 51.990842628000053)",Unfall 41435 (2021) Kat:3, Licht: 0,41435,3,1,8,5,15,1,0,0,1,0,0,0,0,0
"POINT (7.625640852000060 51.902511514000082)",Unfall 41437 (2021) Kat:3, Licht: 0,41437,3,2,6,6,11,5,0,0,0,1,1,0,0,0
"POINT (7.611339624000038 51.987038918000053)",Unfall 41439 (2021) Kat:3, Licht: 0,41439,3,1,2,6,9,4,0,0,0,1,0,0,0,0
"POINT (7.573014419000060 51.924966447000031)",Unfall 41454 (2021) Kat:2, Licht: 0,41454,2,7,8,10,8,6,0,0,0,0,0,0,1,0
"POINT (7.724169860000075 51.915946865000080)",Unfall 41464 (2021) Kat:3, Licht: 0,41464,3,1,0,3,12,5,0,0,1,0,0,0,0,0
"POINT (7.677722877000065 51.919162986000060)",Unfall 41467 (2021) Kat:3, Licht: 0,41467,3,7,6,6,15,3,0,0,1,0,1,0,0,0
"POINT (7.633365507000065 51.907727079000040)",Unfall 41469 (2021) Kat:3, Licht: 2,41469,3,6,0,9,23,7,0,2,1,0,0,0,0,0
"POINT (7.623577727000054 51.974719010000058)",Unfall 41470 (2021) Kat:3, Licht: 2,41470,3,2,4,11,18,6,1,2,0,1,0,0,0,0
"POINT (7.608706898000037 51.967135678000034)",Unfall 41471 (2021) Kat:3, Licht: 0,41471,3,6,2,9,13,6,0,0,1,1,0,0,0,0
"POINT (7.569259723000073 51.900600447000045)",Unfall 41484 (2021) Kat:3, Licht: 0,41484,3,1,3,9,18,7,0,0,1,0,0,0,0,0
"POINT (7.597784349000051 51.978650990000062)",Unfall 41494 (2021) Kat:2, Licht: 2,41494,2,3,5,12,7,3,1,2,1,1,0,0,0,0
"POINT (7.631273537000027 51.948129528000038)",Unfall 41502 (2021) Kat:2, Licht: 1,41502,2,3,5,1,16,4,1,1,1,1,0,0,0,0
"POINT (7.621232120000059 51.994265538000036)",Unfall 41513 (2021) Kat:3, Licht: 1,41513,3,6,1,9,7,4,0,1,0,1,0,0,0,0
"POINT (7.593510482000056 51.965110817000038)",Unfall 41526 (2021) Kat:3, Licht: 0,41526,3,3,5,6,9,3,0,0,1,0,0,0,0,0
"POINT (7.636654444000044 51.952898597000058)",Unfall 41532 (2021) Kat:3, Licht: 1,41532,3,1,0,6,21,4,0,1,1,0,0,0,0,0
"POINT (7.628937654000026 51.926848755000037)",Unfall 41533 (2021) Kat:3, Licht: 2,41533,3,1,0,11,17,6,1,2,1,0,0,0,0,0
"POINT (7.617909229000077 51.966578042000037)",Unfall 41546 (2021) Kat:2, Licht: 2,41546,2,1,0,7,0,5,0,2,0,0,0,0,0,1
"POINT (7.726466587000061 52.009687517000032)",Unfall 41547 (2021) Kat:2, Licht: 0,41547,2,7,4,11,12,7,0,0,0,1,0,0,0,0
"POINT (7.632764222000048 51.958631292000064)",Unfall 41551 (2021) Kat:2, Licht: 0,41551,2,3,5,11,11,4,0,0,1,1,0,0,0,0
"POINT (7.611776228000053 51.974256585000035)",Unfall 41553 (2021) Kat:3, Licht: 0,41553,3,7,0,5,8,2,0,0,0,1,0,0,0,0
"POINT (7.588656910000054 51.965425334000031)",Unfall 41556 (2021) Kat:3, Licht: 0,41556,3,2,5,5,16,4,1,0,1,1,0,0,0,0
"POINT (7.561746762000041 51.912156531000051)",Unfall 41559 (2021) Kat:2, Licht: 0,41559,2,6,3,11,16,1,1,0,0,1,0,1,0,0
"POINT (7.595287615000075 51.976677551000080)",Unfall 41576 (2021) Kat:3, Licht: 0,41576,3,3,5,6,14,5,0,0,1,1,0,0,0,0
"POINT (7.603295702000025 52.033115387000066)",Unfall 41578 (2021) Kat:3, Licht: 0,41578,3,6,2,7,9,7,0,0,0,1,0,0,0,1
"POINT (7.635030804000053 51.959979967000038)",Unfall 41604 (2021) Kat:3, Licht: 0,41604,3,6,2,9,15,4,1,0,0,1,0,0,1,0
"POINT (7.598870225000042 51.992514686000050)",Unfall 41607 (2021) Kat:3, Licht: 0,41607,3,2,0,9,14,6,0,0,1,1,0,0,0,0
"POINT (7.709993315000077 51.977340685000058)",Unfall 41614 (2021) Kat:2, Licht: 0,41614,2,1,0,6,17,3,0,0,0,0,0,1,0,0
"POINT (7.531430806000060 51.982775468000057)",Unfall 41617 (2021) Kat:3, Licht: 0,41617,3,2,4,7,16,6,0,0,0,1,0,0,0,0
"POINT (7.640133449000075 51.957628307000050)",Unfall 41625 (2021) Kat:3, Licht: 0,41625,3,6,2,1,14,4,0,0,1,1,0,0,0,0
"POINT (7.609812142000067 51.940579919000072)",Unfall 41628 (2021) Kat:3, Licht: 1,41628,3,6,1,12,16,5,1,1,0,1,0,1,0,0
"POINT (7.586130230000037 51.892768108000041)",Unfall 41632 (2021) Kat:3, Licht: 0,41632,3,1,8,9,11,5,0,0,0,1,0,0,0,0
"POINT (7.569228630000055 51.942306408000036)",Unfall 41641 (2021) Kat:3, Licht: 0,41641,3,2,5,9,8,5,0,0,1,1,0,0,0,0
"POINT (7.705760209000061 51.939988522000078)",Unfall 41644 (2021) Kat:2, Licht: 0,41644,2,1,8,11,10,3,0,0,0,0,0,0,0,1
"POINT (7.658993406000036 51.967417677000071)",Unfall 41655 (2021) Kat:3, Licht: 0,41655,3,3,5,5,16,5,0,0,1,1,0,0,0,0
"POINT (7.637812156000052 51.939112520000037)",Unfall 41658 (2021) Kat:3, Licht: 0,41658,3,6,2,4,13,6,0,0,0,1,0,0,1,1
"POINT (7.647023867000030 51.963743950000037)",Unfall 41679 (2021) Kat:3, Licht: 0,41679,3,6,0,10,11,1,0,0,0,1,0,1,0,0
"POINT (7.612493289000042 51.972521390000054)",Unfall 41681 (2021) Kat:2, Licht: 2,41681,2,6,2,1,7,6,1,2,1,1,0,0,0,0
"POINT (7.588742215000025 51.986967969000034)",Unfall 41684 (2021) Kat:3, Licht: 0,41684,3,3,5,6,6,4,0,0,1,0,0,0,0,1
"POINT (7.634766142000046 51.952986476000035)",Unfall 41690 (2021) Kat:3, Licht: 0,41690,3,6,6,11,8,6,0,0,1,1,1,0,0,0
"POINT (7.601478509000060 51.934654726000076)",Unfall 41694 (2021) Kat:2, Licht: 2,41694,2,1,8,11,3,5,0,2,0,1,0,0,0,0
"POINT (7.711634385000025 51.994703130000062)",Unfall 41700 (2021) Kat:3, Licht: 0,41700,3,3,5,4,8,4,1,0,1,1,0,0,0,0
"POINT (7.727112456000043 51.915849960000060)",Unfall 41705 (2021) Kat:3, Licht: 0,41705,3,6,1,9,17,4,1,0,1,1,0,0,0,0
"POINT (7.660806333000039 51.933601058000079)",Unfall 41707 (2021) Kat:3, Licht: 2,41707,3,6,6,3,0,7,1,2,1,0,1,0,0,0
"POINT (7.641622623000046 51.953230597000072)",Unfall 41709 (2021) Kat:3, Licht: 2,41709,3,3,5,1,7,6,1,2,1,1,0,0,0,0
"POINT (7.633450830000072 51.953329250000081)",Unfall 41710 (2021) Kat:3, Licht: 0,41710,3,4,6,3,13,5,0,0,0,1,1,0,0,0
"POINT (7.625039050000055 51.951103219000061)",Unfall 41711 (2021) Kat:3, Licht: 0,41711,3,4,3,9,8,5,0,0,1,0,1,0,0,0
"POINT (7.586514663000059 51.927659254000048)",Unfall 41715 (2021) Kat:3, Licht: 0,41715,3,7,5,1,13,4,0,0,1,1,0,0,0,0
"POINT (7.617004916000042 51.949855812000067)",Unfall 41733 (2021) Kat:3, Licht: 2,41733,3,3,5,3,19,6,0,2,1,1,0,0,0,0
"POINT (7.635347154000044 51.971097134000047)",Unfall 41740 (2021) Kat:3, Licht: 0,41740,3,2,5,5,9,3,1,0,1,0,0,0,0,0
"POINT (7.631582159000061 51.957486280000069)",Unfall 41742 (2021) Kat:3, Licht: 1,41742,3,1,0,2,17,2,2,1,1,0,0,0,0,0
"POINT (7.554603740000061 51.979074505000028)",Unfall 41743 (2021) Kat:3, Licht: 0,41743,3,2,5,1,12,3,0,0,1,1,0,0,0,0
"POINT (7.605150994000041 51.950447071000042)",Unfall 41745 (2021) Kat:3, Licht: 2,41745,3,1,8,1,22,7,2,2,0,1,0,0,0,0
"POINT (7.569019517000072 51.973744642000042)",Unfall 41757 (2021) Kat:3, Licht: 2,41757,3,4,6,9,19,5,0,2,0,1,1,0,0,0
"POINT (7.644938372000070 51.980760171000043)",Unfall 41763 (2021) Kat:3, Licht: 0,41763,3,2,5,11,15,5,0,0,1,0,0,0,0,1
"POINT (7.614661707000039 52.002788202000033)",Unfall 41766 (2021) Kat:3, Licht: 2,41766,3,1,0,10,23,4,1,2,1,0,0,0,0,0
"POINT (7.656465686000047 51.970076851000044)",Unfall 41773 (2021) Kat:3, Licht: 0,41773,3,6,2,9,14,5,0,0,0,1,0,0,0,0
"POINT (7.636962882000034 51.950893429000075)",Unfall 41776 (2021) Kat:3, Licht: 0,41776,3,2,0,2,13,5,0,0,1,1,0,0,0,0
"POINT (7.716764718000036 51.933223496000039)",Unfall 41786 (2021) Kat:2, Licht: 0,41786,2,1,0,9,13,6,0,0,1,0,0,0,0,0
"POINT (7.640921871000046 51.961724917000026)",Unfall 41792 (2021) Kat:3, Licht: 0,41792,3,2,6,10,11,3,1,0,0,1,1,0,0,0
"POINT (7.606111389000034 51.973811492000038)",Unfall 41796 (2021) Kat:3, Licht: 0,41796,3,5,1,1,11,2,0,0,0,1,0,0,0,1
"POINT (7.622189481000021 51.993667132000041)",Unfall 41805 (2021) Kat:3, Licht: 0,41805,3,6,0,7,15,2,0,0,0,1,0,0,1,0
"POINT (7.658113478000075 51.935443838000026)",Unfall 41822 (2021) Kat:3, Licht: 1,41822,3,6,4,11,17,6,1,1,1,0,0,0,0,0
"POINT (7.553045159000021 51.952612266000074)",Unfall 41826 (2021) Kat:3, Licht: 0,41826,3,2,5,6,11,7,0,0,0,1,0,0,0,0
"POINT (7.626395499000068 51.955424964000031)",Unfall 41834 (2021) Kat:3, Licht: 0,41834,3,5,1,6,13,4,0,0,1,1,0,0,0,0
"POINT (7.540976075000060 51.924735852000026)",Unfall 41835 (2021) Kat:3, Licht: 0,41835,3,3,5,12,9,2,1,0,1,1,0,0,0,0
"POINT (7.589037705000067 51.928527920000079)",Unfall 41849 (2021) Kat:3, Licht: 1,41849,3,3,5,5,5,3,1,1,1,1,0,0,0,0
"POINT (7.691324381000072 51.910498553000082)",Unfall 41853 (2021) Kat:2, Licht: 0,41853,2,6,4,2,14,1,0,0,1,0,0,0,0,0
"POINT (7.677879934000032 51.973096175000080)",Unfall 41874 (2021) Kat:3, Licht: 0,41874,3,6,2,4,11,6,0,0,0,1,0,0,0,0
"POINT (7.641442365000046 51.898334827000042)",Unfall 41875 (2021) Kat:3, Licht: 0,41875,3,7,1,9,14,2,0,0,1,1,0,0,0,0
"POINT (7.632946998000023 51.913598688000036)",Unfall 41876 (2021) Kat:2, Licht: 2,41876,2,3,5,11,5,2,1,2,0,1,0,0,0,0
"POINT (7.624054914000055 51.965806713000063)",Unfall 41877 (2021) Kat:3, Licht: 0,41877,3,7,5,6,11,4,0,0,1,1,0,0,0,0
"POINT (7.608467478000023 51.948905722000063)",Unfall 41878 (2021) Kat:3, Licht: 2,41878,3,3,5,12,19,4,1,2,1,1,0,0,0,0
"POINT (7.675366518000033 51.949428993000026)",Unfall 41905 (2021) Kat:3, Licht: 0,41905,3,6,4,10,16,5,0,0,1,0,0,0,0,0
"POINT (7.635347163000063 51.938467330000037)",Unfall 41906 (2021) Kat:3, Licht: 2,41906,3,6,2,11,16,7,1,2,0,1,0,0,0,0
"POINT (7.637974238000027 51.902687298000046)",Unfall 41907 (2021) Kat:3, Licht: 0,41907,3,6,2,10,15,6,0,0,0,1,0,1,0,0
"POINT (7.645948480000072 51.955752245000042)",Unfall 41916 (2021) Kat:3, Licht: 0,41916,3,1,9,6,9,2,0,0,1,0,0,0,0,1
"POINT (7.703405088000068 51.980336952000073)",Unfall 41925 (2021) Kat:3, Licht: 0,41925,3,2,4,11,10,3,0,0,1,1,0,0,0,0
"POINT (7.613989424000067 51.967226892000042)",Unfall 41931 (2021) Kat:3, Licht: 2,41931,3,1,0,7,1,5,0,2,0,0,0,0,0,1
"POINT (7.698449057000062 51.988706988000047)",Unfall 41937 (2021) Kat:2, Licht: 0,41937,2,1,0,6,20,4,0,0,0,0,0,1,0,0
"POINT (7.626297032000025 51.955476446000034)",Unfall 41952 (2021) Kat:3, Licht: 0,41952,3,3,5,5,14,6,0,0,1,1,0,0,0,0
"POINT (7.619939587000033 51.954658875000064)",Unfall 41955 (2021) Kat:3, Licht: 0,41955,3,2,5,3,11,6,0,0,1,0,0,0,0,1
"POINT (7.563127758000064 51.925259461000053)",Unfall 41956 (2021) Kat:3, Licht: 0,41956,3,3,5,5,14,4,0,0,1,1,0,0,0,0
"POINT (7.625043586000061 51.936785934000056)",Unfall 41962 (2021) Kat:3, Licht: 0,41962,3,6,2,6,19,2,1,0,0,1,0,0,0,0
"POINT (7.611573837000037 51.983539195000048)",Unfall 41964 (2021) Kat:3, Licht: 0,41964,3,6,3,5,7,4,0,0,0,1,0,0,0,0
"POINT (7.590554346000033 51.973743342000034)",Unfall 41967 (2021) Kat:3, Licht: 2,41967,3,2,5,12,17,5,0,2,1,1,0,0,0,0
"POINT (7.562440651000031 51.910864127000082)",Unfall 41970 (2021) Kat:3, Licht: 0,41970,3,1,8,9,12,1,0,0,0,1,0,0,0,0
"POINT (7.689352015000054 51.910190840000041)",Unfall 41984 (2021) Kat:3, Licht: 1,41984,3,3,4,5,21,6,1,1,0,1,0,0,0,0
"POINT (7.600312724000048 51.934815215000071)",Unfall 41988 (2021) Kat:2, Licht: 0,41988,2,2,5,6,17,7,0,0,0,1,0,0,0,0
"POINT (7.634099871000046 51.969849641000053)",Unfall 41994 (2021) Kat:3, Licht: 2,41994,3,2,2,11,19,6,0,2,0,1,0,0,0,0
"POINT (7.626351444000022 51.965259254000046)",Unfall 41995 (2021) Kat:3, Licht: 2,41995,3,1,0,10,1,5,0,2,1,0,0,0,0,0
"POINT (7.619851159000063 51.954996375000064)",Unfall 41998 (2021) Kat:3, Licht: 0,41998,3,2,0,11,14,2,0,0,1,0,0,0,0,1
"POINT (7.560920549000059 51.914739722000036)",Unfall 41999 (2021) Kat:3, Licht: 0,41999,3,1,8,5,17,2,1,0,0,1,0,0,0,0
"POINT (7.650991499000042 51.901679156000057)",Unfall 42015 (2021) Kat:3, Licht: 0,42015,3,2,3,9,15,6,0,0,1,0,0,0,0,0
"POINT (7.628503999000031 51.964695730000074)",Unfall 42018 (2021) Kat:3, Licht: 0,42018,3,3,5,10,8,4,0,0,1,1,0,0,0,0
"POINT (7.575445989000059 51.916066296000054)",Unfall 42025 (2021) Kat:2, Licht: 0,42025,2,6,3,10,17,3,0,0,0,1,0,0,0,0
"POINT (7.640597965000040 51.903406265000058)",Unfall 42036 (2021) Kat:3, Licht: 0,42036,3,6,2,5,14,3,1,0,0,1,0,0,0,0
"POINT (7.633364180000058 51.907729504000031)",Unfall 42037 (2021) Kat:3, Licht: 2,42037,3,2,5,12,18,4,0,2,1,1,0,0,0,0
"POINT (7.647501301000034 51.959939219000034)",Unfall 42045 (2021) Kat:3, Licht: 0,42045,3,3,5,4,16,4,0,0,1,0,0,0,0,0
"POINT (7.666432561000022 51.954563271000040)",Unfall 42046 (2021) Kat:3, Licht: 0,42046,3,6,3,2,15,2,0,0,0,1,0,1,1,0
"POINT (7.597402363000072 51.989126653000028)",Unfall 42061 (2021) Kat:3, Licht: 2,42061,3,1,8,10,1,5,1,2,0,1,0,0,0,0
"POINT (7.635329108000064 51.962264398000059)",Unfall 42066 (2021) Kat:2, Licht: 0,42066,2,7,1,6,13,3,0,0,0,0,0,0,0,1
"POINT (7.581480813000042 52.011606821000044)",Unfall 42074 (2021) Kat:3, Licht: 0,42074,3,7,9,2,16,4,0,0,0,1,0,0,0,0
"POINT (7.623288367000043 51.944509912000058)",Unfall 42079 (2021) Kat:2, Licht: 0,42079,2,6,3,9,7,4,0,0,1,0,0,0,0,0
"POINT (7.567146374000060 51.955558092000047)",Unfall 42082 (2021) Kat:3, Licht: 0,42082,3,6,4,2,16,2,0,0,1,0,0,0,0,0
"POINT (7.700696609000033 51.923415508000062)",Unfall 42085 (2021) Kat:3, Licht: 2,42085,3,3,5,1,17,2,1,2,1,1,0,0,0,0
"POINT (7.671716253000056 51.924528144000078)",Unfall 42099 (2021) Kat:3, Licht: 2,42099,3,3,5,12,21,6,1,2,0,1,0,0,0,0
"POINT (7.636632805000033 51.952972435000049)",Unfall 42100 (2021) Kat:3, Licht: 2,42100,3,7,0,1,1,1,0,2,0,0,0,0,0,1
"POINT (7.602454491000060 51.959703486000080)",Unfall 42104 (2021) Kat:3, Licht: 0,42104,3,3,5,11,14,1,0,0,1,1,0,0,0,0
"POINT (7.625057758000025 51.951156603000072)",Unfall 42112 (2021) Kat:3, Licht: 0,42112,3,1,0,9,8,5,0,0,1,0,0,0,0,0
"POINT (7.619890701000031 51.954909490000034)",Unfall 42115 (2021) Kat:2, Licht: 0,42115,2,1,0,4,13,6,1,0,1,0,0,0,0,0
"POINT (7.588655960000040 51.965401611000061)",Unfall 42126 (2021) Kat:3, Licht: 0,42126,3,3,5,12,8,5,0,0,1,1,0,0,0,0
"POINT (7.561513555000033 52.021539891000032)",Unfall 42129 (2021) Kat:3, Licht: 2,42129,3,5,1,10,20,1,0,2,0,1,0,0,0,1
"POINT (7.617740485000070 51.962781321000080)",Unfall 42147 (2021) Kat:3, Licht: 0,42147,3,6,2,10,14,3,1,0,0,1,0,0,0,0
"POINT (7.599790846000076 51.994024405000062)",Unfall 42148 (2021) Kat:2, Licht: 0,42148,2,7,1,10,7,2,0,0,1,1,0,0,0,0
"POINT (7.634314143000040 51.953034285000058)",Unfall 42153 (2021) Kat:3, Licht: 0,42153,3,2,3,12,14,6,0,0,1,1,0,0,0,0
"POINT (7.639738047000037 51.961743814000044)",Unfall 42154 (2021) Kat:3, Licht: 0,42154,3,2,5,10,13,5,0,0,1,1,0,0,0,0
"POINT (7.624718191000056 51.965527164000036)",Unfall 42156 (2021) Kat:3, Licht: 1,42156,3,7,4,10,18,4,0,1,1,1,0,0,0,0
"POINT (7.609279548000075 51.940827134000074)",Unfall 42157 (2021) Kat:3, Licht: 0,42157,3,2,5,5,18,4,0,0,0,1,0,0,0,1
"POINT (7.665775700000040 51.930210352000074)",Unfall 42165 (2021) Kat:3, Licht: 1,42165,3,3,0,10,17,6,0,1,1,1,0,0,0,0
"POINT (7.722379414000045 51.911885740000059)",Unfall 42182 (2021) Kat:3, Licht: 2,42182,3,6,2,12,20,5,1,2,0,1,0,0,0,0
"POINT (7.639050693000058 51.902830599000026)",Unfall 42187 (2021) Kat:3, Licht: 0,42187,3,1,0,10,15,2,0,0,1,0,0,0,0,0
"POINT (7.628635542000040 51.954868327000042)",Unfall 42188 (2021) Kat:3, Licht: 0,42188,3,3,0,4,16,3,0,0,1,1,0,0,0,0
"POINT (7.553312047000077 51.952612249000026)",Unfall 42189 (2021) Kat:2, Licht: 2,42189,2,4,6,12,18,4,1,2,0,1,1,0,0,0
"POINT (7.603930533000039 51.880353261000039)",Unfall 42190 (2021) Kat:2, Licht: 0,42190,2,2,0,5,17,2,0,0,1,0,0,1,0,0
"POINT (7.620222341000044 51.955035591000069)",Unfall 42200 (2021) Kat:3, Licht: 2,42200,3,6,1,12,17,7,1,2,0,1,0,0,0,0
"POINT (7.624135689000070 51.940193766000050)",Unfall 42201 (2021) Kat:3, Licht: 2,42201,3,3,5,11,17,3,0,2,1,0,0,0,0,0
"POINT (7.615618919000042 51.967047399000080)",Unfall 42222 (2021) Kat:3, Licht: 2,42222,3,1,9,11,5,7,1,2,0,1,0,0,0,0
"POINT (7.658816525000020 51.985694592000073)",Unfall 42227 (2021) Kat:3, Licht: 0,42227,3,3,0,10,7,2,0,0,1,1,0,0,0,0
"POINT (7.638166926000054 51.952996596000048)",Unfall 42229 (2021) Kat:3, Licht: 0,42229,3,3,5,10,15,3,0,0,0,1,0,1,0,0
"POINT (7.627312891000031 51.943278197000041)",Unfall 42238 (2021) Kat:3, Licht: 0,42238,3,6,2,6,12,6,0,0,0,1,0,0,0,0
"POINT (7.621342860000027 51.966597510000042)",Unfall 42241 (2021) Kat:3, Licht: 2,42241,3,7,0,11,21,2,0,2,1,0,0,0,0,0
"POINT (7.645744344000036 51.955499792000069)",Unfall 42249 (2021) Kat:3, Licht: 0,42249,3,7,0,6,16,2,0,0,1,0,0,0,0,0
"POINT (7.614521101000037 51.974351226000067)",Unfall 42251 (2021) Kat:3, Licht: 0,42251,3,6,1,10,15,4,0,0,0,1,0,0,0,0
"POINT (7.601305551000053 51.976565234000077)",Unfall 42263 (2021) Kat:3, Licht: 2,42263,3,6,1,12,19,7,0,2,0,1,0,0,0,0
"POINT (7.618526987000052 51.959577151000076)",Unfall 42274 (2021) Kat:3, Licht: 0,42274,3,2,5,6,14,7,0,0,1,1,0,0,0,0
"POINT (7.588672923000047 51.986948957000038)",Unfall 42284 (2021) Kat:2, Licht: 2,42284,2,2,5,11,20,5,1,2,1,0,0,1,0,0
"POINT (7.574303284000052 51.925001185000042)",Unfall 42296 (2021) Kat:3, Licht: 0,42296,3,6,2,10,16,3,0,0,0,1,0,0,0,0
"POINT (7.616495126000075 51.954059484000027)",Unfall 42304 (2021) Kat:3, Licht: 0,42304,3,5,0,2,15,6,0,0,1,1,0,0,0,0
"POINT (7.623990781000032 51.947915541000043)",Unfall 42312 (2021) Kat:3, Licht: 0,42312,3,7,6,11,13,2,0,0,0,0,1,0,0,1
"POINT (7.606575143000043 51.930524548000051)",Unfall 42313 (2021) Kat:3, Licht: 0,42313,3,2,0,12,7,4,0,0,1,1,0,0,0,0
"POINT (7.623043263000056 51.897955543000080)",Unfall 42323 (2021) Kat:3, Licht: 0,42323,3,3,5,5,20,1,0,0,0,1,0,1,0,0
"POINT (7.615104767000048 51.967368978000081)",Unfall 42334 (2021) Kat:3, Licht: 0,42334,3,6,2,5,18,3,0,0,1,0,0,0,0,0
"POINT (7.638803778000067 51.974244533000046)",Unfall 42343 (2021) Kat:3, Licht: 0,42343,3,6,3,10,11,6,0,0,1,0,0,0,0,0
"POINT (7.716631377000056 51.937689498000054)",Unfall 42352 (2021) Kat:3, Licht: 1,42352,3,6,2,11,7,3,0,1,0,1,0,0,0,0
"POINT (7.627035315000057 51.955804205000049)",Unfall 42353 (2021) Kat:3, Licht: 0,42353,3,3,5,5,18,3,0,0,1,1,0,0,0,0
"POINT (7.612029715000062 51.943942819000029)",Unfall 42365 (2021) Kat:3, Licht: 0,42365,3,2,5,11,8,4,0,0,1,1,0,0,0,0
"POINT (7.636027607000074 51.959360895000032)",Unfall 42374 (2021) Kat:2, Licht: 2,42374,2,7,0,11,5,7,0,2,1,0,0,0,0,0
"POINT (7.602612419000025 51.968947990000061)",Unfall 42377 (2021) Kat:3, Licht: 2,42377,3,1,0,11,5,5,1,2,0,0,0,0,0,1
"POINT (7.577983576000065 51.892852459000039)",Unfall 42381 (2021) Kat:3, Licht: 2,42381,3,3,5,12,6,4,1,2,1,1,0,0,0,0
"POINT (7.712164975000064 51.910996963000059)",Unfall 42383 (2021) Kat:2, Licht: 0,42383,2,3,5,11,7,5,1,0,1,1,0,0,0,0
"POINT (7.677852115000064 51.919044881000048)",Unfall 42391 (2021) Kat:3, Licht: 0,42391,3,2,5,6,7,5,0,0,1,0,0,0,0,1
"POINT (7.624555085000054 51.949584665000032)",Unfall 42394 (2021) Kat:3, Licht: 1,42394,3,3,5,12,16,1,0,1,1,1,0,0,0,0
"POINT (7.588052413000071 51.984407293000061)",Unfall 42398 (2021) Kat:3, Licht: 0,42398,3,6,2,11,15,6,1,0,0,1,0,0,0,0
"POINT (7.557288057000051 51.950032219000036)",Unfall 42400 (2021) Kat:3, Licht: 0,42400,3,3,5,7,16,3,0,0,0,1,0,0,0,0
"POINT (7.645425267000064 51.962823187000026)",Unfall 42408 (2021) Kat:3, Licht: 0,42408,3,6,4,6,10,6,0,0,1,0,0,0,0,0
"POINT (7.612198902000046 51.974267951000058)",Unfall 42410 (2021) Kat:3, Licht: 0,42410,3,6,1,11,7,2,1,0,0,1,0,1,0,0