WKT,Name,OBJECTID,UKATEGORIE,UTYP1,UART,UMONAT,USTUNDE,UWOCHENTAG,STRZUSTAND,ULICHTVERH,ISTRAD,ISTPKW,ISTFUSS,ISTKRAD,ISTGKFZ,ISTSONSTIG
"POINT (7.588249614000063 51.970443589000070)",Unfall 42413 (2021) Kat:3, Licht: 0,42413,3,2,5,9,14,3,0,0,1,1,0,0,0,0
"POINT (7.636425347000056 51.972627514000067)",Unfall 42419 (2021) Kat:2, Licht: 2,42419,2,7,1,5,22,4,1,2,1,1,0,0,0,0
"POINT (7.601695609000046 51.965158012000074)",Unfall 42422 (2021) Kat:3, Licht: 0,42422,3,6,0,11,8,5,0,0,0,1,0,1,0,0
"POINT (7.618359379000026 51.959717359000081)",Unfall 42432 (2021) Kat:2, Licht: 0,42432,2,1,9,10,9,5,1,0,0,1,0,0,0,0
"POINT (7.677826862000074 51.919067959000074)",Unfall 42435 (2021) Kat:3, Licht: 0,42435,3,2,4,4,13,1,0,0,0,1,0,0,0,0
"POINT (7.625054242000033 51.937463817000037)",Unfall 42438 (2021) Kat:3, Licht: 0,42438,3,6,0,2,16,5,0,0,1,1,0,0,0,0
"POINT (7.608338661000062 51.939543867000054)",Unfall 42439 (2021) Kat:3, Licht: 0,42439,3,2,5,10,14,4,0,0,0,1,0,0,0,1
"POINT (7.557573016000049 52.033250985000052)",Unfall 42444 (2021) Kat:3, Licht: 2,42444,3,1,9,12,23,2,1,2,0,1,0,0,0,0
"POINT (7.651033084000062 51.901695338000081)",Unfall 42445 (2021) Kat:3, Licht: 0,42445,3,3,5,12,15,5,0,0,1,1,0,0,0,0
"POINT (7.617486261000067 51.965361288000054)",Unfall 42460 (2021) Kat:3, Licht: 0,42460,3,6,3,12,11,6,1,0,1,0,0,0,0,0
"POINT (7.642068659000074 51.903848723000067)",Unfall 42467 (2021) Kat:3, Licht: 0,42467,3,2,5,6,14,5,0,0,1,1,0,0,0,0
"POINT (7.621458979000067 51.935853878000046)",Unfall 42470 (2021) Kat:3, Licht: 1,42470,3,6,2,3,7,6,0,1,0,1,0,0,0,0
"POINT (7.621755853000025 51.993554988000028)",Unfall 42480 (2021) Kat:3, Licht: 0,42480,3,2,5,3,11,2,0,0,0,1,0,0,0,0
"POINT (7.591112338000073 51.929583526000044)",Unfall 42493 (2021) Kat:2, Licht: 0,42493,2,2,5,9,15,3,0,0,0,1,0,0,0,0
"POINT (7.639107243000069 51.902851604000034)",Unfall 42499 (2021) Kat:3, Licht: 0,42499,3,1,6,9,12,6,0,0,1,0,1,0,0,0
"POINT (7.630527636000068 51.922834239000053)",Unfall 42500 (2021) Kat:3, Licht: 0,42500,3,6,2,6,16,2,0,0,0,1,0,0,0,0
"POINT (7.601672142000041 51.995081777000053)",Unfall 42502 (2021) Kat:3, Licht: 2,42502,3,2,5,12,18,5,0,2,0,1,0,0,0,1
"POINT (7.625921371000061 51.955678253000031)",Unfall 42509 (2021) Kat:3, Licht: 2,42509,3,3,5,9,21,1,0,2,1,1,0,0,0,0
"POINT (7.565310110000041 51.973699667000062)",Unfall 42513 (2021) Kat:3, Licht: 2,42513,3,1,0,3,23,7,0,2,0,0,0,1,0,0
"POINT (7.754044963000069 51.929576275000045)",Unfall 42516 (2021) Kat:3, Licht: 0,42516,3,3,5,9,12,7,0,0,0,1,0,0,0,0
"POINT (7.642118280000034 51.953262379000080)",Unfall 42518 (2021) Kat:3, Licht: 0,42518,3,6,2,5,12,2,0,0,0,1,0,0,0,0
"POINT (7.612350699000046 51.974272033000034)",Unfall 42520 (2021) Kat:3, Licht: 0,42520,3,6,2,10,16,3,1,0,0,1,0,1,0,0
"POINT (7.650545189000070 51.904946888000040)",Unfall 42528 (2021) Kat:3, Licht: 0,42528,3,2,5,12,11,6,1,0,0,1,0,0,0,1
"POINT (7.669936059000065 51.951270574000034)",Unfall 42529 (2021) Kat:3, Licht: 0,42529,3,3,0,9,12,7,0,0,1,1,0,0,0,0
"POINT (7.634588911000037 51.964595378000070)",Unfall 42530 (2021) Kat:3, Licht: 0,42530,3,6,1,11,14,6,0,0,0,1,0,1,0,0
"POINT (7.527101705000064 51.924731723000036)",Unfall 42532 (2021) Kat:3, Licht: 0,42532,3,2,5,9,16,7,0,0,1,1,0,0,0,0
"POINT (7.599075382000024 51.990805416000057)",Unfall 42533 (2021) Kat:3, Licht: 0,42533,3,3,0,10,17,5,1,0,1,1,0,0,0,0
"POINT (7.641903051000043 51.956846473000041)",Unfall 42548 (2021) Kat:3, Licht: 0,42548,3,1,0,2,14,1,0,0,1,0,0,0,0,0
"POINT (7.624764284000037 51.950238167000066)",Unfall 42550 (2021) Kat:3, Licht: 0,42550,3,6,0,3,19,3,0,0,1,0,0,0,0,0
"POINT (7.610156043000075 51.941676438000059)",Unfall 42551 (2021) Kat:3, Licht: 0,42551,3,7,0,6,18,5,0,0,1,0,0,0,0,1
"POINT (7.587447871000052 51.962532520000082)",Unfall 42554 (2021) Kat:3, Licht: 0,42554,3,7,0,1,10,2,0,0,0,0,0,0,0,1
"POINT (7.646987766000052 51.963799854000058)",Unfall 42557 (2021) Kat:3, Licht: 2,42557,3,3,5,10,19,2,1,2,0,1,0,0,0,0
"POINT (7.710061241000062 51.914202168000031)",Unfall 42566 (2021) Kat:3, Licht: 0,42566,3,6,2,11,8,5,1,0,0,1,0,0,0,0
"POINT (7.689083854000046 51.910059225000055)",Unfall 42568 (2021) Kat:2, Licht: 1,42568,2,1,0,7,21,7,0,1,1,0,0,0,0,0
"POINT (7.616552351000053 51.939642710000044)",Unfall 42571 (2021) Kat:3, Licht: 2,42571,3,2,5,12,19,3,0,2,1,1,0,0,0,0
"POINT (7.635270998000067 51.961391712000079)",Unfall 42578 (2021) Kat:3, Licht: 2,42578,3,6,0,11,19,5,1,2,0,1,0,1,0,0
"POINT (7.639318938000031 51.958025564000081)",Unfall 42579 (2021) Kat:3, Licht: 2,42579,3,5,9,4,21,7,1,2,1,1,0,0,0,0
"POINT (7.631345226000064 51.948356968000041)",Unfall 42580 (2021) Kat:2, Licht: 0,42580,2,1,0,12,10,4,1,0,1,0,0,0,0,0
"POINT (7.646769332000076 51.957018862000041)",Unfall 42588 (2021) Kat:3, Licht: 0,42588,3,3,5,9,10,2,0,0,0,1,0,0,0,0
"POINT (7.645063113000049 51.904231377000031)",Unfall 42600 (2021) Kat:3, Licht: 0,42600,3,6,6,12,14,6,0,0,1,0,1,0,0,0
"POINT (7.650667249000037 51.945261969000057)",Unfall 42601 (2021) Kat:3, Licht: 2,42601,3,1,8,2,18,4,2,2,0,1,0,0,0,0
"POINT (7.690586172000053 51.945570811000039)",Unfall 42613 (2021) Kat:3, Licht: 0,42613,3,6,2,3,12,6,0,0,0,1,0,0,0,0
"POINT (7.638463948000037 51.958408612000028)",Unfall 42623 (2021) Kat:2, Licht: 2,42623,2,1,0,11,5,7,0,2,0,0,0,0,0,1
"POINT (7.631123167000055 51.947146260000068)",Unfall 42624 (2021) Kat:3, Licht: 1,42624,3,3,0,9,19,3,0,1,1,1,0,0,0,0
"POINT (7.553981052000040 51.951956488000064)",Unfall 42625 (2021) Kat:2, Licht: 1,42625,2,3,5,3,6,2,0,1,0,1,0,1,0,0
"POINT (7.603843635000032 52.034064284000067)",Unfall 42627 (2021) Kat:3, Licht: 0,42627,3,6,2,10,14,4,0,0,0,1,0,0,0,0
"POINT (7.520472775000030 52.013136842000051)",Unfall 42635 (2021) Kat:3, Licht: 0,42635,3,6,3,5,16,2,0,0,1,0,0,0,0,0
"POINT (7.702082506000067 51.983559801000069)",Unfall 42642 (2021) Kat:3, Licht: 2,42642,3,6,4,1,5,7,0,2,0,1,0,0,0,1
"POINT (7.563143899000067 51.925258711000026)",Unfall 42673 (2021) Kat:3, Licht: 0,42673,3,3,5,9,15,6,0,0,1,1,0,0,0,0
"POINT (7.644943044000058 51.904217743000061)",Unfall 42678 (2021) Kat:3, Licht: 0,42678,3,6,0,9,9,4,0,0,0,1,0,1,0,0
"POINT (7.670048161000068 51.951232264000055)",Unfall 42690 (2021) Kat:2, Licht: 0,42690,2,1,4,6,17,5,0,0,1,0,0,0,0,0
"POINT (7.550644178000027 51.952982867000060)",Unfall 42691 (2021) Kat:3, Licht: 0,42691,3,6,2,6,17,6,0,0,0,1,0,0,0,0
"POINT (7.714712357000053 51.944250765000049)",Unfall 42699 (2021) Kat:3, Licht: 2,42699,3,1,9,9,0,5,0,2,0,1,0,0,0,0
"POINT (7.676043834000041 51.920670577000067)",Unfall 42708 (2021) Kat:3, Licht: 0,42708,3,6,2,9,13,2,0,0,0,1,0,0,1,0
"POINT (7.633903093000072 51.953083754000033)",Unfall 42711 (2021) Kat:3, Licht: 0,42711,3,6,4,6,15,3,0,0,1,0,0,0,0,0
"POINT (7.596649420000062 51.928456960000062)",Unfall 42735 (2021) Kat:3, Licht: 2,42735,3,6,9,10,21,4,1,2,0,1,0,0,0,0
"POINT (7.631797924000068 51.949902207000036)",Unfall 42742 (2021) Kat:3, Licht: 0,42742,3,3,0,4,17,7,0,0,1,1,0,0,0,0
"POINT (7.604522116000055 51.925502709000057)",Unfall 42744 (2021) Kat:3, Licht: 0,42744,3,2,2,4,12,3,0,0,0,1,0,0,0,0
"POINT (7.626889300000073 51.955548418000035)",Unfall 42751 (2021) Kat:3, Licht: 0,42751,3,3,3,11,16,4,0,0,0,1,0,0,1,0
"POINT (7.645615343000031 51.967797563000033)",Unfall 42763 (2021) Kat:3, Licht: 2,42763,3,1,0,3,4,7,1,2,1,0,0,0,0,0
"POINT (7.613618578000057 51.968299718000026)",Unfall 42766 (2021) Kat:3, Licht: 0,42766,3,2,5,6,18,7,0,0,1,1,0,0,0,0
"POINT (7.634818306000057 51.900592245000041)",Unfall 42774 (2021) Kat:3, Licht: 0,42774,3,6,2,9,16,5,0,0,0,1,0,0,0,0
"POINT (7.629019549000077 51.973913462000041)",Unfall 42776 (2021) Kat:3, Licht: 0,42776,3,6,2,9,7,5,0,0,0,1,0,0,0,0
"POINT (7.549408479000022 51.975942272000054)",Unfall 42777 (2021) Kat:3, Licht: 0,42777,3,6,2,6,16,3,0,0,0,1,0,0,0,1
"POINT (7.632948139000064 51.913665078000065)",Unfall 42795 (2021) Kat:3, Licht: 1,42795,3,2,4,11,6,2,1,1,0,1,0,1,0,0
"POINT (7.589579454000045 51.928777091000029)",Unfall 42800 (2021) Kat:3, Licht: 0,42800,3,3,5,12,15,2,0,0,1,0,0,0,0,0
"POINT (7.651475548000064 51.904655876000049)",Unfall 42804 (2021) Kat:3, Licht: 2,42804,3,7,6,12,18,5,0,2,0,1,1,0,0,0
"POINT (7.668441795000035 51.996775157000059)",Unfall 42805 (2021) Kat:3, Licht: 0,42805,3,6,1,11,9,3,1,0,0,1,0,0,0,0
"POINT (7.549894027000050 51.942656152000040)",Unfall 42821 (2021) Kat:3, Licht: 0,42821,3,1,2,6,7,2,0,0,0,1,0,0,0,0
"POINT (7.625983497000050 51.955599767000081)",Unfall 42831 (2021) Kat:3, Licht: 0,42831,3,7,8,11,14,3,0,0,0,1,0,0,0,0
"POINT (7.560791362000032 52.020110832000057)",Unfall 42835 (2021) Kat:3, Licht: 0,42835,3,1,8,9,13,1,0,0,0,1,0,0,0,0
"POINT (7.626597918000073 51.931909170000040)",Unfall 42841 (2021) Kat:3, Licht: 0,42841,3,2,5,11,9,5,0,0,1,1,0,0,0,0
"POINT (7.611109001000045 51.951665866000042)",Unfall 42843 (2021) Kat:3, Licht: 0,42843,3,5,1,10,16,6,1,0,1,1,0,0,0,0
"POINT (7.574211917000071 51.888374623000061)",Unfall 42858 (2021) Kat:1, Licht: 0,42858,1,1,2,12,10,2,1,0,0,1,0,0,1,1
"POINT (7.687869299000056 51.928227364000065)",Unfall 42863 (2021) Kat:3, Licht: 0,42863,3,3,5,12,11,5,1,0,1,1,0,0,0,0
"POINT (7.617617429000063 51.961844164000070)",Unfall 42866 (2021) Kat:3, Licht: 2,42866,3,2,3,10,20,7,1,2,1,1,0,0,0,0
"POINT (7.725517454000055 51.915823124000042)",Unfall 42868 (2021) Kat:3, Licht: 1,42868,3,4,6,1,17,2,0,1,0,1,1,0,0,0
"POINT (7.641322389000038 51.976536811000074)",Unfall 42872 (2021) Kat:3, Licht: 2,42872,3,1,0,12,18,1,0,2,1,0,0,0,0,0
"POINT (7.632831785000064 51.973080485000082)",Unfall 42873 (2021) Kat:3, Licht: 2,42873,3,2,0,10,6,6,0,2,1,1,0,0,0,0
"POINT (7.608791228000030 51.993756636000057)",Unfall 42875 (2021) Kat:3, Licht: 0,42875,3,1,0,5,8,3,0,0,1,0,0,0,0,0
"POINT (7.530150784000057 51.911271949000081)",Unfall 42894 (2021) Kat:3, Licht: 1,42894,3,6,2,10,7,4,0,1,0,1,0,0,0,0
"POINT (7.631759830000021 51.950782201000038)",Unfall 42906 (2021) Kat:3, Licht: 0,42906,3,2,5,7,14,3,0,0,1,1,0,0,0,0
"POINT (7.615099294000061 51.967291078000073)",Unfall 42927 (2021) Kat:2, Licht: 2,42927,2,3,5,12,17,3,1,2,1,0,0,0,0,1
"POINT (7.594384385000069 51.988523546000067)",Unfall 42930 (2021) Kat:3, Licht: 0,42930,3,3,5,2,14,5,0,0,1,1,0,0,0,0
"POINT (7.636472600000047 51.972466923000070)",Unfall 42936 (2021) Kat:3, Licht: 0,42936,3,3,0,7,17,6,0,0,0,1,0,0,0,1
"POINT (7.602992710000024 52.032608340000081)",Unfall 42939 (2021) Kat:3, Licht: 0,42939,3,6,2,5,16,3,1,0,0,1,0,0,0,0
"POINT (7.644494654000027 51.992627304000052)",Unfall 42953 (2021) Kat:3, Licht: 2,42953,3,6,2,12,19,5,1,2,0,1,0,0,0,0
"POINT (7.598164026000063 51.964827180000043)",Unfall 42981 (2021) Kat:3, Licht: 0,42981,3,2,5,2,9,5,0,0,1,0,0,0,0,0
"POINT (7.662151462000054 51.994889392000061)",Unfall 42985 (2021) Kat:3, Licht: 0,42985,3,3,5,6,8,4,0,0,1,1,0,0,0,0
"POINT (7.632690235000041 51.953727119000064)",Unfall 42988 (2021) Kat:3, Licht: 2,42988,3,4,0,10,21,6,1,2,0,1,1,1,0,0
"POINT (7.624527870000065 51.939438433000078)",Unfall 42990 (2021) Kat:3, Licht: 0,42990,3,3,5,6,16,4,0,0,1,1,0,0,0,0
"POINT (7.607601309000074 51.993805551000037)",Unfall 42991 (2021) Kat:3, Licht: 0,42991,3,1,0,6,7,1,0,0,1,0,0,0,0,0
"POINT (7.588152985000022 51.970371728000032)",Unfall 42995 (2021) Kat:3, Licht: 0,42995,3,2,5,12,12,5,0,0,1,1,0,0,0,0
"POINT (7.648303234000025 51.882123535000062)",Unfall 42998 (2021) Kat:3, Licht: 0,42998,3,3,5,4,6,3,0,0,1,1,0,0,0,0
"POINT (7.594648386000074 52.036502425000037)",Unfall 43028 (2021) Kat:3, Licht: 0,43028,3,2,5,6,18,5,0,0,0,1,0,0,0,0
"POINT (7.722383283000056 51.911890921000065)",Unfall 43029 (2021) Kat:2, Licht: 2,43029,2,2,4,12,6,4,1,2,0,1,0,0,1,0
"POINT (7.674203049000027 51.922384561000058)",Unfall 43032 (2021) Kat:2, Licht: 0,43032,2,1,8,9,16,7,0,0,0,1,0,0,0,0
"POINT (7.631431654000039 51.953975029000048)",Unfall 43034 (2021) Kat:3, Licht: 0,43034,3,2,5,11,12,4,1,0,1,1,0,0,0,0
"POINT (7.624572721000050 51.955611007000073)",Unfall 43035 (2021) Kat:2, Licht: 0,43035,2,2,5,2,16,6,0,0,0,1,0,1,0,0
"POINT (7.607829045000074 51.933567333000042)",Unfall 43036 (2021) Kat:3, Licht: 0,43036,3,2,4,6,7,2,0,0,1,1,0,0,0,0
"POINT (7.584497538000051 51.961152885000047)",Unfall 43040 (2021) Kat:3, Licht: 0,43040,3,1,0,10,9,1,1,0,1,0,0,0,0,0
"POINT (7.647377287000040 51.962916971000027)",Unfall 43043 (2021) Kat:3, Licht: 0,43043,3,3,0,11,10,4,0,0,1,1,0,0,0,0
"POINT (7.663909703000058 51.952665584000044)",Unfall 43044 (2021) Kat:3, Licht: 0,43044,3,2,5,9,8,3,0,0,0,1,0,0,0,0
"POINT (7.591193466000050 51.982551804000082)",Unfall 43060 (2021) Kat:3, Licht: 0,43060,3,6,2,11,13,6,0,0,0,1,0,0,0,0
"POINT (7.583951084000034 51.926807066000038)",Unfall 43073 (2021) Kat:3, Licht: 0,43073,3,3,5,4,9,5,0,0,1,1,0,0,0,0
"POINT (7.627134228000045 51.965264265000030)",Unfall 43076 (2021) Kat:3, Licht: 0,43076,3,7,0,7,16,5,0,0,1,0,0,0,0,0
"POINT (7.619189224000024 51.952618934000043)",Unfall 43079 (2021) Kat:3, Licht: 0,43079,3,6,2,9,16,2,0,0,0,1,0,0,0,0
"POINT (7.682435098000042 51.914856268000051)",Unfall 43086 (2021) Kat:3, Licht: 0,43086,3,6,2,9,17,6,0,0,0,1,0,0,0,0
"POINT (7.588469534000069 51.970552302000044)",Unfall 43092 (2021) Kat:3, Licht: 0,43092,3,1,4,6,10,6,0,0,1,0,0,0,0,0
"POINT (7.602819257000021 51.994464336000078)",Unfall 43101 (2021) Kat:3, Licht: 0,43101,3,5,1,11,13,5,0,0,0,1,0,0,0,0
"POINT (7.711998540000025 51.994743660000040)",Unfall 43107 (2021) Kat:3, Licht: 0,43107,3,3,5,4,15,5,0,0,1,1,0,0,0,0
"POINT (7.727213096000071 51.922382401000050)",Unfall 43112 (2021) Kat:3, Licht: 0,43112,3,2,5,10,8,7,0,0,1,1,0,0,0,0
"POINT (7.632824849000031 51.973081593000074)",Unfall 43117 (2021) Kat:3, Licht: 0,43117,3,2,6,9,16,4,0,0,0,0,1,0,1,0
"POINT (7.625100268000040 51.965426444000059)",Unfall 43118 (2021) Kat:2, Licht: 0,43118,2,7,0,6,10,4,0,0,1,0,0,0,0,0
"POINT (7.665205196000045 51.930666086000031)",Unfall 43126 (2021) Kat:3, Licht: 0,43126,3,6,1,6,18,1,0,0,0,1,0,0,0,0
"POINT (7.616617396000038 51.966527751000058)",Unfall 43141 (2021) Kat:3, Licht: 2,43141,3,2,4,12,17,4,0,2,1,0,0,0,0,0
"POINT (7.596529570000030 51.969844094000052)",Unfall 43142 (2021) Kat:3, Licht: 0,43142,3,3,5,5,8,6,0,0,1,1,0,0,0,0
"POINT (7.673401906000038 51.923050491000026)",Unfall 43146 (2021) Kat:3, Licht: 2,43146,3,3,5,11,19,6,1,2,1,1,0,0,0,0
"POINT (7.622150086000033 51.993108206000045)",Unfall 43150 (2021) Kat:3, Licht: 0,43150,3,6,2,4,14,3,0,0,1,0,0,0,0,0
"POINT (7.648161837000032 51.988786628000071)",Unfall 43157 (2021) Kat:3, Licht: 0,43157,3,1,2,9,7,4,0,0,1,1,0,0,0,0
"POINT (7.543456110000022 51.992180169000051)",Unfall 43158 (2021) Kat:3, Licht: 2,43158,3,3,5,1,7,3,1,2,0,1,0,0,0,0
"POINT (7.571743948000062 51.895053783000037)",Unfall 43163 (2021) Kat:3, Licht: 2,43163,3,1,3,12,18,1,1,2,0,1,0,0,0,0
"POINT (7.705291869000064 51.911436571000081)",Unfall 43166 (2021) Kat:3, Licht: 0,43166,3,6,2,10,16,2,1,0,0,1,0,0,0,0
"POINT (7.593460000000050 51.922872723000069)",Unfall 43174 (2021) Kat:3, Licht: 1,43174,3,6,2,12,7,2,1,1,0,1,0,0,0,1
"POINT (7.636684972000069 51.973576605000062)",Unfall 43179 (2021) Kat:3, Licht: 2,43179,3,4,6,2,6,2,1,2,0,1,1,0,0,0
"POINT (7.630388110000069 51.973609218000036)",Unfall 43180 (2021) Kat:3, Licht: 2,43180,3,6,2,11,16,2,0,2,0,1,0,0,0,0
"POINT (7.601697241000068 51.965168476000031)",Unfall 43182 (2021) Kat:3, Licht: 0,43182,3,3,5,2,12,3,0,0,0,1,0,0,0,0
"POINT (7.681438589000038 51.971617011000035)",Unfall 43197 (2021) Kat:3, Licht: 2,43197,3,1,0,6,1,2,0,2,0,0,0,0,0,1
"POINT (7.612032302000046 51.943945945000053)",Unfall 43200 (2021) Kat:3, Licht: 0,43200,3,3,5,9,19,1,0,0,1,1,0,0,0,0
"POINT (7.562925039000049 51.946377350000034)",Unfall 43206 (2021) Kat:2, Licht: 0,43206,2,1,9,7,9,5,0,0,1,0,0,0,0,0
"POINT (7.668399344000022 51.996710050000047)",Unfall 43209 (2021) Kat:2, Licht: 0,43209,2,1,9,4,13,2,0,0,0,1,0,0,0,0
"POINT (7.635538221000047 51.959547506000035)",Unfall 43211 (2021) Kat:3, Licht: 0,43211,3,3,5,4,15,4,0,0,1,1,0,0,0,0
"POINT (7.551669531000073 51.979548809000050)",Unfall 43228 (2021) Kat:3, Licht: 0,43228,3,6,3,3,14,6,0,0,0,1,0,0,0,0
"POINT (7.602400161000048 51.920347597000045)",Unfall 43229 (2021) Kat:3, Licht: 0,43229,3,1,4,9,8,2,0,0,1,0,0,0,0,0
"POINT (7.626034457000060 51.954234286000030)",Unfall 43236 (2021) Kat:3, Licht: 0,43236,3,5,0,5,17,7,0,0,0,1,0,0,0,1
"POINT (7.565646000000072 51.996360811000045)",Unfall 43241 (2021) Kat:3, Licht: 0,43241,3,3,5,9,15,3,0,0,1,0,0,0,0,1
"POINT (7.612473178000073 51.969123985000067)",Unfall 43248 (2021) Kat:3, Licht: 0,43248,3,2,0,6,17,2,0,0,1,1,0,0,0,0
"POINT (7.590923950000047 51.965273278000041)",Unfall 43251 (2021) Kat:3, Licht: 0,43251,3,6,0,6,17,5,0,0,1,0,0,0,0,0
"POINT (7.636940406000065 51.950905714000044)",Unfall 43257 (2021) Kat:3, Licht: 0,43257,3,3,5,9,13,4,1,0,1,0,0,0,0,1
"POINT (7.527047486000072 51.924751471000036)",Unfall 43259 (2021) Kat:3, Licht: 2,43259,3,2,5,12,18,7,1,2,0,1,0,0,0,0
"POINT (7.618718362000038 51.954852865000078)",Unfall 43272 (2021) Kat:3, Licht: 0,43272,3,3,5,6,18,3,0,0,1,0,0,0,0,0
"POINT (7.642034797000065 51.953257026000074)",Unfall 43277 (2021) Kat:2, Licht: 0,43277,2,6,2,6,14,4,0,0,0,1,0,1,0,0
"POINT (7.632935336000060 51.973063946000082)",Unfall 43278 (2021) Kat:3, Licht: 0,43278,3,2,5,7,16,2,0,0,1,1,0,0,0,0
"POINT (7.624702669000044 51.950045628000055)",Unfall 43279 (2021) Kat:3, Licht: 0,43279,3,7,0,1,14,7,0,0,0,0,0,0,0,1
"POINT (7.606398093000053 51.949522291000051)",Unfall 43280 (2021) Kat:3, Licht: 1,43280,3,2,0,12,7,6,1,1,1,1,0,0,0,0
"POINT (7.652925076000031 51.993686806000028)",Unfall 43286 (2021) Kat:3, Licht: 2,43286,3,6,3,9,5,7,0,2,0,1,0,1,0,0
"POINT (7.667679016000022 51.928470198000070)",Unfall 43287 (2021) Kat:3, Licht: 0,43287,3,7,2,10,17,3,1,0,0,1,0,0,0,0
"POINT (7.658178718000045 51.975439502000029)",Unfall 43307 (2021) Kat:3, Licht: 0,43307,3,1,8,7,21,1,0,0,0,1,0,0,0,0
"POINT (7.555400957000074 51.926936798000042)",Unfall 43311 (2021) Kat:2, Licht: 2,43311,2,7,2,10,4,6,0,2,0,1,0,0,1,0
"POINT (7.647023867000030 51.963743950000037)",Unfall 43330 (2021) Kat:3, Licht: 2,43330,3,2,0,1,6,3,1,2,0,1,1,0,0,0
"POINT (7.637330935000023 51.955915316000073)",Unfall 43342 (2021) Kat:3, Licht: 0,43342,3,1,0,10,17,5,0,0,1,0,0,0,0,0
"POINT (7.539612902000044 51.955437387000075)",Unfall 43355 (2021) Kat:3, Licht: 0,43355,3,4,0,4,15,7,0,0,0,1,1,0,0,0
"POINT (7.611557492000031 51.983703197000068)",Unfall 43365 (2021) Kat:3, Licht: 0,43365,3,2,0,10,12,5,0,0,0,1,0,0,0,1
"POINT (7.562440210000034 52.023339178000072)",Unfall 43371 (2021) Kat:2, Licht: 0,43371,2,3,5,5,15,6,0,0,1,0,0,0,0,0
"POINT (7.618393145000027 51.959687978000034)",Unfall 43390 (2021) Kat:3, Licht: 2,43390,3,1,0,6,1,1,0,2,0,0,0,0,0,1
"POINT (7.676121749000060 51.998380075000057)",Unfall 43395 (2021) Kat:3, Licht: 0,43395,3,1,4,1,14,6,1,0,0,1,0,1,0,0
"POINT (7.624828536000052 51.936745414000029)",Unfall 43398 (2021) Kat:3, Licht: 2,43398,3,6,2,10,19,3,1,2,0,1,0,0,0,0
"POINT (7.608214410000073 51.972393309000040)",Unfall 43399 (2021) Kat:3, Licht: 0,43399,3,7,1,6,17,3,0,0,1,1,0,0,0,0
"POINT (7.584442906000049 51.935572331000060)",Unfall 43402 (2021) Kat:2, Licht: 0,43402,2,1,0,9,16,6,0,0,1,0,0,0,0,0
"POINT (7.627850192000039 51.929386583000053)",Unfall 43407 (2021) Kat:2, Licht: 2,43407,2,1,0,6,1,3,0,2,1,0,0,0,0,0
"POINT (7.635059016000071 51.959728516000041)",Unfall 43428 (2021) Kat:3, Licht: 0,43428,3,3,0,9,13,2,0,0,0,0,0,1,0,1
"POINT (7.637601713000038 51.958751992000032)",Unfall 43429 (2021) Kat:3, Licht: 2,43429,3,3,0,11,19,1,1,2,1,1,0,0,0,0
"POINT (7.678097524000066 51.918803841000056)",Unfall 43438 (2021) Kat:2, Licht: 0,43438,2,3,5,6,10,2,0,0,1,1,0,0,0,0
"POINT (7.641406104000055 51.961735671000042)",Unfall 43439 (2021) Kat:3, Licht: 0,43439,3,3,5,11,13,7,0,0,1,1,0,0,0,0
"POINT (7.609301564000020 51.940853226000058)",Unfall 43442 (2021) Kat:3, Licht: 1,43442,3,2,5,12,7,6,1,1,1,1,0,0,0,0
"POINT (7.557312741000032 51.950015356000051)",Unfall 43447 (2021) Kat:3, Licht: 0,43447,3,2,3,9,6,4,0,0,1,0,0,0,0,0
"POINT (7.647583514000075 51.960670085000061)",Unfall 43448 (2021) Kat:3, Licht: 2,43448,3,4,6,1,7,6,0,2,0,1,1,0,0,0
"POINT (7.666797213000052 51.968888588000027)",Unfall 43449 (2021) Kat:2, Licht: 0,43449,2,1,0,10,9,4,1,0,1,0,0,0,0,0
"POINT (7.630553364000036 51.963941070000033)",Unfall 43470 (2021) Kat:3, Licht: 0,43470,3,4,0,11,13,4,1,0,1,0,1,0,0,0
"POINT (7.623480932000064 51.974718174000031)",Unfall 43481 (2021) Kat:3, Licht: 2,43481,3,7,0,9,0,2,0,2,1,0,0,0,0,0
"POINT (7.645545340000069 51.904287443000044)",Unfall 43490 (2021) Kat:3, Licht: 0,43490,3,2,3,11,10,2,1,0,1,1,0,0,0,0
"POINT (7.613561265000044 51.997943539000062)",Unfall 43493 (2021) Kat:2, Licht: 0,43493,2,7,9,6,13,2,0,0,0,1,0,0,0,0
"POINT (7.698923280000031 51.988658456000053)",Unfall 43499 (2021) Kat:3, Licht: 0,43499,3,3,5,3,10,2,0,0,1,1,0,0,0,0
"POINT (7.672604968000030 51.969994979000035)",Unfall 43501 (2021) Kat:3, Licht: 0,43501,3,1,8,9,11,5,1,0,1,0,0,0,0,0
"POINT (7.636589821000030 51.952893736000078)",Unfall 43503 (2021) Kat:3, Licht: 0,43503,3,3,5,12,16,4,1,0,1,1,0,0,0,0
"POINT (7.602619273000073 51.935667569000032)",Unfall 43506 (2021) Kat:3, Licht: 1,43506,3,3,5,11,7,3,1,1,1,1,0,0,0,0
"POINT (7.625917593000054 51.955684122000036)",Unfall 43514 (2021) Kat:3, Licht: 0,43514,3,6,3,9,10,3,0,0,0,1,0,0,0,1
"POINT (7.589950721000037 51.965335767000056)",Unfall 43527 (2021) Kat:3, Licht: 0,43527,3,2,0,7,7,3,1,0,1,1,0,0,0,0
"POINT (7.599479171000041 51.928853186000026)",Unfall 43535 (2021) Kat:3, Licht: 0,43535,3,3,5,1,15,6,0,0,1,1,0,0,0,0