WKT,Name,OBJECTID,UKATEGORIE,UTYP1,UART,UMONAT,USTUNDE,UWOCHENTAG,STRZUSTAND,ULICHTVERH,ISTRAD,ISTPKW,ISTFUSS,ISTKRAD,ISTGKFZ,ISTSONSTIG
"POINT (7.689385473000073 51.910170432000029)",Unfall 43544 (2021) Kat:3, Licht: 2,43544,3,6,2,12,7,4,1,2,0,1,0,0,0,0
"POINT (7.599157539000032 51.969545688000039)",Unfall 43549 (2021) Kat:3, Licht: 0,43549,3,3,5,5,15,1,0,0,1,0,0,0,0,0
"POINT (7.660403279000036 51.986368134000031)",Unfall 43552 (2021) Kat:2, Licht: 0,43552,2,1,0,10,14,3,1,0,1,0,0,0,0,0
"POINT (7.641169686000069 51.961727554000049)",Unfall 43554 (2021) Kat:3, Licht: 2,43554,3,1,0,12,21,4,0,2,0,0,0,0,0,1
"POINT (7.667696716000023 51.928450194000050)",Unfall 43565 (2021) Kat:3, Licht: 2,43565,3,3,0,12,16,3,0,2,1,0,0,0,0,1
"POINT (7.543446130000063 51.992173539000078)",Unfall 43566 (2021) Kat:2, Licht: 0,43566,2,3,5,7,15,6,0,0,0,1,0,0,0,0
"POINT (7.639118314000029 51.939600587000029)",Unfall 43587 (2021) Kat:3, Licht: 0,43587,3,6,2,11,9,3,0,0,0,1,0,0,0,0
"POINT (7.631035502000032 51.946605816000044)",Unfall 43588 (2021) Kat:3, Licht: 0,43588,3,2,0,7,10,3,1,0,1,1,0,0,0,0
"POINT (7.627170826000054 51.931006832000037)",Unfall 43597 (2021) Kat:3, Licht: 0,43597,3,3,0,11,14,4,1,0,0,1,0,0,0,1
"POINT (7.619417278000071 51.956689564000044)",Unfall 43600 (2021) Kat:2, Licht: 0,43600,2,1,3,6,13,6,0,0,1,0,0,0,0,0
"POINT (7.646761465000054 51.957004065000035)",Unfall 43608 (2021) Kat:3, Licht: 0,43608,3,3,5,6,18,7,0,0,0,1,0,0,0,0
"POINT (7.591934776000073 51.939562270000067)",Unfall 43613 (2021) Kat:3, Licht: 2,43613,3,3,5,5,23,4,1,2,0,1,0,0,1,0
"POINT (7.636570788000029 51.973545374000082)",Unfall 43619 (2021) Kat:3, Licht: 0,43619,3,2,2,6,11,6,0,0,0,0,0,0,0,1
"POINT (7.602177700000027 51.935534464000057)",Unfall 43622 (2021) Kat:3, Licht: 0,43622,3,6,2,1,15,6,0,0,0,1,0,0,0,0
"POINT (7.617598277000070 51.962310281000043)",Unfall 43632 (2021) Kat:3, Licht: 0,43632,3,1,9,6,7,5,0,0,0,0,0,1,0,0
"POINT (7.619719617000044 51.957511939000028)",Unfall 43642 (2021) Kat:3, Licht: 2,43642,3,1,8,5,3,7,0,2,1,0,0,0,0,0
"POINT (7.615116809000028 51.967360176000057)",Unfall 43652 (2021) Kat:3, Licht: 0,43652,3,6,0,4,15,4,0,0,1,0,0,0,0,0
"POINT (7.672700644000031 51.923810005000064)",Unfall 43659 (2021) Kat:3, Licht: 0,43659,3,2,0,11,13,6,1,0,1,1,0,0,0,0
"POINT (7.617672283000047 51.965294037000035)",Unfall 43674 (2021) Kat:3, Licht: 0,43674,3,2,5,12,9,7,1,0,1,1,0,0,0,0
"POINT (7.588447363000057 51.984177966000061)",Unfall 43684 (2021) Kat:3, Licht: 2,43684,3,6,2,12,16,4,1,2,0,1,0,0,0,1
"POINT (7.547250307000070 51.990590712000028)",Unfall 43690 (2021) Kat:3, Licht: 0,43690,3,6,2,11,8,7,0,0,0,1,0,0,0,0
"POINT (7.598635758000057 51.943206646000078)",Unfall 43692 (2021) Kat:3, Licht: 0,43692,3,6,2,7,9,6,0,0,0,1,0,0,1,0
"POINT (7.616761521000058 51.949886039000035)",Unfall 43705 (2021) Kat:3, Licht: 2,43705,3,6,2,10,20,7,0,2,0,1,0,0,0,0
"POINT (7.597156988000052 52.024689156000079)",Unfall 43706 (2021) Kat:1, Licht: 0,43706,1,7,1,11,13,2,0,0,0,0,0,0,1,1
"POINT (7.660031032000063 51.967585460000066)",Unfall 43709 (2021) Kat:3, Licht: 0,43709,3,1,0,1,15,6,2,0,0,0,0,1,0,0
"POINT (7.673504657000024 51.929950483000027)",Unfall 43710 (2021) Kat:3, Licht: 0,43710,3,2,5,4,13,4,0,0,1,1,0,0,0,0
"POINT (7.639962454000056 51.975284948000080)",Unfall 43711 (2021) Kat:3, Licht: 0,43711,3,1,0,10,15,1,1,0,1,0,0,0,0,0
"POINT (7.631078127000023 51.953419133000068)",Unfall 43712 (2021) Kat:3, Licht: 0,43712,3,6,2,10,15,5,1,0,0,1,0,0,0,0
"POINT (7.624199712000063 51.940700645000049)",Unfall 43713 (2021) Kat:3, Licht: 0,43713,3,6,1,6,11,3,0,0,0,1,0,0,0,0
"POINT (7.648818755000036 51.964307518000055)",Unfall 43721 (2021) Kat:3, Licht: 0,43721,3,3,5,10,10,3,0,0,1,1,0,0,0,0
"POINT (7.667569135000065 51.951676242000076)",Unfall 43722 (2021) Kat:2, Licht: 2,43722,2,7,0,10,22,1,0,2,1,0,0,0,0,0
"POINT (7.716849957000022 51.932833931000062)",Unfall 43739 (2021) Kat:3, Licht: 1,43739,3,6,2,11,6,4,1,1,0,1,0,0,0,0
"POINT (7.697149968000076 51.973974433000080)",Unfall 43741 (2021) Kat:2, Licht: 0,43741,2,6,4,10,9,3,1,0,1,0,0,0,0,0
"POINT (7.637706196000067 51.961822199000039)",Unfall 43744 (2021) Kat:3, Licht: 1,43744,3,6,3,9,6,4,0,1,1,0,0,0,0,1
"POINT (7.629567421000047 51.996235768000076)",Unfall 43745 (2021) Kat:3, Licht: 1,43745,3,1,8,10,7,6,0,1,0,0,0,1,0,0
"POINT (7.583368714000073 51.926608058000056)",Unfall 43751 (2021) Kat:3, Licht: 0,43751,3,4,6,6,7,6,0,0,0,1,1,0,0,0
"POINT (7.717138411000064 51.934755112000062)",Unfall 43753 (2021) Kat:3, Licht: 2,43753,3,1,9,12,19,7,1,2,0,1,0,0,0,0
"POINT (7.642284320000044 51.961811644000079)",Unfall 43764 (2021) Kat:3, Licht: 0,43764,3,2,5,6,15,3,0,0,1,1,0,0,0,0
"POINT (7.612417319000031 51.973480080000058)",Unfall 43766 (2021) Kat:3, Licht: 0,43766,3,3,5,9,13,3,0,0,0,1,0,0,0,1
"POINT (7.655289878000076 51.996227594000061)",Unfall 43773 (2021) Kat:3, Licht: 2,43773,3,3,5,1,18,1,0,2,1,0,0,0,0,1
"POINT (7.670349739000073 51.925954321000063)",Unfall 43774 (2021) Kat:2, Licht: 2,43774,2,1,0,7,23,7,1,2,1,0,0,0,0,0
"POINT (7.601600132000044 51.976396198000032)",Unfall 43778 (2021) Kat:3, Licht: 0,43778,3,6,2,11,15,2,0,0,0,1,0,0,0,0
"POINT (7.711011208000059 51.917402814000070)",Unfall 43784 (2021) Kat:2, Licht: 0,43784,2,3,5,4,12,4,0,0,1,1,0,0,0,0
"POINT (7.641948570000068 51.956828578000056)",Unfall 43793 (2021) Kat:3, Licht: 0,43793,3,4,0,4,14,7,0,0,1,1,1,0,0,0
"POINT (7.633815816000038 51.907072269000082)",Unfall 43794 (2021) Kat:3, Licht: 0,43794,3,6,2,9,17,2,0,0,0,1,0,0,0,0
"POINT (7.624990717000060 51.936391741000079)",Unfall 43795 (2021) Kat:3, Licht: 2,43795,3,3,5,1,17,6,1,2,1,1,0,0,0,0
"POINT (7.609325482000031 51.940881568000066)",Unfall 43796 (2021) Kat:3, Licht: 2,43796,3,2,5,3,5,6,0,2,0,1,0,0,0,0
"POINT (7.584578084000043 51.935864717000072)",Unfall 43799 (2021) Kat:3, Licht: 0,43799,3,3,5,11,10,3,0,0,1,1,0,0,0,0
"POINT (7.547764434000044 51.949704262000068)",Unfall 43804 (2021) Kat:2, Licht: 2,43804,2,6,2,9,20,6,0,2,0,1,0,0,0,0
"POINT (7.707889589000047 51.939302084000076)",Unfall 43812 (2021) Kat:3, Licht: 2,43812,3,6,4,9,23,5,0,2,0,1,0,0,0,1
"POINT (7.616934329000060 51.949773728000082)",Unfall 43817 (2021) Kat:3, Licht: 0,43817,3,3,5,1,9,3,1,0,0,1,0,0,0,0
"POINT (7.631049696000048 51.922018839000032)",Unfall 43825 (2021) Kat:3, Licht: 0,43825,3,6,4,4,6,3,0,0,1,0,0,0,0,0
"POINT (7.622883827000067 51.897998097000027)",Unfall 43827 (2021) Kat:2, Licht: 0,43827,2,3,5,6,18,4,0,0,0,1,0,1,0,0
"POINT (7.678856024000027 51.948824336000030)",Unfall 43836 (2021) Kat:2, Licht: 0,43836,2,3,5,10,14,5,0,0,1,1,0,0,0,0
"POINT (7.632630898000059 51.953747459000056)",Unfall 43870 (2021) Kat:3, Licht: 0,43870,3,2,3,9,17,5,0,0,1,0,0,0,0,1
"POINT (7.605588223000041 51.974117217000071)",Unfall 43873 (2021) Kat:3, Licht: 2,43873,3,3,5,10,5,6,0,2,1,0,0,0,0,0
"POINT (7.647132472000067 51.985698882000065)",Unfall 43879 (2021) Kat:3, Licht: 2,43879,3,2,2,9,23,5,1,2,0,1,0,0,0,0
"POINT (7.672532704000048 51.970075978000068)",Unfall 43900 (2021) Kat:3, Licht: 0,43900,3,1,0,3,12,4,0,0,0,1,0,0,1,0
"POINT (7.629027337000025 51.944151694000027)",Unfall 43902 (2021) Kat:3, Licht: 1,43902,3,2,5,3,18,6,0,1,1,1,0,0,0,0
"POINT (7.601812004000067 51.994888913000068)",Unfall 43904 (2021) Kat:3, Licht: 0,43904,3,3,5,11,9,5,0,0,1,1,0,0,0,0
"POINT (7.619737176000058 51.955348968000067)",Unfall 43914 (2021) Kat:3, Licht: 2,43914,3,3,5,10,22,4,0,2,1,1,0,0,0,0
"POINT (7.642561259000047 51.956587705000061)",Unfall 43921 (2021) Kat:2, Licht: 0,43921,2,7,5,7,8,3,1,0,1,1,0,0,0,0
"POINT (7.612551009000072 51.969350423000037)",Unfall 43923 (2021) Kat:3, Licht: 0,43923,3,6,2,12,10,4,1,0,1,0,0,0,0,0
"POINT (7.655738871000040 51.967993522000029)",Unfall 43931 (2021) Kat:3, Licht: 0,43931,3,2,6,3,16,6,0,0,0,1,1,0,0,0
"POINT (7.636205559000075 51.951520655000081)",Unfall 43933 (2021) Kat:3, Licht: 2,43933,3,7,0,11,0,7,0,2,0,0,0,0,0,1
"POINT (7.635654644000056 51.905457791000060)",Unfall 43935 (2021) Kat:3, Licht: 0,43935,3,6,2,9,17,2,0,0,0,1,0,0,0,0
"POINT (7.716590827000061 51.986234934000038)",Unfall 43944 (2021) Kat:2, Licht: 0,43944,2,3,5,5,17,2,0,0,0,1,0,0,0,0
"POINT (7.632830865000074 51.973080632000062)",Unfall 43955 (2021) Kat:3, Licht: 0,43955,3,3,0,7,10,6,0,0,1,1,0,0,0,0
"POINT (7.623959549000062 51.940865587000076)",Unfall 43956 (2021) Kat:3, Licht: 0,43956,3,1,0,11,10,7,1,0,0,0,0,1,0,0
"POINT (7.606680650000044 51.973472599000047)",Unfall 43957 (2021) Kat:3, Licht: 0,43957,3,6,2,6,10,2,0,0,1,1,0,0,0,0
"POINT (7.569196607000038 51.942322438000076)",Unfall 43969 (2021) Kat:2, Licht: 0,43969,2,3,5,3,17,4,0,0,0,1,0,1,0,0
"POINT (7.615601416000061 51.966933893000032)",Unfall 43977 (2021) Kat:3, Licht: 0,43977,3,6,1,6,10,3,0,0,0,1,0,1,0,0
"POINT (7.635281221000071 51.961445858000047)",Unfall 43983 (2021) Kat:3, Licht: 2,43983,3,4,6,10,21,3,1,2,0,1,1,0,0,0
"POINT (7.631331492000072 51.953994937000061)",Unfall 43985 (2021) Kat:2, Licht: 0,43985,2,6,0,4,7,4,0,0,1,0,0,0,0,1
"POINT (7.582327758000076 51.960559733000082)",Unfall 43991 (2021) Kat:3, Licht: 2,43991,3,6,4,10,18,4,0,2,1,0,0,0,0,0
"POINT (7.591948241000068 51.939568942000051)",Unfall 44011 (2021) Kat:3, Licht: 2,44011,3,1,9,6,1,4,1,2,1,0,0,0,0,0
"POINT (7.672092938000048 51.999387665000029)",Unfall 44016 (2021) Kat:3, Licht: 0,44016,3,6,2,9,11,2,0,0,0,1,0,0,0,0
"POINT (7.626119643000038 51.909429942000031)",Unfall 44028 (2021) Kat:3, Licht: 2,44028,3,6,2,12,16,3,1,2,1,0,0,0,0,0
"POINT (7.623514638000074 51.943406484000036)",Unfall 44042 (2021) Kat:3, Licht: 0,44042,3,1,0,6,16,6,0,0,1,0,0,0,0,0
"POINT (7.645568246000039 51.967629835000082)",Unfall 44051 (2021) Kat:3, Licht: 0,44051,3,2,3,10,11,6,0,0,1,1,0,0,0,0
"POINT (7.591349245000060 51.929724411000052)",Unfall 44057 (2021) Kat:3, Licht: 0,44057,3,6,2,10,14,6,0,0,0,1,0,0,0,0
"POINT (7.656475715000056 51.936533997000026)",Unfall 44061 (2021) Kat:3, Licht: 0,44061,3,2,5,5,7,2,0,0,1,1,0,0,0,0
"POINT (7.637378433000038 51.958841721000056)",Unfall 44064 (2021) Kat:3, Licht: 2,44064,3,7,5,2,18,5,0,2,0,1,0,1,0,0
"POINT (7.625456299000064 51.952448125000046)",Unfall 44085 (2021) Kat:3, Licht: 2,44085,3,7,0,11,17,7,0,2,1,1,0,0,0,0
"POINT (7.611824603000059 51.982620281000038)",Unfall 44087 (2021) Kat:3, Licht: 0,44087,3,7,6,4,13,4,0,0,0,0,1,0,0,1
"POINT (7.588492931000076 51.984151507000036)",Unfall 44090 (2021) Kat:3, Licht: 0,44090,3,3,0,9,13,6,0,0,1,1,0,0,0,0
"POINT (7.651185876000056 51.905096689000061)",Unfall 44095 (2021) Kat:2, Licht: 2,44095,2,7,0,9,6,5,1,2,0,0,0,1,0,0
"POINT (7.617885807000050 51.964584061000039)",Unfall 44112 (2021) Kat:3, Licht: 2,44112,3,6,2,9,20,4,1,2,0,1,0,0,0,0
"POINT (7.676959553000074 51.972960436000051)",Unfall 44116 (2021) Kat:3, Licht: 0,44116,3,6,2,1,13,3,1,0,0,1,0,0,1,0
"POINT (7.641459715000053 51.948032237000064)",Unfall 44117 (2021) Kat:2, Licht: 0,44117,2,1,0,11,12,1,0,0,1,0,0,0,0,0
"POINT (7.623602465000033 51.974718148000079)",Unfall 44119 (2021) Kat:3, Licht: 2,44119,3,2,3,12,17,5,0,2,1,1,0,0,0,0
"POINT (7.638133358000061 51.902489495000054)",Unfall 44148 (2021) Kat:3, Licht: 2,44148,3,2,5,11,18,2,0,2,0,1,0,0,0,0
"POINT (7.522694407000074 51.898922860000027)",Unfall 44160 (2021) Kat:3, Licht: 0,44160,3,2,2,6,13,7,0,0,0,1,0,0,0,0
"POINT (7.613040565000063 51.939810143000045)",Unfall 44173 (2021) Kat:3, Licht: 0,44173,3,3,5,6,11,1,0,0,1,0,0,1,0,0
"POINT (7.601634963000038 51.995083100000045)",Unfall 44186 (2021) Kat:3, Licht: 0,44186,3,3,5,11,8,2,1,0,1,1,0,0,0,0
"POINT (7.626165767000032 51.954680046000078)",Unfall 44194 (2021) Kat:3, Licht: 0,44194,3,7,0,6,15,6,0,0,1,1,0,0,0,0
"POINT (7.619664132000025 51.957349215000079)",Unfall 44198 (2021) Kat:3, Licht: 2,44198,3,2,5,6,22,3,0,2,0,1,0,0,0,0
"POINT (7.679704327000024 51.997400042000038)",Unfall 44202 (2021) Kat:2, Licht: 2,44202,2,1,8,1,22,1,1,2,0,1,0,0,0,1
"POINT (7.625929598000027 51.955665476000036)",Unfall 44204 (2021) Kat:3, Licht: 0,44204,3,3,5,9,9,4,0,0,1,1,0,0,0,0
"POINT (7.562718875000030 51.992256512000040)",Unfall 44212 (2021) Kat:2, Licht: 2,44212,2,6,2,12,17,4,1,2,0,1,0,0,0,0
"POINT (7.651601146000075 51.904144330000065)",Unfall 44213 (2021) Kat:3, Licht: 0,44213,3,3,5,1,14,3,1,0,1,1,0,0,0,0
"POINT (7.668700391000073 51.906043076000060)",Unfall 44214 (2021) Kat:3, Licht: 0,44214,3,3,5,6,8,5,0,0,1,1,0,0,0,0
"POINT (7.634787538000069 51.959761274000073)",Unfall 44215 (2021) Kat:3, Licht: 0,44215,3,6,6,11,14,3,0,0,0,0,1,0,0,1
"POINT (7.573001331000057 51.924966095000059)",Unfall 44222 (2021) Kat:3, Licht: 0,44222,3,4,6,10,10,6,0,0,0,0,1,0,1,0
"POINT (7.617574755000021 51.962026590000050)",Unfall 44230 (2021) Kat:3, Licht: 2,44230,3,2,5,1,18,4,1,2,1,1,0,0,0,0
"POINT (7.599551862000055 51.977604420000034)",Unfall 44231 (2021) Kat:3, Licht: 1,44231,3,3,3,2,16,2,1,1,0,1,0,1,0,0
"POINT (7.663210011000047 51.988275626000075)",Unfall 44234 (2021) Kat:3, Licht: 0,44234,3,6,2,5,10,3,1,0,0,1,0,0,0,0
"POINT (7.623982810000030 51.947888796000029)",Unfall 44239 (2021) Kat:3, Licht: 0,44239,3,2,5,10,17,2,0,0,1,1,0,0,0,0
"POINT (7.609074138000040 51.879458778000071)",Unfall 44240 (2021) Kat:3, Licht: 2,44240,3,1,0,5,23,7,0,2,1,0,1,0,0,0
"POINT (7.647705141000074 51.885507171000029)",Unfall 44247 (2021) Kat:2, Licht: 0,44247,2,7,6,9,8,5,0,0,1,0,1,0,0,0
"POINT (7.611446480000041 51.985282477000055)",Unfall 44252 (2021) Kat:3, Licht: 1,44252,3,3,5,12,16,4,1,1,0,1,0,0,0,1
"POINT (7.588891994000051 51.965546008000047)",Unfall 44255 (2021) Kat:3, Licht: 0,44255,3,3,5,6,18,4,0,0,1,1,0,0,0,0
"POINT (7.651479403000053 51.904639413000041)",Unfall 44260 (2021) Kat:3, Licht: 1,44260,3,6,0,12,16,4,1,1,0,0,0,0,0,1
"POINT (7.628312912000069 51.927854852000053)",Unfall 44262 (2021) Kat:3, Licht: 0,44262,3,7,0,4,16,3,0,0,1,0,0,0,0,0
"POINT (7.617717305000042 51.962691553000070)",Unfall 44276 (2021) Kat:3, Licht: 2,44276,3,7,0,10,0,6,0,2,0,0,0,0,0,1
"POINT (7.598730862000025 51.943246049000038)",Unfall 44277 (2021) Kat:3, Licht: 0,44277,3,6,3,10,12,1,1,0,1,0,0,0,0,0
"POINT (7.634040773000038 51.969793286000026)",Unfall 44284 (2021) Kat:3, Licht: 0,44284,3,2,5,6,8,2,0,0,1,1,0,0,0,0
"POINT (7.624860853000030 51.938177591000056)",Unfall 44285 (2021) Kat:3, Licht: 0,44285,3,6,0,11,14,3,0,0,1,0,0,0,0,0
"POINT (7.648634479000066 51.992944591000082)",Unfall 44292 (2021) Kat:3, Licht: 0,44292,3,4,6,11,13,2,0,0,0,1,1,0,0,0
"POINT (7.570628236000061 51.974036881000075)",Unfall 44298 (2021) Kat:3, Licht: 2,44298,3,4,6,10,7,4,0,2,0,1,1,0,0,0
"POINT (7.683948548000046 51.913621580000040)",Unfall 44303 (2021) Kat:3, Licht: 0,44303,3,2,5,9,17,3,0,0,1,1,0,0,0,0
"POINT (7.615490646000069 52.014519553000071)",Unfall 44306 (2021) Kat:2, Licht: 0,44306,2,1,0,11,13,3,1,0,1,0,0,0,0,0
"POINT (7.638158319000070 51.902458404000072)",Unfall 44314 (2021) Kat:3, Licht: 1,44314,3,3,5,12,8,2,0,1,1,1,0,0,0,0
"POINT (7.631271814000058 51.948122126000044)",Unfall 44315 (2021) Kat:3, Licht: 1,44315,3,3,5,11,8,3,1,1,1,0,0,0,0,0
"POINT (7.615313651000065 51.993210444000056)",Unfall 44337 (2021) Kat:2, Licht: 0,44337,2,4,6,5,18,6,0,0,0,1,1,0,0,0
"POINT (7.636986586000035 51.994890914000052)",Unfall 44345 (2021) Kat:3, Licht: 2,44345,3,1,0,11,19,2,1,2,1,0,0,0,0,0
"POINT (7.632874659000038 51.913593734000074)",Unfall 44364 (2021) Kat:3, Licht: 0,44364,3,6,0,12,11,7,0,0,0,1,0,0,0,0
"POINT (7.612515002000066 51.967228462000037)",Unfall 44366 (2021) Kat:3, Licht: 0,44366,3,3,5,3,15,4,0,0,1,1,0,0,0,0
"POINT (7.662177069000052 51.994881491000058)",Unfall 44394 (2021) Kat:3, Licht: 0,44394,3,3,5,9,19,6,0,0,0,1,0,1,0,0
"POINT (7.622595328000045 51.897779744000047)",Unfall 44410 (2021) Kat:2, Licht: 0,44410,2,3,5,9,9,4,0,0,1,1,0,0,0,0
"POINT (7.572354755000049 51.957487407000031)",Unfall 44413 (2021) Kat:3, Licht: 0,44413,3,6,2,11,10,2,1,0,0,1,0,0,0,0
"POINT (7.705194709000068 51.976564866000047)",Unfall 44416 (2021) Kat:2, Licht: 2,44416,2,3,5,12,20,3,0,2,0,1,0,0,0,0
"POINT (7.606165737000026 51.973779732000082)",Unfall 44431 (2021) Kat:3, Licht: 0,44431,3,3,5,6,11,3,0,0,0,1,0,0,0,0
"POINT (7.625706851000075 51.934253399000056)",Unfall 44438 (2021) Kat:2, Licht: 2,44438,2,6,2,12,7,6,1,2,0,1,0,1,0,0
"POINT (7.566437386000075 51.877040160000035)",Unfall 44443 (2021) Kat:2, Licht: 2,44443,2,3,5,10,7,3,0,2,1,0,0,0,0,1
"POINT (7.643996862000051 51.904109347000031)",Unfall 44448 (2021) Kat:3, Licht: 0,44448,3,7,0,5,12,6,0,0,1,0,0,0,0,0
"POINT (7.602856252000038 51.955295656000033)",Unfall 51484 (2021) Kat:3, Licht: 2,51484,3,6,2,2,20,4,1,2,0,1,0,0,0,0
"POINT (7.628896658000031 51.984580278000067)",Unfall 51487 (2021) Kat:3, Licht: 0,51487,3,3,5,7,13,6,0,0,1,0,0,0,0,0
"POINT (7.626286169000025 51.909608227000035)",Unfall 51510 (2021) Kat:3, Licht: 0,51510,3,3,0,8,11,4,0,0,1,1,0,0,0,0
"POINT (7.630576696000048 51.963933328000053)",Unfall 51514 (2021) Kat:3, Licht: 0,51514,3,1,0,8,7,2,1,0,0,0,0,1,0,0
"POINT (7.588933273000066 52.017117997000071)",Unfall 51549 (2021) Kat:3, Licht: 0,51549,3,6,2,7,15,6,0,0,0,1,0,0,0,1
"POINT (7.602355430000046 51.961588220000067)",Unfall 51559 (2021) Kat:3, Licht: 0,51559,3,3,5,6,18,2,1,0,1,0,0,0,0,0
"POINT (7.604417348000027 51.925254655000060)",Unfall 51576 (2021) Kat:3, Licht: 0,51576,3,3,5,8,7,5,0,0,1,1,0,0,0,0
"POINT (7.638150773000064 51.902467846000036)",Unfall 51621 (2021) Kat:3, Licht: 0,51621,3,6,2,6,11,7,0,0,0,1,0,0,0,0
"POINT (7.642348849000030 51.961819141000035)",Unfall 51625 (2021) Kat:3, Licht: 0,51625,3,3,5,7,13,3,0,0,0,1,0,0,0,1
"POINT (7.615891700000077 51.882908441000041)",Unfall 51640 (2021) Kat:3, Licht: 0,51640,3,1,0,7,12,2,0,0,1,0,0,0,0,0
"POINT (7.623776613000075 51.947216200000071)",Unfall 51651 (2021) Kat:3, Licht: 0,51651,3,2,5,8,9,6,1,0,1,1,0,0,0,0
"POINT (7.608999125000025 51.974140438000063)",Unfall 51652 (2021) Kat:3, Licht: 0,51652,3,3,5,7,7,2,0,0,0,1,0,0,0,0
"POINT (7.659204860000045 51.967451088000075)",Unfall 51673 (2021) Kat:3, Licht: 2,51673,3,1,0,2,4,4,2,2,1,0,0,0,0,0
"POINT (7.653221054000028 51.938704467000036)",Unfall 51701 (2021) Kat:3, Licht: 0,51701,3,6,2,8,10,6,0,0,0,1,0,1,0,0
"POINT (7.631456879000041 51.953970016000028)",Unfall 51747 (2021) Kat:3, Licht: 0,51747,3,3,5,7,17,7,1,0,1,1,0,0,0,0
"POINT (7.611688574000027 51.974254228000063)",Unfall 51748 (2021) Kat:2, Licht: 2,51748,2,1,9,8,23,7,0,2,0,0,0,0,0,1
"POINT (7.591934776000073 51.939562270000067)",Unfall 51768 (2021) Kat:3, Licht: 2,51768,3,2,5,7,22,3,0,2,1,1,0,0,0,0
"POINT (7.646769332000076 51.957018862000041)",Unfall 51786 (2021) Kat:3, Licht: 1,51786,3,3,5,8,6,6,0,1,0,1,0,0,0,0
"POINT (7.569447704000027 51.998797051000054)",Unfall 51793 (2021) Kat:3, Licht: 2,51793,3,1,8,8,23,6,0,2,0,1,0,0,0,0
"POINT (7.663791418000073 51.931602833000056)",Unfall 51805 (2021) Kat:3, Licht: 0,51805,3,2,5,8,17,2,0,0,1,0,0,0,0,0
"POINT (7.594514555000046 51.988542238000036)",Unfall 51815 (2021) Kat:3, Licht: 0,51815,3,3,5,6,16,5,0,0,1,1,0,0,0,0
"POINT (7.625607961000071 51.952906540000072)",Unfall 51835 (2021) Kat:3, Licht: 0,51835,3,6,3,8,14,7,1,0,1,0,0,0,0,0
"POINT (7.590513923000060 51.973716471000046)",Unfall 51836 (2021) Kat:3, Licht: 0,51836,3,3,5,8,14,7,0,0,1,0,0,0,0,1
"POINT (7.572377037000024 52.002543191000029)",Unfall 51842 (2021) Kat:3, Licht: 2,51842,3,6,2,3,5,7,0,2,0,1,0,0,1,0
"POINT (7.630927080000049 51.995716331000040)",Unfall 51860 (2021) Kat:3, Licht: 2,51860,3,1,9,7,22,7,0,2,0,1,0,0,0,0
"POINT (7.575484611000036 51.893732396000075)",Unfall 51871 (2021) Kat:3, Licht: 0,51871,3,3,5,7,15,3,0,0,1,0,0,1,0,0
"POINT (7.634705274000055 51.964305744000058)",Unfall 51905 (2021) Kat:3, Licht: 0,51905,3,4,6,7,14,6,0,0,1,0,1,0,0,0
"POINT (7.647023867000030 51.963743950000037)",Unfall 51934 (2021) Kat:2, Licht: 0,51934,2,2,5,8,19,4,0,0,0,1,0,0,0,0
"POINT (7.696153400000071 51.973851322000030)",Unfall 51980 (2021) Kat:3, Licht: 0,51980,3,6,2,8,16,6,1,0,0,1,0,0,0,0
"POINT (7.553490626000041 51.982211399000050)",Unfall 52047 (2021) Kat:3, Licht: 0,52047,3,6,0,4,11,2,0,0,0,1,0,0,0,0
"POINT (7.618112742000051 51.998263204000068)",Unfall 52096 (2021) Kat:3, Licht: 0,52096,3,3,5,8,7,4,0,0,1,1,0,0,0,0
"POINT (7.576746887000070 51.925069809000036)",Unfall 52107 (2021) Kat:3, Licht: 0,52107,3,2,6,8,12,2,1,0,0,1,1,0,0,0
"POINT (7.680172093000067 52.017606433000026)",Unfall 52125 (2021) Kat:2, Licht: 0,52125,2,6,9,7,14,3,0,0,0,1,0,0,1,0
"POINT (7.647687206000057 51.885602538000057)",Unfall 52149 (2021) Kat:3, Licht: 0,52149,3,3,5,8,18,4,0,0,1,1,0,0,0,0
"POINT (7.603808629000071 51.994128220000050)",Unfall 52187 (2021) Kat:3, Licht: 0,52187,3,3,5,6,14,7,0,0,1,1,0,0,0,0
"POINT (7.606564204000051 51.930498227000044)",Unfall 52198 (2021) Kat:3, Licht: 0,52198,3,2,0,4,9,3,0,0,1,1,0,0,0,0
"POINT (7.619430363000049 51.956087012000069)",Unfall 52199 (2021) Kat:3, Licht: 0,52199,3,6,2,7,17,7,1,0,0,1,0,0,0,0
"POINT (7.623851528000046 51.947455368000078)",Unfall 52226 (2021) Kat:3, Licht: 0,52226,3,1,2,5,12,5,0,0,0,1,0,0,0,0
"POINT (7.531973357000027 52.008861620000062)",Unfall 52233 (2021) Kat:2, Licht: 0,52233,2,6,5,8,17,4,0,0,1,1,0,0,0,0
"POINT (7.624785459000066 51.937728176000064)",Unfall 52244 (2021) Kat:3, Licht: 0,52244,3,5,1,8,16,4,0,0,1,1,0,0,0,0
"POINT (7.565001897000059 51.994156094000061)",Unfall 52249 (2021) Kat:2, Licht: 1,52249,2,7,2,7,6,1,0,1,0,1,0,0,1,0
"POINT (7.550165327000059 51.941734863000079)",Unfall 52269 (2021) Kat:3, Licht: 0,52269,3,6,3,7,17,6,0,0,0,1,0,0,0,0
"POINT (7.582201453000039 51.893576298000028)",Unfall 52285 (2021) Kat:3, Licht: 0,52285,3,3,5,8,15,6,0,0,1,1,0,0,0,0
"POINT (7.629139771000041 51.926378699000054)",Unfall 52287 (2021) Kat:3, Licht: 0,52287,3,3,5,7,8,2,0,0,1,0,0,0,1,0