WKT,Name,OBJECTID,UKATEGORIE,UTYP1,UART,UMONAT,USTUNDE,UWOCHENTAG,STRZUSTAND,ULICHTVERH,ISTRAD,ISTPKW,ISTFUSS,ISTKRAD,ISTGKFZ,ISTSONSTIG
"POINT (7.628491076000046 51.964711637000050)",Unfall 52318 (2021) Kat:3, Licht: 0,52318,3,6,2,7,11,6,0,0,0,1,0,0,0,1
"POINT (7.622685990000036 51.897832244000028)",Unfall 52334 (2021) Kat:3, Licht: 0,52334,3,6,0,7,18,4,0,0,1,0,0,0,0,1
"POINT (7.636791023000058 51.952908869000055)",Unfall 52365 (2021) Kat:3, Licht: 2,52365,3,6,0,8,0,7,0,2,0,0,0,0,0,1
"POINT (7.632805339000072 51.973084709000034)",Unfall 52366 (2021) Kat:3, Licht: 2,52366,3,2,4,8,22,3,0,2,1,1,0,0,0,0
"POINT (7.651361535000035 51.905142837000028)",Unfall 52379 (2021) Kat:3, Licht: 0,52379,3,2,4,4,14,5,0,0,1,1,0,0,0,0
"POINT (7.615671812000073 51.948558498000068)",Unfall 52391 (2021) Kat:2, Licht: 0,52391,2,4,6,7,18,2,0,0,0,0,1,0,0,1
"POINT (7.721144127000059 51.978996493000068)",Unfall 52392 (2021) Kat:3, Licht: 0,52392,3,6,2,6,18,1,0,0,0,1,0,0,0,0
"POINT (7.610428455000033 52.008063280000044)",Unfall 52399 (2021) Kat:2, Licht: 0,52399,2,2,5,8,19,7,0,0,0,1,0,1,0,0
"POINT (7.642919043000063 51.941398712000080)",Unfall 52410 (2021) Kat:3, Licht: 0,52410,3,6,3,7,18,4,1,0,0,1,0,0,0,0
"POINT (7.551506679000056 52.037880624000081)",Unfall 52428 (2021) Kat:3, Licht: 0,52428,3,1,8,8,14,4,0,0,0,0,0,1,0,0
"POINT (7.673209209000049 51.929870307000044)",Unfall 52430 (2021) Kat:3, Licht: 0,52430,3,3,0,8,14,3,0,0,1,1,0,0,0,0
"POINT (7.643219479000038 51.956349712000076)",Unfall 52431 (2021) Kat:2, Licht: 0,52431,2,7,1,8,16,5,0,0,0,1,0,0,0,0
"POINT (7.559732344000054 52.009300216000042)",Unfall 52466 (2021) Kat:3, Licht: 0,52466,3,7,7,8,14,2,0,0,0,0,0,1,0,0
"POINT (7.645523556000057 51.967953792000060)",Unfall 52481 (2021) Kat:3, Licht: 0,52481,3,2,5,5,21,7,0,0,0,1,0,0,0,0
"POINT (7.578817751000031 51.934378581000033)",Unfall 52496 (2021) Kat:2, Licht: 0,52496,2,2,5,8,19,1,0,0,1,1,0,0,0,0
"POINT (7.635169120000057 51.960852089000070)",Unfall 52497 (2021) Kat:3, Licht: 0,52497,3,1,1,8,15,5,1,0,0,1,0,0,0,0
"POINT (7.614235076000057 51.939712545000077)",Unfall 52506 (2021) Kat:3, Licht: 1,52506,3,2,5,7,21,1,0,1,0,1,0,0,0,0
"POINT (7.626899663000074 51.956048113000065)",Unfall 52525 (2021) Kat:3, Licht: 0,52525,3,7,0,8,17,2,0,0,0,0,1,0,0,1
"POINT (7.612350699000046 51.974272033000034)",Unfall 52552 (2021) Kat:3, Licht: 0,52552,3,3,5,8,16,7,1,0,0,1,0,0,0,0
"POINT (7.614408814000058 52.051205068000058)",Unfall 52569 (2021) Kat:3, Licht: 0,52569,3,6,2,4,16,5,0,0,0,1,0,0,0,0
"POINT (7.541925859000060 51.990850724000040)",Unfall 52593 (2021) Kat:2, Licht: 0,52593,2,3,5,8,14,5,0,0,0,1,0,0,0,0
"POINT (7.625833405000037 51.953559042000052)",Unfall 52638 (2021) Kat:3, Licht: 0,52638,3,6,2,8,12,4,0,0,1,0,0,0,0,0
"POINT (7.695119019000060 51.911075939000057)",Unfall 52654 (2021) Kat:3, Licht: 0,52654,3,2,5,8,17,2,0,0,1,1,0,0,0,0
"POINT (7.588667144000055 51.963629299000047)",Unfall 52658 (2021) Kat:3, Licht: 0,52658,3,3,5,8,18,2,0,0,1,0,0,0,0,0
"POINT (7.629583278000041 51.996237302000054)",Unfall 52662 (2021) Kat:3, Licht: 0,52662,3,6,2,8,15,3,0,0,0,1,0,0,0,0
"POINT (7.570425081000053 51.909541341000079)",Unfall 52701 (2021) Kat:2, Licht: 0,52701,2,2,5,7,18,1,0,0,0,1,0,1,0,0
"POINT (7.615116885000020 51.967293885000061)",Unfall 52706 (2021) Kat:3, Licht: 0,52706,3,6,2,8,15,3,0,0,0,1,0,0,0,0
"POINT (7.631950218000043 51.962876757000060)",Unfall 52725 (2021) Kat:3, Licht: 0,52725,3,2,0,8,18,2,0,0,1,0,0,0,0,0
"POINT (7.628491076000046 51.964711637000050)",Unfall 52735 (2021) Kat:3, Licht: 0,52735,3,2,5,8,17,4,0,0,1,1,0,0,0,0
"POINT (7.618859302000033 51.939977810000073)",Unfall 52752 (2021) Kat:3, Licht: 0,52752,3,2,5,8,13,6,1,0,0,1,0,1,0,0
"POINT (7.518421256000067 51.924917649000065)",Unfall 52771 (2021) Kat:3, Licht: 0,52771,3,3,0,8,6,4,1,0,0,0,0,1,1,0
"POINT (7.601774103000025 51.976296369000067)",Unfall 52782 (2021) Kat:3, Licht: 0,52782,3,3,0,8,9,6,0,0,1,1,0,0,0,0
"POINT (7.576279252000063 51.877866959000073)",Unfall 52788 (2021) Kat:3, Licht: 1,52788,3,1,8,7,19,5,1,1,0,1,0,0,0,0
"POINT (7.727624519000074 51.901030889000026)",Unfall 52815 (2021) Kat:2, Licht: 1,52815,2,7,8,7,4,3,0,1,0,1,0,0,0,0
"POINT (7.614741379000066 51.993242372000054)",Unfall 52822 (2021) Kat:3, Licht: 0,52822,3,6,0,8,13,6,1,0,1,1,0,0,0,0
"POINT (7.656554876000030 51.954516574000081)",Unfall 52847 (2021) Kat:3, Licht: 0,52847,3,6,2,8,7,3,0,0,0,1,0,0,0,1
"POINT (7.605664070000046 51.883795653000050)",Unfall 52860 (2021) Kat:3, Licht: 0,52860,3,5,1,7,13,7,0,0,1,1,0,0,0,0
"POINT (7.635053279000033 51.952956179000068)",Unfall 52871 (2021) Kat:2, Licht: 1,52871,2,6,0,7,22,1,0,1,1,0,0,0,0,0
"POINT (7.643740788000059 51.895478256000047)",Unfall 52907 (2021) Kat:2, Licht: 0,52907,2,3,5,7,17,7,0,0,1,1,0,0,0,0
"POINT (7.588331665000055 51.928279841000062)",Unfall 52909 (2021) Kat:2, Licht: 0,52909,2,1,8,8,13,2,0,0,0,1,0,0,0,0
"POINT (7.631331492000072 51.953994937000061)",Unfall 52938 (2021) Kat:2, Licht: 2,52938,2,2,9,8,23,7,0,2,1,1,0,0,0,0
"POINT (7.583772696000040 52.013340277000054)",Unfall 52946 (2021) Kat:2, Licht: 0,52946,2,6,2,8,13,6,1,0,0,1,0,0,0,0
"POINT (7.648246227000072 51.942556718000048)",Unfall 52958 (2021) Kat:3, Licht: 2,52958,3,1,7,8,23,6,0,2,1,0,0,0,0,0
"POINT (7.598764743000061 51.964820604000067)",Unfall 52959 (2021) Kat:2, Licht: 0,52959,2,6,3,5,19,7,0,0,1,0,0,0,0,0
"POINT (7.659206304000065 51.967451316000052)",Unfall 52984 (2021) Kat:3, Licht: 0,52984,3,3,1,8,13,3,0,0,1,1,0,0,0,0
"POINT (7.603561460000037 52.033564789000081)",Unfall 52998 (2021) Kat:3, Licht: 0,52998,3,6,2,7,17,6,0,0,0,1,0,0,0,0
"POINT (7.612087830000064 51.976795067000069)",Unfall 53075 (2021) Kat:3, Licht: 0,53075,3,3,5,8,17,3,0,0,1,0,0,0,0,0
"POINT (7.560013199000025 51.989641393000056)",Unfall 53095 (2021) Kat:2, Licht: 0,53095,2,6,2,7,19,7,0,0,0,1,0,0,0,1
"POINT (7.646526073000075 51.963454342000034)",Unfall 53121 (2021) Kat:3, Licht: 0,53121,3,7,6,7,17,5,0,0,0,0,1,0,0,1
"POINT (7.623404216000040 51.945984589000034)",Unfall 53139 (2021) Kat:3, Licht: 0,53139,3,5,1,5,13,5,0,0,1,1,0,0,0,1
"POINT (7.623836012000027 51.974710008000045)",Unfall 53170 (2021) Kat:2, Licht: 0,53170,2,6,3,6,10,7,0,0,1,0,0,0,0,1
"POINT (7.623417114000063 51.943825074000074)",Unfall 53187 (2021) Kat:3, Licht: 0,53187,3,3,0,8,18,3,0,0,1,1,0,0,0,0
"POINT (7.556512405000035 52.000036185000056)",Unfall 53193 (2021) Kat:3, Licht: 0,53193,3,6,2,7,14,7,1,0,0,1,0,0,0,0
"POINT (7.601718745000028 51.994919025000058)",Unfall 53218 (2021) Kat:3, Licht: 0,53218,3,3,5,7,10,2,0,0,1,0,0,0,0,1
"POINT (7.584494190000044 51.935585636000042)",Unfall 53232 (2021) Kat:3, Licht: 2,53232,3,1,4,8,21,3,0,2,1,0,1,0,0,0
"POINT (7.677512011000033 51.975229606000028)",Unfall 53260 (2021) Kat:3, Licht: 0,53260,3,6,2,8,19,4,0,0,0,1,0,0,0,0
"POINT (7.560615541000061 52.014293769000062)",Unfall 53267 (2021) Kat:2, Licht: 0,53267,2,2,5,7,8,3,1,0,1,1,0,0,0,0
"POINT (7.627733107000040 51.911669292000056)",Unfall 53275 (2021) Kat:3, Licht: 0,53275,3,2,5,8,9,3,0,0,1,1,0,0,0,0
"POINT (7.585964987000068 51.936615059000076)",Unfall 53279 (2021) Kat:3, Licht: 2,53279,3,7,8,8,22,6,1,2,0,1,0,0,0,0
"POINT (7.638997190000055 51.961753420000036)",Unfall 53299 (2021) Kat:3, Licht: 0,53299,3,6,4,2,13,6,0,0,1,0,0,0,0,0
"POINT (7.601990849000060 51.935139380000066)",Unfall 53327 (2021) Kat:3, Licht: 0,53327,3,6,3,6,15,3,0,0,0,1,0,0,0,0
"POINT (7.598573847000068 51.917567230000031)",Unfall 53351 (2021) Kat:3, Licht: 1,53351,3,1,8,8,21,6,1,1,0,1,0,0,0,0
"POINT (7.656554876000030 51.954516574000081)",Unfall 53355 (2021) Kat:1, Licht: 2,53355,1,3,5,6,23,7,0,2,1,1,0,0,0,0
"POINT (7.636284908000050 51.972511139000062)",Unfall 53356 (2021) Kat:3, Licht: 0,53356,3,6,2,7,17,7,1,0,0,1,0,0,0,0
"POINT (7.594397534000052 51.965054099000042)",Unfall 53378 (2021) Kat:3, Licht: 0,53378,3,2,5,8,8,2,0,0,1,0,0,0,0,1
"POINT (7.612204696000049 51.967262320000032)",Unfall 53421 (2021) Kat:3, Licht: 0,53421,3,7,0,7,7,2,0,0,0,0,0,0,0,1
"POINT (7.614891204000060 52.007584605000034)",Unfall 53427 (2021) Kat:3, Licht: 0,53427,3,3,5,8,13,6,1,0,1,1,0,0,0,0
"POINT (7.660473336000052 51.933806498000081)",Unfall 53510 (2021) Kat:2, Licht: 0,53510,2,1,0,8,12,4,0,0,0,0,0,1,0,0
"POINT (7.617525350000051 51.965254809000044)",Unfall 53757 (2021) Kat:3, Licht: 0,53757,3,2,3,8,19,6,0,0,1,1,0,0,0,0
"POINT (7.604314076000037 51.936952927000050)",Unfall 53946 (2021) Kat:2, Licht: 0,53946,2,3,5,8,10,1,0,0,1,1,0,0,0,0
"POINT (7.614657137000052 52.002755295000043)",Unfall 54153 (2021) Kat:2, Licht: 0,54153,2,3,5,8,11,2,0,0,1,1,0,0,0,0
"POINT (7.647387474000027 51.958281592000048)",Unfall 54355 (2021) Kat:3, Licht: 0,54355,3,2,5,4,13,4,0,0,1,1,0,0,0,0
"POINT (7.637099800000044 51.954213074000052)",Unfall 54456 (2021) Kat:3, Licht: 2,54456,3,1,0,7,3,7,0,2,0,0,0,0,0,1
"POINT (7.648857361000069 51.964318646000038)",Unfall 54514 (2021) Kat:2, Licht: 0,54514,2,3,5,8,17,1,1,0,1,1,0,0,0,0
"POINT (7.629981778000058 51.924019906000069)",Unfall 54544 (2021) Kat:2, Licht: 0,54544,2,6,0,8,12,2,0,0,0,1,0,1,0,0
"POINT (7.598790288000032 51.997519102000069)",Unfall 163393 (2021) Kat:3, Licht: 0,163393,3,4,6,4,8,4,0,0,0,1,1,0,0,0
"POINT (7.569178250000050 51.960028634000082)",Unfall 163408 (2021) Kat:2, Licht: 0,163408,2,1,0,10,18,3,1,0,1,0,0,0,0,0
"POINT (7.578833339000028 51.889097166000056)",Unfall 163415 (2021) Kat:3, Licht: 0,163415,3,6,0,2,17,5,0,0,1,0,0,0,0,0
"POINT (7.542553908000059 51.952637530000061)",Unfall 163431 (2021) Kat:3, Licht: 0,163431,3,3,5,11,12,6,1,0,0,1,0,0,0,0
"POINT (7.574400336000053 51.975788897000029)",Unfall 163440 (2021) Kat:3, Licht: 0,163440,3,1,5,6,8,4,0,0,1,1,0,0,0,0
"POINT (7.539894930000060 51.948497037000038)",Unfall 163441 (2021) Kat:2, Licht: 0,163441,2,2,1,10,13,6,0,0,1,1,0,0,0,0
"POINT (7.606535598000050 51.961144232000038)",Unfall 163462 (2021) Kat:2, Licht: 0,163462,2,3,5,10,10,7,0,0,1,1,0,0,0,0
"POINT (7.519202288000031 51.959358378000047)",Unfall 163470 (2021) Kat:3, Licht: 0,163470,3,6,6,12,13,7,1,0,0,1,1,0,0,0
"POINT (7.595241636000026 51.938725404000081)",Unfall 163472 (2021) Kat:3, Licht: 1,163472,3,3,0,2,17,4,1,1,1,1,0,0,0,0
"POINT (7.535199339000030 51.946900344000028)",Unfall 163507 (2021) Kat:3, Licht: 0,163507,3,3,5,10,15,5,0,0,1,1,0,0,0,0
"POINT (7.589183143000071 51.963543134000076)",Unfall 163529 (2021) Kat:3, Licht: 2,163529,3,1,8,6,0,1,0,2,1,0,0,0,0,0
"POINT (7.610955597000043 51.972001815000056)",Unfall 163538 (2021) Kat:3, Licht: 0,163538,3,3,5,6,13,5,0,0,1,1,0,0,0,0
"POINT (7.537555990000044 51.959058168000070)",Unfall 163579 (2021) Kat:3, Licht: 0,163579,3,4,6,7,16,3,0,0,0,1,1,0,0,0
"POINT (7.567614045000028 51.955826347000027)",Unfall 163585 (2021) Kat:3, Licht: 2,163585,3,3,5,12,6,4,0,2,1,1,0,0,0,0
"POINT (7.608833089000029 51.950755132000040)",Unfall 163589 (2021) Kat:3, Licht: 0,163589,3,7,7,4,13,6,0,0,1,0,0,0,0,0
"POINT (7.565361494000058 51.965624111000068)",Unfall 163597 (2021) Kat:3, Licht: 0,163597,3,4,6,9,14,5,1,0,0,1,1,0,0,0
"POINT (7.611771496000074 51.930912510000041)",Unfall 163600 (2021) Kat:3, Licht: 2,163600,3,7,5,1,20,3,1,2,1,1,0,0,0,0
"POINT (7.607422472000053 51.932599008000068)",Unfall 163602 (2021) Kat:3, Licht: 2,163602,3,3,5,11,17,4,1,2,1,1,0,0,0,0
"POINT (7.594003923000059 51.956755003000069)",Unfall 163609 (2021) Kat:3, Licht: 0,163609,3,2,5,6,12,3,0,0,1,1,0,0,0,0
"POINT (7.605319792000046 51.934259904000044)",Unfall 163628 (2021) Kat:3, Licht: 0,163628,3,6,1,6,13,4,0,0,1,1,0,0,0,0
"POINT (7.597879078000062 51.966542190000041)",Unfall 163654 (2021) Kat:3, Licht: 0,163654,3,3,5,11,12,3,0,0,1,1,0,0,0,0
"POINT (7.610378820000051 51.972409037000034)",Unfall 163670 (2021) Kat:3, Licht: 0,163670,3,2,5,9,10,5,0,0,0,1,0,1,0,0
"POINT (7.581028199000059 51.966876081000066)",Unfall 163695 (2021) Kat:3, Licht: 0,163695,3,1,1,5,13,5,0,0,1,1,0,0,0,0
"POINT (7.541703016000042 52.003479991000063)",Unfall 163697 (2021) Kat:3, Licht: 0,163697,3,1,8,6,9,5,0,0,1,0,0,0,0,0
"POINT (7.609348387000068 51.882563060000052)",Unfall 163722 (2021) Kat:3, Licht: 0,163722,3,3,0,4,15,7,0,0,1,0,0,0,0,0
"POINT (7.603194455000050 51.972594917000038)",Unfall 163735 (2021) Kat:2, Licht: 0,163735,2,3,5,5,16,3,0,0,1,1,0,0,0,0
"POINT (7.597897403000047 51.966555656000025)",Unfall 163745 (2021) Kat:3, Licht: 0,163745,3,2,5,3,11,2,0,0,1,1,0,0,0,0
"POINT (7.571141593000050 51.943226587000026)",Unfall 163764 (2021) Kat:2, Licht: 0,163764,2,7,0,7,10,6,0,0,1,0,0,0,0,0
"POINT (7.541675615000031 52.003493955000067)",Unfall 163765 (2021) Kat:3, Licht: 0,163765,3,6,0,5,12,6,1,0,0,0,1,0,0,1
"POINT (7.600751884000033 51.961833895000041)",Unfall 163782 (2021) Kat:3, Licht: 0,163782,3,7,5,9,10,2,0,0,0,1,0,0,0,0
"POINT (7.548791419000054 51.996223685000075)",Unfall 163790 (2021) Kat:3, Licht: 0,163790,3,1,0,3,16,6,1,0,0,0,0,1,0,0
"POINT (7.601324765000072 51.995549173000029)",Unfall 163794 (2021) Kat:3, Licht: 0,163794,3,6,9,1,11,4,0,0,1,1,0,0,0,0
"POINT (7.609341078000057 51.960521058000040)",Unfall 163812 (2021) Kat:3, Licht: 0,163812,3,6,4,12,13,3,0,0,1,0,0,0,0,0
"POINT (7.578833857000063 51.934350027000050)",Unfall 163815 (2021) Kat:3, Licht: 0,163815,3,2,5,10,15,7,0,0,1,1,0,0,0,0
"POINT (7.571301160000075 51.958496169000057)",Unfall 163840 (2021) Kat:3, Licht: 0,163840,3,2,2,9,11,5,0,0,0,1,0,0,0,0
"POINT (7.606635872000027 51.979216622000081)",Unfall 163848 (2021) Kat:3, Licht: 1,163848,3,1,0,10,19,7,0,1,1,0,0,0,0,0
"POINT (7.583324224000023 51.965363037000031)",Unfall 163855 (2021) Kat:3, Licht: 2,163855,3,3,5,12,17,4,1,2,1,1,0,0,0,0
"POINT (7.523598082000035 51.923028878000082)",Unfall 163861 (2021) Kat:3, Licht: 0,163861,3,7,0,6,9,1,0,0,1,0,0,0,0,1
"POINT (7.607877107000036 51.985363571000050)",Unfall 163863 (2021) Kat:3, Licht: 0,163863,3,3,5,7,19,2,0,0,1,1,0,0,0,0
"POINT (7.578730430000064 51.966931368000076)",Unfall 163866 (2021) Kat:3, Licht: 2,163866,3,5,1,12,18,5,0,2,0,1,0,0,0,0
"POINT (7.533257898000045 51.953286366000043)",Unfall 163874 (2021) Kat:3, Licht: 0,163874,3,5,1,6,10,7,0,0,1,1,0,0,0,0
"POINT (7.589983949000043 51.974832489000050)",Unfall 163882 (2021) Kat:3, Licht: 0,163882,3,1,8,5,11,4,0,0,1,0,0,0,0,0
"POINT (7.525888886000075 51.917230326000038)",Unfall 163900 (2021) Kat:3, Licht: 0,163900,3,3,5,4,19,6,0,0,1,1,0,0,0,0
"POINT (7.603416868000068 51.993282511000075)",Unfall 163902 (2021) Kat:3, Licht: 0,163902,3,3,5,7,19,3,0,0,1,1,0,0,0,0
"POINT (7.612705273000074 51.938319458000080)",Unfall 163910 (2021) Kat:3, Licht: 0,163910,3,2,3,11,13,6,0,0,1,1,0,0,0,0
"POINT (7.608198247000075 51.938257721000070)",Unfall 163953 (2021) Kat:3, Licht: 0,163953,3,2,6,10,7,2,0,0,0,1,1,0,0,0
"POINT (7.596594245000063 51.927657252000074)",Unfall 163963 (2021) Kat:3, Licht: 0,163963,3,5,1,4,16,4,0,0,1,0,0,0,1,0
"POINT (7.608110752000073 51.973979098000029)",Unfall 164007 (2021) Kat:3, Licht: 0,164007,3,3,5,6,15,6,0,0,1,1,0,0,0,0
"POINT (7.556512349000059 51.994881299000042)",Unfall 164012 (2021) Kat:3, Licht: 1,164012,3,1,0,3,18,4,0,1,1,1,0,0,0,0
"POINT (7.598604977000036 51.958960396000066)",Unfall 164046 (2021) Kat:2, Licht: 0,164046,2,3,0,11,9,2,0,0,1,1,0,0,0,0
"POINT (7.564325622000069 51.972571680000044)",Unfall 164054 (2021) Kat:3, Licht: 2,164054,3,2,5,12,16,6,1,2,1,1,0,0,0,0
"POINT (7.612250598000060 51.883998801000075)",Unfall 164057 (2021) Kat:3, Licht: 0,164057,3,2,5,3,17,2,0,0,1,0,0,0,0,0
"POINT (7.597243760000026 51.935194999000032)",Unfall 164066 (2021) Kat:3, Licht: 0,164066,3,7,1,5,13,2,0,0,0,1,0,0,0,0
"POINT (7.594076773000040 51.956754435000050)",Unfall 164095 (2021) Kat:3, Licht: 0,164095,3,6,3,6,17,4,0,0,1,0,0,1,0,0
"POINT (7.610656211000048 51.984854740000060)",Unfall 164110 (2021) Kat:2, Licht: 2,164110,2,1,0,10,21,6,0,2,1,0,0,0,0,0
"POINT (7.572103305000041 51.969992667000042)",Unfall 164112 (2021) Kat:3, Licht: 2,164112,3,1,9,12,21,5,1,2,0,1,0,0,0,0
"POINT (7.608892527000023 51.946213726000053)",Unfall 164127 (2021) Kat:2, Licht: 0,164127,2,3,5,6,19,4,1,0,1,0,0,0,0,0
"POINT (7.593708287000027 52.001778730000069)",Unfall 164149 (2021) Kat:3, Licht: 2,164149,3,1,0,9,0,4,0,2,1,0,0,0,0,0
"POINT (7.582810439000070 51.965689323000049)",Unfall 164155 (2021) Kat:3, Licht: 1,164155,3,6,3,10,7,3,1,1,1,0,0,0,0,0
"POINT (7.609230802000070 51.989333946000045)",Unfall 164164 (2021) Kat:3, Licht: 2,164164,3,1,0,4,3,5,0,2,1,0,0,0,0,0
"POINT (7.534432253000034 51.952394670000047)",Unfall 164185 (2021) Kat:3, Licht: 0,164185,3,5,1,4,8,2,1,0,1,1,0,0,0,0
"POINT (7.598047459000043 51.971210700000029)",Unfall 164203 (2021) Kat:3, Licht: 0,164203,3,3,5,3,13,1,0,0,1,1,0,0,0,0
"POINT (7.612514812000029 51.957585182000059)",Unfall 164228 (2021) Kat:3, Licht: 2,164228,3,2,3,3,20,2,0,2,1,1,0,0,0,0
"POINT (7.579353604000062 51.933385468000040)",Unfall 164245 (2021) Kat:1, Licht: 0,164245,1,1,9,11,13,2,0,0,0,1,0,0,0,0
"POINT (7.566579977000060 51.967249506000030)",Unfall 164249 (2021) Kat:3, Licht: 2,164249,3,4,6,11,17,4,0,2,0,1,1,0,0,0
"POINT (7.580791798000064 51.934918041000060)",Unfall 164255 (2021) Kat:3, Licht: 0,164255,3,2,0,11,15,4,1,0,0,1,0,0,0,0
"POINT (7.608429119000050 51.989009865000071)",Unfall 164264 (2021) Kat:3, Licht: 0,164264,3,3,5,12,12,1,0,0,1,1,0,0,0,0
"POINT (7.605443810000054 51.903061706000074)",Unfall 164277 (2021) Kat:3, Licht: 0,164277,3,6,4,1,16,6,0,0,0,1,1,0,0,0
"POINT (7.578527101000077 51.893681223000044)",Unfall 164293 (2021) Kat:3, Licht: 2,164293,3,1,8,1,6,7,0,2,0,1,0,0,0,0
"POINT (7.603888114000029 51.963805614000080)",Unfall 164301 (2021) Kat:2, Licht: 2,164301,2,1,0,10,21,6,0,2,1,0,0,0,0,0
"POINT (7.603594472000054 51.994942461000051)",Unfall 164317 (2021) Kat:3, Licht: 2,164317,3,1,0,9,2,3,1,2,0,0,0,1,0,0
"POINT (7.534419670000034 51.952474139000060)",Unfall 164327 (2021) Kat:3, Licht: 0,164327,3,6,0,9,12,7,0,0,1,1,0,0,0,0
"POINT (7.598753588000022 51.958979493000072)",Unfall 164328 (2021) Kat:2, Licht: 2,164328,2,3,0,1,6,3,0,2,0,1,0,1,0,0
"POINT (7.580421980000040 51.947571347000064)",Unfall 164335 (2021) Kat:2, Licht: 2,164335,2,1,9,9,3,1,0,2,0,1,0,0,0,0
"POINT (7.578890753000053 51.932130666000035)",Unfall 164346 (2021) Kat:3, Licht: 0,164346,3,7,1,9,17,3,0,0,0,1,0,1,0,0
"POINT (7.603889197000058 51.994413409000060)",Unfall 164356 (2021) Kat:3, Licht: 0,164356,3,6,3,3,15,3,0,0,1,0,0,0,0,0
"POINT (7.581511350000028 51.966648144000033)",Unfall 164372 (2021) Kat:3, Licht: 0,164372,3,3,5,6,11,6,0,0,0,1,0,0,0,0
"POINT (7.542222452000033 51.949444854000035)",Unfall 164373 (2021) Kat:2, Licht: 0,164373,2,1,0,1,13,4,1,0,0,0,0,1,0,0
"POINT (7.579504849000045 51.967623690000039)",Unfall 164385 (2021) Kat:3, Licht: 0,164385,3,4,6,6,7,2,0,0,1,0,1,0,0,0
"POINT (7.611753994000026 51.930909567000072)",Unfall 164445 (2021) Kat:2, Licht: 0,164445,2,5,1,1,13,5,1,0,0,1,0,0,0,0
"POINT (7.570018736000065 51.959416315000055)",Unfall 164452 (2021) Kat:3, Licht: 0,164452,3,3,0,12,7,3,0,0,1,1,0,0,0,0
"POINT (7.601022297000043 51.959114443000033)",Unfall 164472 (2021) Kat:3, Licht: 0,164472,3,2,0,11,14,4,0,0,1,1,0,0,0,0
"POINT (7.567481368000074 51.926231786000073)",Unfall 164486 (2021) Kat:3, Licht: 0,164486,3,6,6,11,9,7,1,0,0,1,1,0,0,0
"POINT (7.606900423000070 51.905656066000063)",Unfall 164490 (2021) Kat:3, Licht: 0,164490,3,1,8,11,8,2,2,0,0,1,0,0,0,0
"POINT (7.577927646000035 51.968188542000064)",Unfall 164493 (2021) Kat:3, Licht: 0,164493,3,3,1,10,11,6,1,0,0,1,0,0,0,0
"POINT (7.598800133000054 51.964321845000029)",Unfall 164501 (2021) Kat:3, Licht: 0,164501,3,6,4,12,15,7,1,0,1,0,0,0,0,0
"POINT (7.616432402000044 51.954484360000038)",Unfall 164521 (2021) Kat:3, Licht: 2,164521,3,6,3,12,23,5,0,2,1,0,0,0,0,0
"POINT (7.643567394000058 51.958609787000057)",Unfall 164523 (2021) Kat:3, Licht: 0,164523,3,3,5,4,17,2,0,0,1,0,0,0,0,0
"POINT (7.630130696000037 51.968162352000036)",Unfall 164525 (2021) Kat:3, Licht: 2,164525,3,5,2,11,19,2,1,2,1,0,0,0,0,0
"POINT (7.637423945000023 51.910389758000065)",Unfall 164541 (2021) Kat:3, Licht: 0,164541,3,3,0,12,10,6,0,0,1,1,0,0,0,0
"POINT (7.625985393000065 51.959159521000061)",Unfall 164543 (2021) Kat:3, Licht: 0,164543,3,4,0,5,10,2,1,0,0,1,1,0,0,0
"POINT (7.616879161000043 51.939116631000047)",Unfall 164548 (2021) Kat:3, Licht: 0,164548,3,1,0,12,8,2,2,0,1,0,0,0,0,0
"POINT (7.634411455000077 51.953023900000062)",Unfall 164550 (2021) Kat:3, Licht: 0,164550,3,2,4,6,19,6,0,0,1,1,0,0,0,0
"POINT (7.613240642000051 51.971325002000071)",Unfall 164557 (2021) Kat:3, Licht: 0,164557,3,1,0,5,16,6,0,0,1,1,0,0,0,0
"POINT (7.627602910000064 51.924159168000074)",Unfall 164560 (2021) Kat:3, Licht: 2,164560,3,1,0,11,20,5,1,2,1,0,0,0,0,0
"POINT (7.622386627000026 51.971680064000054)",Unfall 164563 (2021) Kat:3, Licht: 0,164563,3,6,3,3,15,2,0,0,1,1,0,0,0,0
"POINT (7.624754512000038 51.957223875000068)",Unfall 164567 (2021) Kat:3, Licht: 0,164567,3,4,0,6,14,4,0,0,1,0,1,0,0,0
"POINT (7.638674489000039 51.945493136000039)",Unfall 164576 (2021) Kat:3, Licht: 0,164576,3,1,0,4,17,4,1,0,1,0,0,0,0,0
"POINT (7.625294448000034 51.942775460000064)",Unfall 164579 (2021) Kat:2, Licht: 2,164579,2,1,1,9,22,3,0,2,1,1,0,0,0,0
"POINT (7.622081635000029 51.965209409000067)",Unfall 164585 (2021) Kat:3, Licht: 2,164585,3,1,0,10,22,2,0,2,0,0,0,0,0,1
"POINT (7.638313599000071 51.964949355000044)",Unfall 164587 (2021) Kat:3, Licht: 0,164587,3,5,1,2,13,6,0,0,1,1,0,0,0,0
"POINT (7.618531406000045 51.974977062000050)",Unfall 164593 (2021) Kat:2, Licht: 0,164593,2,1,1,5,21,6,0,0,0,0,0,0,0,1