WKT,Name,OBJECTID,UKATEGORIE,UTYP1,UART,UMONAT,USTUNDE,UWOCHENTAG,STRZUSTAND,ULICHTVERH,ISTRAD,ISTPKW,ISTFUSS,ISTKRAD,ISTGKFZ,ISTSONSTIG
"POINT (7.634297403000062 51.957530382000073)",Unfall 164595 (2021) Kat:3, Licht: 0,164595,3,6,3,6,16,6,0,0,1,0,0,0,0,1
"POINT (7.615424950000033 51.960782672000050)",Unfall 164602 (2021) Kat:2, Licht: 0,164602,2,1,1,5,12,1,0,0,1,1,0,0,0,0
"POINT (7.632104223000056 51.951708856000039)",Unfall 164604 (2021) Kat:2, Licht: 0,164604,2,5,1,6,13,2,0,0,1,1,0,0,0,0
"POINT (7.622462734000067 51.954569420000041)",Unfall 164610 (2021) Kat:3, Licht: 0,164610,3,2,5,6,7,4,0,0,1,0,0,0,0,0
"POINT (7.628213747000075 51.972657586000082)",Unfall 164612 (2021) Kat:3, Licht: 0,164612,3,7,1,11,12,4,1,0,0,1,1,0,0,0
"POINT (7.677409542000021 51.961594742000045)",Unfall 164618 (2021) Kat:3, Licht: 0,164618,3,3,5,6,13,3,0,0,1,0,0,0,0,0
"POINT (7.630579074000025 51.957878541000071)",Unfall 164634 (2021) Kat:3, Licht: 0,164634,3,3,5,10,16,7,0,0,1,1,0,0,0,0
"POINT (7.631821757000068 51.957395621000046)",Unfall 164643 (2021) Kat:3, Licht: 0,164643,3,6,6,10,17,6,0,0,1,0,1,0,0,0
"POINT (7.616370498000038 51.932310152000071)",Unfall 164647 (2021) Kat:3, Licht: 0,164647,3,2,5,11,11,4,1,0,1,1,0,0,0,0
"POINT (7.634993327000075 51.963595010000063)",Unfall 164650 (2021) Kat:3, Licht: 2,164650,3,1,0,10,21,6,1,2,0,0,0,0,0,1
"POINT (7.714134026000067 51.998853253000050)",Unfall 164652 (2021) Kat:3, Licht: 0,164652,3,7,0,9,13,4,0,0,0,0,1,0,0,1
"POINT (7.656803546000049 51.966786854000077)",Unfall 164655 (2021) Kat:3, Licht: 0,164655,3,2,6,4,9,4,0,0,0,0,1,1,0,0
"POINT (7.633797073000039 51.956041233000064)",Unfall 164660 (2021) Kat:2, Licht: 2,164660,2,1,0,7,1,1,0,2,1,0,0,0,0,0
"POINT (7.623392296000077 51.973890226000037)",Unfall 164666 (2021) Kat:3, Licht: 0,164666,3,1,0,6,19,6,0,0,1,0,0,0,0,0
"POINT (7.628370301000075 51.968275921000043)",Unfall 164668 (2021) Kat:3, Licht: 0,164668,3,3,5,3,16,4,0,0,1,1,0,0,0,0
"POINT (7.623719796000046 51.905593916000043)",Unfall 164671 (2021) Kat:3, Licht: 0,164671,3,3,0,6,17,3,0,0,1,1,0,0,0,0
"POINT (7.621820725000021 51.958106200000032)",Unfall 164676 (2021) Kat:3, Licht: 0,164676,3,5,1,10,15,7,0,0,1,1,0,0,0,0
"POINT (7.638131724000061 51.951522979000060)",Unfall 164678 (2021) Kat:2, Licht: 0,164678,2,2,0,6,7,5,0,0,1,0,0,0,0,0
"POINT (7.616206573000056 51.966529307000030)",Unfall 164685 (2021) Kat:3, Licht: 0,164685,3,2,6,10,13,3,0,0,0,1,1,0,0,0
"POINT (7.634339859000022 51.952969829000040)",Unfall 164688 (2021) Kat:3, Licht: 0,164688,3,2,4,5,15,5,1,0,1,1,0,0,0,0
"POINT (7.630233527000030 51.958054642000036)",Unfall 164690 (2021) Kat:3, Licht: 1,164690,3,2,4,7,20,4,0,1,1,0,0,0,0,0
"POINT (7.613692523000054 51.975882513000045)",Unfall 164696 (2021) Kat:3, Licht: 0,164696,3,5,1,10,12,1,0,0,1,1,0,0,0,0
"POINT (7.632135167000058 51.951880522000067)",Unfall 164698 (2021) Kat:3, Licht: 0,164698,3,2,5,9,13,3,0,0,1,1,0,0,0,0
"POINT (7.621151761000021 51.899587098000040)",Unfall 164704 (2021) Kat:3, Licht: 1,164704,3,7,9,2,17,4,0,1,1,0,0,0,0,1
"POINT (7.648450518000061 51.903062898000030)",Unfall 164707 (2021) Kat:3, Licht: 0,164707,3,1,0,12,13,6,1,0,1,0,0,0,0,0
"POINT (7.626266606000058 51.958114761000047)",Unfall 164708 (2021) Kat:2, Licht: 1,164708,2,1,0,1,16,3,1,1,1,0,0,0,0,0
"POINT (7.638943505000043 51.907210231000079)",Unfall 164719 (2021) Kat:3, Licht: 0,164719,3,1,0,10,13,4,0,0,0,0,0,1,0,0
"POINT (7.648350566000033 51.908466286000078)",Unfall 164720 (2021) Kat:3, Licht: 0,164720,3,5,2,3,13,6,0,0,0,1,0,0,0,0
"POINT (7.635173738000049 51.939673924000033)",Unfall 164730 (2021) Kat:3, Licht: 0,164730,3,2,3,6,8,2,0,0,1,1,0,0,0,0
"POINT (7.616970487000060 51.939078046000077)",Unfall 164737 (2021) Kat:3, Licht: 0,164737,3,3,5,11,14,4,0,0,1,0,0,0,0,0
"POINT (7.643271257000038 51.992118313000049)",Unfall 164739 (2021) Kat:3, Licht: 0,164739,3,4,5,6,17,5,0,0,0,1,1,0,0,0
"POINT (7.632130153000048 51.951852710000026)",Unfall 164740 (2021) Kat:3, Licht: 0,164740,3,7,5,4,14,2,0,0,1,1,0,0,0,0
"POINT (7.630126792000056 51.968153276000066)",Unfall 164741 (2021) Kat:2, Licht: 0,164741,2,2,5,10,11,7,0,0,1,0,0,0,0,0
"POINT (7.624392285000056 51.960610805000044)",Unfall 164747 (2021) Kat:3, Licht: 0,164747,3,1,0,10,12,2,0,0,0,0,1,0,1,0
"POINT (7.616352590000076 51.944054987000072)",Unfall 164763 (2021) Kat:3, Licht: 0,164763,3,6,0,4,11,6,0,0,0,1,0,1,0,0
"POINT (7.644014354000035 51.927788480000061)",Unfall 164765 (2021) Kat:3, Licht: 0,164765,3,1,0,4,16,4,0,0,1,0,0,0,0,0
"POINT (7.642039021000073 51.952439180000056)",Unfall 164775 (2021) Kat:3, Licht: 0,164775,3,6,0,7,13,5,1,0,1,1,0,0,0,0
"POINT (7.632553826000049 51.961531845000081)",Unfall 164776 (2021) Kat:3, Licht: 0,164776,3,7,6,12,15,3,1,0,0,0,1,0,0,1
"POINT (7.633894569000063 51.959912039000073)",Unfall 164781 (2021) Kat:3, Licht: 0,164781,3,6,4,5,15,4,0,0,1,0,0,0,0,0
"POINT (7.615622769000026 51.930520818000048)",Unfall 164788 (2021) Kat:3, Licht: 0,164788,3,5,0,6,11,2,1,0,1,1,0,0,0,0
"POINT (7.642462536000039 51.937131793000049)",Unfall 164790 (2021) Kat:3, Licht: 0,164790,3,3,7,4,12,7,0,0,1,1,0,0,0,0
"POINT (7.627188365000052 51.932002903000068)",Unfall 164792 (2021) Kat:3, Licht: 0,164792,3,3,5,4,16,7,0,0,0,1,0,0,0,0
"POINT (7.622623937000071 51.959384954000029)",Unfall 164795 (2021) Kat:3, Licht: 0,164795,3,6,1,9,14,6,0,0,1,0,0,0,0,0
"POINT (7.662602224000068 51.936384710000027)",Unfall 164797 (2021) Kat:2, Licht: 0,164797,2,6,1,2,16,5,0,0,1,0,0,0,0,0
"POINT (7.624977409000053 51.960618358000033)",Unfall 164799 (2021) Kat:2, Licht: 0,164799,2,4,0,11,12,4,1,0,1,0,1,0,0,0
"POINT (7.622059217000071 51.968678820000036)",Unfall 164805 (2021) Kat:3, Licht: 0,164805,3,1,8,9,13,4,1,0,0,0,0,1,0,0
"POINT (7.618437413000038 51.956184241000074)",Unfall 164813 (2021) Kat:3, Licht: 0,164813,3,6,3,12,11,3,0,0,1,1,0,0,0,0
"POINT (7.643271925000022 51.958541579000041)",Unfall 164815 (2021) Kat:3, Licht: 1,164815,3,7,0,11,18,5,0,1,0,1,0,0,0,1
"POINT (7.656024091000063 51.962376394000046)",Unfall 164820 (2021) Kat:3, Licht: 2,164820,3,6,4,5,2,1,1,2,1,0,0,0,0,0
"POINT (7.632912621000060 51.954194079000047)",Unfall 164825 (2021) Kat:3, Licht: 0,164825,3,5,1,6,14,4,0,0,1,1,0,0,0,0
"POINT (7.623494617000063 51.960846476000029)",Unfall 164831 (2021) Kat:3, Licht: 0,164831,3,2,5,9,13,3,0,0,1,1,0,0,0,0
"POINT (7.629398657000024 51.937900637000041)",Unfall 164833 (2021) Kat:3, Licht: 0,164833,3,3,5,6,17,2,0,0,1,1,0,0,0,0
"POINT (7.624015609000026 51.968983980000075)",Unfall 164836 (2021) Kat:3, Licht: 0,164836,3,2,4,6,16,3,0,0,1,1,0,0,0,0
"POINT (7.622023723000041 51.921314032000055)",Unfall 164841 (2021) Kat:2, Licht: 1,164841,2,3,5,2,17,6,0,1,1,1,0,0,0,0
"POINT (7.639864267000064 51.952282076000074)",Unfall 164843 (2021) Kat:2, Licht: 2,164843,2,1,0,2,18,7,0,2,0,0,0,1,0,0
"POINT (7.623264567000035 51.967414865000080)",Unfall 164847 (2021) Kat:3, Licht: 0,164847,3,3,0,7,10,3,1,0,1,0,0,0,0,0
"POINT (7.628758670000025 51.968463102000044)",Unfall 164849 (2021) Kat:3, Licht: 0,164849,3,5,1,6,18,7,0,0,1,1,0,0,0,0
"POINT (7.631255645000067 51.956200611000042)",Unfall 164855 (2021) Kat:3, Licht: 0,164855,3,7,0,11,16,7,0,0,0,1,0,0,0,1
"POINT (7.674120963000064 51.949219406000054)",Unfall 164857 (2021) Kat:3, Licht: 1,164857,3,3,5,4,20,6,0,1,1,0,0,0,0,0
"POINT (7.621361836000062 51.958347173000050)",Unfall 164860 (2021) Kat:3, Licht: 0,164860,3,6,2,9,14,6,0,0,0,1,0,0,0,0
"POINT (7.639242567000053 51.948008403000074)",Unfall 164862 (2021) Kat:3, Licht: 0,164862,3,6,0,10,12,1,0,0,1,1,0,0,0,0
"POINT (7.648592370000074 51.953540061000069)",Unfall 164863 (2021) Kat:3, Licht: 0,164863,3,7,0,11,15,5,0,0,1,1,0,0,0,0
"POINT (7.618244994000065 51.932677316000081)",Unfall 164868 (2021) Kat:3, Licht: 0,164868,3,6,1,7,12,2,0,0,0,1,0,0,0,0
"POINT (7.635324188000027 51.939095011000063)",Unfall 164871 (2021) Kat:3, Licht: 0,164871,3,3,5,3,17,4,0,0,0,1,0,0,0,0
"POINT (7.615960140000027 51.967919727000037)",Unfall 164879 (2021) Kat:2, Licht: 0,164879,2,1,0,5,15,3,1,0,1,0,0,0,0,0
"POINT (7.633716294000067 51.956915641000080)",Unfall 164881 (2021) Kat:3, Licht: 0,164881,3,1,6,7,16,7,0,0,1,0,1,0,0,0
"POINT (7.628538473000049 51.951779737000038)",Unfall 164884 (2021) Kat:3, Licht: 0,164884,3,3,5,4,18,1,0,0,1,1,0,0,0,0
"POINT (7.623371306000024 51.956668555000078)",Unfall 164887 (2021) Kat:3, Licht: 0,164887,3,1,0,9,7,4,1,0,1,0,0,0,0,0
"POINT (7.627953577000028 51.932148741000049)",Unfall 164889 (2021) Kat:2, Licht: 0,164889,2,1,6,6,13,2,1,0,0,1,1,0,0,0
"POINT (7.649043975000041 51.952353886000026)",Unfall 164890 (2021) Kat:3, Licht: 2,164890,3,1,0,9,19,1,0,2,1,0,0,0,0,0
"POINT (7.626954144000024 51.960913121000033)",Unfall 164892 (2021) Kat:3, Licht: 0,164892,3,7,0,4,8,4,0,0,1,0,1,0,0,0
"POINT (7.672982052000066 51.926447285000052)",Unfall 164895 (2021) Kat:3, Licht: 0,164895,3,7,0,2,16,6,0,0,1,1,0,0,0,0
"POINT (7.636940370000048 51.911560466000026)",Unfall 164901 (2021) Kat:3, Licht: 0,164901,3,1,8,6,18,5,0,0,0,1,0,0,0,0
"POINT (7.665968117000034 51.989266294000060)",Unfall 164905 (2021) Kat:3, Licht: 0,164905,3,6,5,11,11,6,1,0,0,1,0,1,0,0
"POINT (7.630033287000060 51.967935860000068)",Unfall 164911 (2021) Kat:3, Licht: 0,164911,3,3,5,7,9,4,0,0,1,1,0,0,0,0
"POINT (7.630020212000034 51.967905458000075)",Unfall 164923 (2021) Kat:2, Licht: 0,164923,2,3,5,9,12,2,0,0,1,0,0,0,0,0
"POINT (7.715429027000027 51.915926903000070)",Unfall 164924 (2021) Kat:3, Licht: 0,164924,3,6,5,6,14,2,0,0,1,0,0,0,0,0
"POINT (7.615647457000023 51.933201292000035)",Unfall 164929 (2021) Kat:3, Licht: 2,164929,3,2,4,12,7,4,2,2,1,1,0,0,0,0
"POINT (7.632013262000044 51.954935328000033)",Unfall 164931 (2021) Kat:3, Licht: 0,164931,3,7,1,3,15,3,0,0,0,1,0,0,0,0
"POINT (7.648089790000029 51.971162304000075)",Unfall 164933 (2021) Kat:3, Licht: 0,164933,3,7,7,9,16,1,0,0,0,1,0,0,0,0
"POINT (7.697747203000063 51.987429471000041)",Unfall 164935 (2021) Kat:2, Licht: 0,164935,2,7,1,11,10,2,0,0,0,1,0,0,0,1
"POINT (7.623353792000046 51.966931106000061)",Unfall 164938 (2021) Kat:3, Licht: 0,164938,3,2,4,9,15,2,0,0,1,0,0,0,0,1
"POINT (7.638303749000045 51.964931989000036)",Unfall 164940 (2021) Kat:3, Licht: 2,164940,3,1,0,12,0,7,1,2,1,0,0,0,0,0
"POINT (7.626351444000022 51.965259254000046)",Unfall 164943 (2021) Kat:3, Licht: 0,164943,3,3,5,9,14,6,0,0,1,0,0,0,0,0
"POINT (7.682474579000029 51.915974394000045)",Unfall 164945 (2021) Kat:3, Licht: 1,164945,3,3,5,10,7,3,1,1,1,0,0,0,0,0
"POINT (7.617404570000076 51.992635858000028)",Unfall 164948 (2021) Kat:3, Licht: 0,164948,3,2,5,12,8,2,0,0,1,1,0,0,0,0
"POINT (7.636614043000066 51.962467266000033)",Unfall 164950 (2021) Kat:3, Licht: 0,164950,3,4,6,10,12,6,1,0,1,0,1,0,0,0
"POINT (7.671151405000046 51.943866826000033)",Unfall 164954 (2021) Kat:3, Licht: 0,164954,3,2,3,3,13,2,0,0,1,0,0,0,0,0
"POINT (7.631530614000042 51.957307049000065)",Unfall 164959 (2021) Kat:2, Licht: 2,164959,2,1,0,6,3,5,0,2,1,0,0,0,0,0
"POINT (7.629865559000052 51.937909264000041)",Unfall 164961 (2021) Kat:3, Licht: 2,164961,3,1,0,10,2,1,1,2,0,0,0,0,0,1
"POINT (7.717602450000072 51.934838744000047)",Unfall 164962 (2021) Kat:3, Licht: 1,164962,3,1,8,9,6,3,1,1,0,0,0,1,0,0
"POINT (7.662890227000048 51.936367538000070)",Unfall 164965 (2021) Kat:3, Licht: 0,164965,3,2,5,5,12,1,0,0,1,0,0,1,0,0
"POINT (7.625712172000021 51.962082922000036)",Unfall 164967 (2021) Kat:3, Licht: 0,164967,3,7,0,4,11,4,0,0,1,1,0,0,0,0
"POINT (7.686107194000044 51.993778983000027)",Unfall 164970 (2021) Kat:2, Licht: 0,164970,2,7,0,11,10,5,1,0,1,0,0,0,0,0
"POINT (7.618874122000022 51.975921231000029)",Unfall 164973 (2021) Kat:2, Licht: 0,164973,2,1,3,3,18,4,0,0,1,1,0,0,0,0
"POINT (7.652635810000049 51.955444518000036)",Unfall 164976 (2021) Kat:3, Licht: 0,164976,3,6,2,10,11,6,0,0,0,1,0,0,0,0
"POINT (7.656215583000062 52.029512657000055)",Unfall 164978 (2021) Kat:3, Licht: 0,164978,3,3,5,3,7,5,1,0,0,1,0,0,0,0
"POINT (7.620517861000053 51.957606790000057)",Unfall 164987 (2021) Kat:3, Licht: 2,164987,3,4,6,1,18,4,1,2,0,1,1,0,0,0
"POINT (7.653779600000064 51.961816508000027)",Unfall 164990 (2021) Kat:3, Licht: 2,164990,3,1,0,12,19,2,1,2,1,0,0,0,0,0
"POINT (7.624129217000075 51.901943774000074)",Unfall 164991 (2021) Kat:2, Licht: 1,164991,2,3,6,1,15,4,1,1,0,1,1,0,0,0
"POINT (7.634750896000071 51.959169017000079)",Unfall 164998 (2021) Kat:3, Licht: 0,164998,3,1,0,11,8,2,1,0,1,0,0,0,0,0
"POINT (7.632634426000038 51.953696330000071)",Unfall 165007 (2021) Kat:3, Licht: 0,165007,3,1,0,6,18,4,0,0,1,0,0,0,0,0
"POINT (7.628551324000057 51.906082426000069)",Unfall 165009 (2021) Kat:3, Licht: 0,165009,3,3,5,9,9,2,0,0,1,0,0,0,0,0
"POINT (7.622395515000051 51.968444016000035)",Unfall 165012 (2021) Kat:3, Licht: 0,165012,3,2,5,6,11,4,0,0,1,1,0,0,0,0
"POINT (7.623659434000047 51.966346237000039)",Unfall 165016 (2021) Kat:3, Licht: 0,165016,3,3,5,6,8,4,0,0,0,1,0,1,0,0
"POINT (7.641639399000042 51.963514851000070)",Unfall 165018 (2021) Kat:3, Licht: 0,165018,3,3,0,10,11,3,1,0,1,0,0,0,0,0
"POINT (7.644861880000065 51.958890703000066)",Unfall 165033 (2021) Kat:3, Licht: 0,165033,3,5,3,6,11,5,0,0,1,1,0,0,0,0
"POINT (7.676121706000060 51.961421656000027)",Unfall 165040 (2021) Kat:3, Licht: 2,165040,3,3,0,9,19,3,0,2,0,1,0,1,0,0
"POINT (7.617772028000047 51.967781644000070)",Unfall 165043 (2021) Kat:3, Licht: 2,165043,3,3,0,5,23,5,1,2,1,0,0,0,0,0
"POINT (7.645128020000072 51.954449226000065)",Unfall 165045 (2021) Kat:3, Licht: 0,165045,3,1,1,7,9,3,1,0,0,1,0,1,0,0
"POINT (7.613576640000076 52.000806758000067)",Unfall 165053 (2021) Kat:3, Licht: 0,165053,3,3,5,5,8,3,0,0,1,1,0,0,0,0
"POINT (7.632202541000026 51.952291924000065)",Unfall 165055 (2021) Kat:3, Licht: 0,165055,3,5,0,10,7,2,0,0,1,1,0,0,0,0
"POINT (7.628211514000043 51.957065911000029)",Unfall 165058 (2021) Kat:3, Licht: 0,165058,3,5,0,10,17,6,0,0,1,1,0,0,0,0
"POINT (7.622355374000051 51.959195089000048)",Unfall 165061 (2021) Kat:3, Licht: 2,165061,3,5,8,6,2,5,0,2,1,1,0,0,0,0
"POINT (7.666383914000050 51.906662454000070)",Unfall 165078 (2021) Kat:3, Licht: 0,165078,3,4,6,10,11,2,0,0,0,0,1,0,0,1
"POINT (7.643070837000039 51.955370593000055)",Unfall 165083 (2021) Kat:3, Licht: 0,165083,3,6,0,11,13,6,0,0,1,1,0,0,0,0
"POINT (7.630019833000063 51.967904576000080)",Unfall 165086 (2021) Kat:3, Licht: 0,165086,3,3,5,4,18,6,0,0,1,0,0,0,0,0
"POINT (7.642588926000030 51.967362769000033)",Unfall 165095 (2021) Kat:3, Licht: 0,165095,3,1,0,6,11,3,0,0,1,0,0,0,0,0
"POINT (7.626554781000038 51.956555499000046)",Unfall 165107 (2021) Kat:3, Licht: 0,165107,3,4,6,3,12,7,0,0,0,1,1,0,0,0
"POINT (7.655066067000064 51.974743450000062)",Unfall 165108 (2021) Kat:3, Licht: 2,165108,3,1,0,10,8,4,1,2,0,0,0,1,0,0
"POINT (7.628698716000031 51.954846956000040)",Unfall 165116 (2021) Kat:3, Licht: 0,165116,3,3,5,9,14,5,0,0,1,1,0,0,0,0
"POINT (7.728924670000026 51.918201444000033)",Unfall 165118 (2021) Kat:2, Licht: 0,165118,2,4,6,12,13,6,0,0,0,1,1,0,0,0
"POINT (7.622774825000022 51.945208587000081)",Unfall 165119 (2021) Kat:3, Licht: 0,165119,3,6,2,6,12,3,0,0,0,1,0,0,0,0
"POINT (7.629286120000074 51.972694669000077)",Unfall 165121 (2021) Kat:3, Licht: 0,165121,3,6,3,10,13,6,0,0,1,1,0,0,0,0
"POINT (7.650536411000076 51.965064228000074)",Unfall 165122 (2021) Kat:2, Licht: 0,165122,2,7,0,10,13,3,1,0,1,0,0,0,0,0
"POINT (7.675071783000021 51.948956325000040)",Unfall 165126 (2021) Kat:3, Licht: 1,165126,3,2,0,12,8,3,0,1,1,1,0,0,0,0
"POINT (7.617428680000046 51.932464309000068)",Unfall 165138 (2021) Kat:3, Licht: 0,165138,3,4,6,11,9,7,0,0,0,1,1,0,0,0
"POINT (7.630606045000036 51.957864771000061)",Unfall 165142 (2021) Kat:2, Licht: 0,165142,2,3,5,11,8,6,1,0,1,1,0,0,0,0
"POINT (7.615442577000067 51.971492772000033)",Unfall 165148 (2021) Kat:3, Licht: 0,165148,3,5,0,9,12,5,0,0,1,1,0,0,0,0
"POINT (7.684360237000021 51.911902541000075)",Unfall 165152 (2021) Kat:3, Licht: 0,165152,3,7,4,6,15,2,0,0,0,1,0,1,0,0
"POINT (7.621400474000041 51.933513640000058)",Unfall 165155 (2021) Kat:3, Licht: 0,165155,3,7,6,4,12,6,0,0,0,1,1,0,0,0
"POINT (7.636853599000062 51.949665819000074)",Unfall 165157 (2021) Kat:3, Licht: 0,165157,3,3,5,6,16,3,0,0,1,1,0,0,0,0
"POINT (7.648629958000072 51.982148616000075)",Unfall 165158 (2021) Kat:3, Licht: 0,165158,3,6,0,2,16,5,0,0,1,0,0,0,0,0
"POINT (7.623675683000045 51.911004171000059)",Unfall 165159 (2021) Kat:3, Licht: 0,165159,3,2,2,4,17,6,0,0,0,1,0,1,0,0
"POINT (7.631166994000068 51.957584270000041)",Unfall 165161 (2021) Kat:3, Licht: 0,165161,3,4,6,11,17,2,0,0,0,1,1,0,0,0
"POINT (7.635166399000070 51.948106616000075)",Unfall 165168 (2021) Kat:3, Licht: 1,165168,3,1,0,11,7,3,1,1,1,0,0,0,0,0
"POINT (7.676256128000034 51.930560663000051)",Unfall 165175 (2021) Kat:3, Licht: 1,165175,3,6,2,1,8,5,1,1,0,1,0,0,0,0
"POINT (7.621711865000066 51.958720632000052)",Unfall 165178 (2021) Kat:3, Licht: 0,165178,3,3,5,11,12,7,1,0,0,1,0,1,0,0
"POINT (7.616568349000033 51.961905901000080)",Unfall 165187 (2021) Kat:3, Licht: 2,165187,3,1,0,7,0,1,0,2,0,0,0,0,0,1
"POINT (7.632722621000028 51.955761950000067)",Unfall 165189 (2021) Kat:3, Licht: 0,165189,3,6,0,6,8,4,0,0,0,1,0,0,0,1
"POINT (7.660549881000065 51.958043414000031)",Unfall 165194 (2021) Kat:3, Licht: 0,165194,3,6,3,6,8,4,0,0,1,1,0,0,0,0
"POINT (7.620042363000039 51.933248879000075)",Unfall 165203 (2021) Kat:2, Licht: 0,165203,2,3,5,1,14,5,0,0,1,1,0,0,0,0
"POINT (7.637782791000063 51.966291929000079)",Unfall 165205 (2021) Kat:3, Licht: 0,165205,3,7,5,6,8,3,0,0,1,1,0,0,0,0
"POINT (7.653236167000045 51.919925549000027)",Unfall 165206 (2021) Kat:3, Licht: 0,165206,3,3,5,9,15,7,0,0,1,0,0,0,0,0
"POINT (7.635181066000030 51.948150299000076)",Unfall 165214 (2021) Kat:3, Licht: 2,165214,3,7,0,11,17,4,1,2,1,0,0,0,0,0
"POINT (7.616009899000062 51.932666272000063)",Unfall 165221 (2021) Kat:3, Licht: 0,165221,3,7,2,12,12,7,0,0,0,1,0,0,0,0
"POINT (7.622734190000074 51.939407749000054)",Unfall 165227 (2021) Kat:3, Licht: 0,165227,3,7,0,3,17,4,0,0,1,0,0,0,0,0
"POINT (7.624592895000035 51.956913095000061)",Unfall 165231 (2021) Kat:3, Licht: 0,165231,3,6,3,10,11,7,0,0,1,0,0,0,0,0
"POINT (7.647536518000038 51.940019483000071)",Unfall 165233 (2021) Kat:3, Licht: 0,165233,3,2,5,3,14,4,0,0,0,1,0,0,0,1
"POINT (7.615094830000032 51.935472357000037)",Unfall 165236 (2021) Kat:3, Licht: 0,165236,3,3,5,3,12,2,1,0,1,0,0,0,0,0
"POINT (7.623991795000052 51.963437707000026)",Unfall 165247 (2021) Kat:3, Licht: 1,165247,3,1,0,5,20,6,1,1,1,0,0,0,0,0
"POINT (7.630570336000062 51.955397803000039)",Unfall 165250 (2021) Kat:2, Licht: 2,165250,2,7,0,11,1,1,1,2,0,0,0,0,0,1
"POINT (7.684380885000053 51.914492917000075)",Unfall 165251 (2021) Kat:2, Licht: 0,165251,2,2,4,3,16,2,0,0,0,1,0,0,0,0
"POINT (7.728591441000049 51.918629948000046)",Unfall 165252 (2021) Kat:3, Licht: 0,165252,3,2,2,10,12,3,1,0,0,1,0,0,0,0
"POINT (7.637482682000041 51.910247226000081)",Unfall 165256 (2021) Kat:3, Licht: 0,165256,3,6,2,2,17,1,0,0,0,1,0,1,0,0
"POINT (7.647483931000068 51.952962709000076)",Unfall 165258 (2021) Kat:3, Licht: 2,165258,3,2,5,10,7,4,0,2,0,1,0,0,0,1
"POINT (7.675075332000063 51.948961527000051)",Unfall 165260 (2021) Kat:3, Licht: 1,165260,3,2,5,1,16,4,1,1,0,1,0,0,0,1
"POINT (7.636792022000066 51.962745262000055)",Unfall 165265 (2021) Kat:3, Licht: 0,165265,3,7,5,9,13,6,0,0,1,1,0,0,0,0
"POINT (7.671295634000046 51.951402407000046)",Unfall 165269 (2021) Kat:3, Licht: 0,165269,3,4,0,10,12,6,0,0,0,1,1,0,0,1
"POINT (7.614255118000074 51.952467640000066)",Unfall 165272 (2021) Kat:3, Licht: 0,165272,3,6,0,10,16,5,0,0,1,1,0,0,0,0
"POINT (7.631305686000076 51.951399099000071)",Unfall 165274 (2021) Kat:3, Licht: 2,165274,3,2,5,11,23,5,0,2,0,1,0,0,0,1
"POINT (7.629019549000077 51.973913462000041)",Unfall 165277 (2021) Kat:2, Licht: 0,165277,2,2,5,5,13,4,0,0,1,1,0,0,0,0
"POINT (7.622947736000071 51.953781698000057)",Unfall 165280 (2021) Kat:2, Licht: 2,165280,2,1,0,3,0,7,0,2,1,1,0,0,0,0
"POINT (7.647505603000070 51.902952462000030)",Unfall 165285 (2021) Kat:3, Licht: 0,165285,3,4,8,6,7,3,0,0,1,0,1,0,0,0
"POINT (7.631038441000044 51.969823865000080)",Unfall 165295 (2021) Kat:2, Licht: 2,165295,2,7,8,10,4,6,1,2,1,0,0,0,0,0
"POINT (7.663422104000063 51.920889059000046)",Unfall 165297 (2021) Kat:3, Licht: 2,165297,3,7,8,5,2,7,0,2,1,0,0,0,0,0
"POINT (7.642966044000048 51.954744234000032)",Unfall 165302 (2021) Kat:3, Licht: 0,165302,3,7,6,4,13,6,1,0,0,1,1,0,0,0
"POINT (7.634160236000071 51.959669565000070)",Unfall 165303 (2021) Kat:3, Licht: 0,165303,3,5,0,9,17,3,0,0,1,0,0,0,0,1
"POINT (7.621119634000024 51.927742169000055)",Unfall 165307 (2021) Kat:2, Licht: 0,165307,2,1,0,10,17,6,0,0,1,0,0,0,0,0
"POINT (7.640290083000025 51.964325621000057)",Unfall 165309 (2021) Kat:3, Licht: 2,165309,3,3,5,12,19,4,0,2,1,0,0,0,0,0
"POINT (7.649729720000039 51.994286196000076)",Unfall 165310 (2021) Kat:3, Licht: 0,165310,3,2,5,12,15,2,0,0,0,1,0,0,0,1
"POINT (7.634658807000051 51.965702387000078)",Unfall 165317 (2021) Kat:3, Licht: 0,165317,3,7,0,6,16,5,0,0,1,0,1,0,0,0
"POINT (7.710940487000073 51.990693706000059)",Unfall 165319 (2021) Kat:3, Licht: 0,165319,3,3,5,5,13,5,1,0,1,1,0,0,0,0
"POINT (7.613687015000039 51.967219376000060)",Unfall 165325 (2021) Kat:2, Licht: 0,165325,2,7,0,6,17,7,0,0,1,0,0,0,0,0
"POINT (7.641777597000043 51.937620509000055)",Unfall 165327 (2021) Kat:3, Licht: 0,165327,3,7,9,3,8,6,0,0,1,0,0,0,0,0
"POINT (7.628562793000071 51.937736835000067)",Unfall 165330 (2021) Kat:3, Licht: 1,165330,3,3,5,3,18,6,0,1,1,0,0,0,0,0