WKT,Name,OBJECTID,UKATEGORIE,UTYP1,UART,UMONAT,USTUNDE,UWOCHENTAG,STRZUSTAND,ULICHTVERH,ISTRAD,ISTPKW,ISTFUSS,ISTKRAD,ISTGKFZ,ISTSONSTIG
"POINT (7.623359854000057 51.973757103000082)",Unfall 165333 (2021) Kat:2, Licht: 0,165333,2,1,0,2,13,4,0,0,1,0,0,0,0,0
"POINT (7.626960570000051 51.904043439000077)",Unfall 165335 (2021) Kat:3, Licht: 0,165335,3,3,5,9,19,5,0,0,1,1,0,0,0,0
"POINT (7.648791016000075 51.982977521000066)",Unfall 165336 (2021) Kat:3, Licht: 0,165336,3,7,6,2,8,2,2,0,0,1,1,0,0,0
"POINT (7.647751832000040 51.968661951000058)",Unfall 165340 (2021) Kat:3, Licht: 1,165340,3,3,5,9,18,3,0,1,1,1,0,0,0,0
"POINT (7.621770980000065 51.921308985000053)",Unfall 165344 (2021) Kat:2, Licht: 0,165344,2,3,5,3,13,2,0,0,1,1,0,0,0,0
"POINT (7.637307680000049 51.958498910000060)",Unfall 165346 (2021) Kat:3, Licht: 1,165346,3,7,6,4,19,6,0,1,0,1,1,0,0,0
"POINT (7.617442661000041 51.993075284000042)",Unfall 165353 (2021) Kat:2, Licht: 0,165353,2,2,6,1,15,2,0,0,0,1,1,0,0,0
"POINT (7.635367069000040 51.940179619000048)",Unfall 165355 (2021) Kat:2, Licht: 0,165355,2,3,0,11,9,6,1,0,1,1,0,0,0,0
"POINT (7.630011931000070 51.967886204000081)",Unfall 165356 (2021) Kat:3, Licht: 0,165356,3,3,5,9,10,4,1,0,1,1,0,0,0,0
"POINT (7.688478102000033 51.911527973000034)",Unfall 165366 (2021) Kat:2, Licht: 0,165366,2,1,0,3,13,6,0,0,1,0,0,0,0,0
"POINT (7.633519330000070 51.955334713000070)",Unfall 165379 (2021) Kat:3, Licht: 0,165379,3,4,0,11,8,5,0,0,1,0,1,0,0,0
"POINT (7.728339665000021 51.917707096000072)",Unfall 165383 (2021) Kat:3, Licht: 0,165383,3,3,5,10,10,6,0,0,0,1,0,0,0,0
"POINT (7.623356375000071 51.966902751000077)",Unfall 165385 (2021) Kat:2, Licht: 0,165385,2,1,5,6,14,6,0,0,0,1,0,0,0,1
"POINT (7.638943009000059 51.907210769000073)",Unfall 165387 (2021) Kat:3, Licht: 0,165387,3,1,1,10,15,3,0,0,0,1,0,0,0,0
"POINT (7.626179435000040 51.896943903000079)",Unfall 165390 (2021) Kat:2, Licht: 2,165390,2,2,6,12,18,6,1,2,0,1,1,0,0,0
"POINT (7.620114685000033 51.941456094000046)",Unfall 165396 (2021) Kat:3, Licht: 2,165396,3,7,0,9,21,4,0,2,0,0,1,0,0,1
"POINT (7.635680585000046 51.914494609000030)",Unfall 165398 (2021) Kat:3, Licht: 1,165398,3,1,2,12,15,6,0,1,0,1,0,1,0,0
"POINT (7.632137816000068 51.951895219000050)",Unfall 165407 (2021) Kat:3, Licht: 2,165407,3,1,0,5,3,7,0,2,0,0,0,0,0,1
"POINT (7.629938584000058 51.967471570000043)",Unfall 165409 (2021) Kat:3, Licht: 0,165409,3,2,5,6,18,3,0,0,1,1,0,0,0,0
"POINT (7.662918734000073 51.956960888000026)",Unfall 165413 (2021) Kat:3, Licht: 0,165413,3,3,3,9,15,2,0,0,1,0,0,1,0,0
"POINT (7.634165579000069 51.950605992000078)",Unfall 165432 (2021) Kat:3, Licht: 1,165432,3,2,5,2,18,4,0,1,1,1,0,0,0,0
"POINT (7.620471679000048 51.957567545000074)",Unfall 165434 (2021) Kat:3, Licht: 0,165434,3,3,5,10,12,4,0,0,1,1,0,0,0,0
"POINT (7.638094905000059 51.955575441000065)",Unfall 165436 (2021) Kat:3, Licht: 0,165436,3,1,0,9,17,2,0,0,1,0,0,0,0,0
"POINT (7.654113883000036 51.947855613000058)",Unfall 165437 (2021) Kat:3, Licht: 2,165437,3,1,0,12,7,6,2,2,0,0,0,1,0,0
"POINT (7.624534331000064 51.939413502000036)",Unfall 165438 (2021) Kat:2, Licht: 0,165438,2,1,0,9,13,6,0,0,1,0,0,0,0,0
"POINT (7.635772991000067 51.960309728000027)",Unfall 165445 (2021) Kat:3, Licht: 2,165445,3,2,3,11,17,6,1,2,0,1,0,0,0,1
"POINT (7.671334177000062 51.933442924000076)",Unfall 165450 (2021) Kat:3, Licht: 0,165450,3,6,4,2,13,6,0,0,0,1,0,0,0,0
"POINT (7.614483361000055 51.943375057000026)",Unfall 165453 (2021) Kat:3, Licht: 0,165453,3,1,0,11,7,3,1,0,1,0,0,0,0,0
"POINT (7.632908259000033 51.955759186000080)",Unfall 165455 (2021) Kat:3, Licht: 0,165455,3,6,1,11,8,4,0,0,0,1,0,0,0,1
"POINT (7.629072318000055 51.959834201000035)",Unfall 165457 (2021) Kat:3, Licht: 0,165457,3,1,5,4,11,5,0,0,1,0,0,0,0,0
"POINT (7.658527817000049 51.933919703000072)",Unfall 165462 (2021) Kat:3, Licht: 0,165462,3,1,0,9,7,5,0,0,1,0,0,0,0,0
"POINT (7.647451261000072 51.931409075000033)",Unfall 165466 (2021) Kat:3, Licht: 0,165466,3,3,0,6,15,4,0,0,1,0,0,0,0,1
"POINT (7.645610970000064 51.969340827000053)",Unfall 165467 (2021) Kat:3, Licht: 0,165467,3,1,0,5,18,1,0,0,1,0,0,0,0,0
"POINT (7.621594684000058 51.960850563000065)",Unfall 165473 (2021) Kat:3, Licht: 0,165473,3,6,2,6,10,5,0,0,1,0,0,0,0,0
"POINT (7.638097194000068 51.964616197000055)",Unfall 165475 (2021) Kat:3, Licht: 0,165475,3,2,5,11,14,4,1,0,1,1,0,0,0,0
"POINT (7.702633285000047 51.988571129000036)",Unfall 165486 (2021) Kat:2, Licht: 0,165486,2,3,5,6,18,7,0,0,1,1,0,0,0,0
"POINT (7.660378665000053 51.953876202000060)",Unfall 165489 (2021) Kat:2, Licht: 0,165489,2,1,0,9,10,2,0,0,1,0,0,0,0,0
"POINT (7.622921354000027 51.928724642000077)",Unfall 165499 (2021) Kat:3, Licht: 1,165499,3,7,6,10,17,3,0,1,0,1,1,0,0,0
"POINT (7.627407938000033 51.954590834000044)",Unfall 165501 (2021) Kat:3, Licht: 2,165501,3,2,6,2,20,5,0,2,0,1,1,0,0,0
"POINT (7.615571092000039 51.926946765000082)",Unfall 165507 (2021) Kat:2, Licht: 0,165507,2,1,0,10,18,2,0,0,1,0,0,0,0,0
"POINT (7.632598828000027 51.953756365000061)",Unfall 165510 (2021) Kat:3, Licht: 2,165510,3,2,5,11,16,3,1,2,1,0,0,0,0,1
"POINT (7.629548329000045 51.939618733000032)",Unfall 165516 (2021) Kat:3, Licht: 0,165516,3,4,6,3,14,3,0,0,0,1,1,0,0,0
"POINT (7.654570988000046 51.992223134000028)",Unfall 165517 (2021) Kat:3, Licht: 0,165517,3,3,5,5,13,3,0,0,1,0,0,1,0,0
"POINT (7.626098165000030 51.960636053000030)",Unfall 165519 (2021) Kat:2, Licht: 0,165519,2,1,0,4,16,5,1,0,1,0,0,0,0,0
"POINT (7.619298127000036 51.952769610000075)",Unfall 165527 (2021) Kat:3, Licht: 2,165527,3,1,0,2,23,3,0,2,1,0,0,0,0,0
"POINT (7.652964357000030 51.963705046000030)",Unfall 165530 (2021) Kat:3, Licht: 0,165530,3,7,0,12,11,2,2,0,1,0,0,0,0,0
"POINT (7.618194809000045 51.932677913000077)",Unfall 165535 (2021) Kat:3, Licht: 0,165535,3,3,5,5,11,7,1,0,0,1,0,0,0,0
"POINT (7.710621512000046 51.992997491000040)",Unfall 165540 (2021) Kat:3, Licht: 0,165540,3,7,6,7,19,4,1,0,0,1,1,0,0,0
"POINT (7.659144856000069 51.969405289000065)",Unfall 165543 (2021) Kat:2, Licht: 0,165543,2,3,5,5,11,6,0,0,1,1,0,0,0,0
"POINT (7.615644957000029 51.963947616000041)",Unfall 165546 (2021) Kat:2, Licht: 0,165546,2,1,0,11,8,6,1,0,1,0,1,0,0,0
"POINT (7.633570847000044 51.960202017000029)",Unfall 165548 (2021) Kat:3, Licht: 0,165548,3,3,0,7,8,2,1,0,1,0,0,0,0,0
"POINT (7.628141245000052 51.962166096000033)",Unfall 165551 (2021) Kat:3, Licht: 2,165551,3,7,0,10,3,1,1,2,0,0,0,0,0,1
"POINT (7.630565094000076 51.932999943000027)",Unfall 165552 (2021) Kat:3, Licht: 2,165552,3,1,8,10,22,3,0,2,1,0,0,0,0,0
"POINT (7.623352125000054 51.966945962000068)",Unfall 165555 (2021) Kat:3, Licht: 2,165555,3,4,6,1,19,4,1,2,0,1,1,0,0,0
"POINT (7.648561267000048 51.952444913000079)",Unfall 165558 (2021) Kat:3, Licht: 0,165558,3,3,5,6,12,4,0,0,1,1,0,0,0,0
"POINT (7.626547826000035 51.956457854000064)",Unfall 165560 (2021) Kat:3, Licht: 2,165560,3,3,5,11,5,1,1,2,1,0,0,0,0,0
"POINT (7.635224552000068 51.935818200000028)",Unfall 165569 (2021) Kat:3, Licht: 0,165569,3,6,6,10,9,5,0,0,0,0,1,0,0,1
"POINT (7.651062230000036 51.989195130000041)",Unfall 165572 (2021) Kat:3, Licht: 0,165572,3,6,4,5,16,2,0,0,1,1,0,0,0,0
"POINT (7.623946547000060 51.968019759000072)",Unfall 165574 (2021) Kat:3, Licht: 0,165574,3,1,5,7,16,5,0,0,1,1,0,0,0,0
"POINT (7.631247519000055 51.970092088000058)",Unfall 165575 (2021) Kat:3, Licht: 2,165575,3,7,3,12,5,4,1,2,1,1,0,0,0,0
"POINT (7.677925951000077 51.922276881000073)",Unfall 165577 (2021) Kat:3, Licht: 2,165577,3,1,6,10,2,7,0,2,1,0,1,0,0,0
"POINT (7.620908265000025 51.945084842000028)",Unfall 165580 (2021) Kat:3, Licht: 0,165580,3,3,0,9,11,5,0,0,1,1,0,0,0,0
"POINT (7.639821962000042 51.992881962000070)",Unfall 165583 (2021) Kat:3, Licht: 0,165583,3,7,6,1,16,4,0,0,0,0,1,0,0,1
"POINT (7.669635251000045 51.954721571000050)",Unfall 165586 (2021) Kat:3, Licht: 0,165586,3,3,5,6,20,5,1,0,1,0,0,0,0,0
"POINT (7.617902751000031 51.957445552000081)",Unfall 165589 (2021) Kat:3, Licht: 0,165589,3,3,5,10,13,7,0,0,0,1,0,0,0,1
"POINT (7.633721837000053 51.926742889000082)",Unfall 165591 (2021) Kat:3, Licht: 0,165591,3,6,2,5,14,6,0,0,0,1,0,0,0,0
"POINT (7.629818302000047 51.958300441000063)",Unfall 165593 (2021) Kat:3, Licht: 2,165593,3,1,8,9,5,7,0,2,0,0,0,0,0,1
"POINT (7.631083440000054 51.966797928000062)",Unfall 165594 (2021) Kat:2, Licht: 0,165594,2,3,4,4,17,3,0,0,1,0,0,0,0,1
"POINT (7.702643456000033 51.988618301000031)",Unfall 165595 (2021) Kat:3, Licht: 0,165595,3,3,5,4,11,3,1,0,0,1,0,1,0,0
"POINT (7.658495066000057 51.906256445000054)",Unfall 165598 (2021) Kat:3, Licht: 0,165598,3,3,5,10,11,6,0,0,1,1,0,0,0,0
"POINT (7.615753119000033 51.967694979000044)",Unfall 165600 (2021) Kat:3, Licht: 1,165600,3,7,1,3,18,2,0,1,1,1,0,0,0,0
"POINT (7.631465110000022 51.904170423000039)",Unfall 165602 (2021) Kat:3, Licht: 1,165602,3,7,6,11,7,4,1,1,1,0,1,0,0,0
"POINT (7.620494175000033 51.957587232000037)",Unfall 165608 (2021) Kat:3, Licht: 0,165608,3,3,5,6,13,6,0,0,1,1,0,0,0,0
"POINT (7.638315418000047 51.972297636000064)",Unfall 165610 (2021) Kat:3, Licht: 0,165610,3,3,5,10,15,3,1,0,1,0,0,0,0,0
"POINT (7.649643171000037 51.952277676000051)",Unfall 165611 (2021) Kat:3, Licht: 0,165611,3,5,1,7,20,1,0,0,1,1,0,0,0,0
"POINT (7.626368839000065 51.965306641000041)",Unfall 165612 (2021) Kat:3, Licht: 2,165612,3,6,4,7,3,2,0,2,1,0,0,0,0,0
"POINT (7.636425330000066 51.967528762000029)",Unfall 165619 (2021) Kat:3, Licht: 0,165619,3,3,0,5,11,6,0,0,1,0,0,0,0,0
"POINT (7.614850836000073 51.961958352000067)",Unfall 165626 (2021) Kat:3, Licht: 2,165626,3,7,6,10,18,7,0,2,0,1,1,0,0,0
"POINT (7.629344845000048 51.971559582000054)",Unfall 165629 (2021) Kat:3, Licht: 1,165629,3,5,3,10,18,2,0,1,1,1,0,0,0,0
"POINT (7.619858359000034 52.035892988000057)",Unfall 168891 (2021) Kat:3, Licht: 0,168891,3,3,5,7,7,1,0,0,1,1,0,0,0,0
"POINT (7.633995846000062 51.952855881000062)",Unfall 168925 (2021) Kat:3, Licht: 0,168925,3,6,0,7,11,1,0,0,1,0,0,0,0,0
"POINT (7.635990184000036 51.937057530000061)",Unfall 168934 (2021) Kat:3, Licht: 2,168934,3,7,0,7,22,3,1,2,1,0,0,0,0,0
"POINT (7.628982346000043 51.972176398000045)",Unfall 168986 (2021) Kat:2, Licht: 2,168986,2,6,3,7,0,4,0,2,1,0,0,0,0,0
"POINT (7.631389368000043 51.964812525000070)",Unfall 168999 (2021) Kat:3, Licht: 0,168999,3,1,7,8,9,3,0,0,1,0,0,0,0,0
"POINT (7.626551138000025 51.956506173000037)",Unfall 169018 (2021) Kat:3, Licht: 0,169018,3,2,0,7,17,3,0,0,1,0,0,0,0,0
"POINT (7.622808489000022 51.928089890000081)",Unfall 169052 (2021) Kat:3, Licht: 0,169052,3,4,6,8,15,3,1,0,0,0,1,0,0,1
"POINT (7.610475662000056 51.961847702000057)",Unfall 169092 (2021) Kat:3, Licht: 0,169092,3,7,0,7,17,6,0,0,1,0,0,0,0,0
"POINT (7.664501522000023 52.021726673000046)",Unfall 169098 (2021) Kat:3, Licht: 0,169098,3,1,0,5,14,1,0,0,1,0,0,0,0,0
"POINT (7.640749904000074 51.971542578000026)",Unfall 169119 (2021) Kat:2, Licht: 2,169119,2,7,1,8,3,6,0,2,1,1,0,0,0,0
"POINT (7.602554296000051 51.959583893000058)",Unfall 169136 (2021) Kat:3, Licht: 0,169136,3,2,3,8,15,2,0,0,1,1,0,0,0,0
"POINT (7.630165142000067 51.968235279000055)",Unfall 169151 (2021) Kat:3, Licht: 0,169151,3,3,6,8,15,3,0,0,0,1,1,0,0,0
"POINT (7.658478460000026 51.906034838000039)",Unfall 169243 (2021) Kat:3, Licht: 0,169243,3,3,5,7,12,6,0,0,0,1,0,0,0,0
"POINT (7.616571102000023 51.961930706000032)",Unfall 169305 (2021) Kat:3, Licht: 2,169305,3,1,0,8,0,1,1,2,0,0,0,0,0,1
"POINT (7.632779446000029 51.955743480000081)",Unfall 169338 (2021) Kat:3, Licht: 0,169338,3,6,2,8,14,4,0,0,0,1,0,0,0,1
"POINT (7.633497977000047 51.898568853000029)",Unfall 169372 (2021) Kat:3, Licht: 0,169372,3,5,1,4,8,6,0,0,1,1,0,0,0,0
"POINT (7.613690260000055 51.917216045000032)",Unfall 169444 (2021) Kat:3, Licht: 0,169444,3,3,5,7,6,3,0,0,1,1,0,0,0,0
"POINT (7.560797617000048 51.971005630000036)",Unfall 169451 (2021) Kat:3, Licht: 0,169451,3,3,5,6,13,3,0,0,1,1,0,0,0,0
"POINT (7.603557680000051 51.969018000000062)",Unfall 169476 (2021) Kat:3, Licht: 0,169476,3,3,5,5,15,4,0,0,1,1,0,0,0,0
"POINT (7.659073272000057 51.954355256000042)",Unfall 169537 (2021) Kat:3, Licht: 0,169537,3,6,4,8,13,6,0,0,1,0,0,0,0,0
"POINT (7.625962256000037 51.959090703000072)",Unfall 169549 (2021) Kat:3, Licht: 0,169549,3,7,6,7,16,7,0,0,0,1,1,0,0,0
"POINT (7.646978376000050 51.937455297000042)",Unfall 169558 (2021) Kat:3, Licht: 2,169558,3,5,1,6,1,1,0,2,0,0,0,0,0,1
"POINT (7.586817061000033 51.959231453000029)",Unfall 169583 (2021) Kat:3, Licht: 2,169583,3,1,0,7,2,1,0,2,1,0,0,0,0,0
"POINT (7.629171205000034 51.973521548000065)",Unfall 169641 (2021) Kat:3, Licht: 0,169641,3,7,1,8,12,2,0,0,1,1,0,0,0,0
"POINT (7.607358468000029 51.947547288000067)",Unfall 169668 (2021) Kat:3, Licht: 0,169668,3,2,4,8,18,7,0,0,0,1,0,0,0,1
"POINT (7.608183000000054 51.961182448000045)",Unfall 169703 (2021) Kat:3, Licht: 0,169703,3,2,5,8,19,4,1,0,1,0,0,0,0,1
"POINT (7.627305165000053 51.958557160000055)",Unfall 169748 (2021) Kat:3, Licht: 0,169748,3,7,0,8,9,7,0,0,1,0,0,0,0,0
"POINT (7.650264090000064 51.952115517000038)",Unfall 169822 (2021) Kat:3, Licht: 2,169822,3,6,4,6,2,1,0,2,1,0,1,0,0,0
"POINT (7.659725499000047 51.967667665000079)",Unfall 169841 (2021) Kat:3, Licht: 0,169841,3,6,2,7,12,4,0,0,0,1,0,0,0,0
"POINT (7.643967806000035 51.954992414000060)",Unfall 169848 (2021) Kat:3, Licht: 0,169848,3,5,0,8,7,5,0,0,1,1,0,0,0,0
"POINT (7.608613084000069 51.943944403000046)",Unfall 169873 (2021) Kat:3, Licht: 0,169873,3,3,5,8,12,2,0,0,1,1,0,0,0,0
"POINT (7.624339969000062 51.964339411000026)",Unfall 169934 (2021) Kat:3, Licht: 2,169934,3,1,0,8,1,5,0,2,0,0,0,0,0,1
"POINT (7.533372687000053 51.982468520000054)",Unfall 170047 (2021) Kat:3, Licht: 0,170047,3,7,0,8,17,2,0,0,1,1,0,0,0,0
"POINT (7.633639462000076 51.965486447000046)",Unfall 170083 (2021) Kat:3, Licht: 0,170083,3,1,0,7,18,1,1,0,1,0,0,0,0,0
"POINT (7.633639462000076 51.965486447000046)",Unfall 170348 (2021) Kat:3, Licht: 2,170348,3,6,4,7,4,7,0,2,1,0,0,0,0,1
"POINT (7.657507096000074 51.958627415000080)",Unfall 170551 (2021) Kat:3, Licht: 0,170551,3,3,5,8,7,2,0,0,1,0,0,0,0,1
"POINT (7.630453590000059 51.955261037000071)",Unfall 170645 (2021) Kat:3, Licht: 0,170645,3,4,6,7,16,4,0,0,0,1,1,0,0,0
"POINT (7.633639462000076 51.965486447000046)",Unfall 170924 (2021) Kat:3, Licht: 0,170924,3,1,0,7,18,1,1,0,1,0,0,0,0,0
"POINT (7.527364244000069 52.013722984000026)",Unfall 234534 (2021) Kat:3, Licht: 0,234534,3,6,4,7,19,4,0,0,1,1,0,0,0,0
"POINT (7.546123023000064 51.916966351000042)",Unfall 234541 (2021) Kat:3, Licht: 0,234541,3,6,8,2,14,3,0,0,1,0,0,0,1,0
"POINT (7.547911852000027 51.935807321000027)",Unfall 234543 (2021) Kat:2, Licht: 0,234543,2,1,0,2,8,6,2,0,1,0,0,0,0,0
"POINT (7.557957394000027 51.885413968000080)",Unfall 234545 (2021) Kat:3, Licht: 1,234545,3,2,5,3,18,6,0,1,1,1,0,0,0,0
"POINT (7.562040735000039 51.927332509000053)",Unfall 234547 (2021) Kat:2, Licht: 0,234547,2,1,0,12,9,5,2,0,1,0,0,0,0,0
"POINT (7.567298904000040 51.966661911000074)",Unfall 234548 (2021) Kat:2, Licht: 0,234548,2,3,5,4,16,3,0,0,1,0,0,0,0,0
"POINT (7.585132725000051 51.935285323000073)",Unfall 234551 (2021) Kat:3, Licht: 0,234551,3,6,4,11,13,3,0,0,1,0,0,0,0,0
"POINT (7.588971779000076 51.877134209000076)",Unfall 234552 (2021) Kat:3, Licht: 0,234552,3,2,0,10,15,1,0,0,1,0,0,1,0,0
"POINT (7.589067498000077 51.993019054000058)",Unfall 234553 (2021) Kat:3, Licht: 0,234553,3,1,0,11,15,3,0,0,1,0,0,0,0,0
"POINT (7.589671605000035 51.882933790000038)",Unfall 234554 (2021) Kat:3, Licht: 2,234554,3,1,0,1,19,6,1,2,1,0,0,0,0,0
"POINT (7.591376685000057 51.876911128000074)",Unfall 234555 (2021) Kat:3, Licht: 0,234555,3,5,1,6,16,3,0,0,1,0,0,0,0,0
"POINT (7.591823187000045 51.943990027000041)",Unfall 234556 (2021) Kat:2, Licht: 0,234556,2,7,0,4,12,3,0,0,1,0,1,0,0,0
"POINT (7.608570718000067 51.951883304000035)",Unfall 234560 (2021) Kat:3, Licht: 0,234560,3,1,0,3,8,3,0,0,1,0,0,0,0,0
"POINT (7.611830735000069 51.959654425000053)",Unfall 234562 (2021) Kat:3, Licht: 0,234562,3,3,5,6,17,6,0,0,1,1,0,0,0,0
"POINT (7.616046417000064 51.963027263000072)",Unfall 234565 (2021) Kat:3, Licht: 0,234565,3,7,7,6,15,7,0,0,1,0,1,0,0,0
"POINT (7.621544379000056 51.957397655000079)",Unfall 234568 (2021) Kat:3, Licht: 0,234568,3,6,1,11,12,4,1,0,1,0,0,0,0,0
"POINT (7.628575727000054 51.967884387000026)",Unfall 234570 (2021) Kat:3, Licht: 2,234570,3,1,0,2,5,2,2,2,1,0,0,0,0,0
"POINT (7.629093229000034 51.956976240000074)",Unfall 234571 (2021) Kat:3, Licht: 0,234571,3,1,4,3,17,4,0,0,1,0,0,0,0,0
"POINT (7.629570093000041 51.957173122000029)",Unfall 234572 (2021) Kat:3, Licht: 0,234572,3,4,6,6,16,1,0,0,1,0,1,0,0,0
"POINT (7.631571377000057 51.967827256000078)",Unfall 234573 (2021) Kat:3, Licht: 2,234573,3,4,0,9,20,5,0,2,1,0,1,0,0,0
"POINT (7.631839859000024 51.958910713000080)",Unfall 234574 (2021) Kat:3, Licht: 0,234574,3,3,5,3,17,3,0,0,1,0,0,0,0,0
"POINT (7.634229263000066 51.963876198000037)",Unfall 234575 (2021) Kat:3, Licht: 2,234575,3,6,0,11,18,5,0,2,1,0,0,0,0,0
"POINT (7.634464168000022 51.961796807000042)",Unfall 234576 (2021) Kat:3, Licht: 0,234576,3,7,0,7,6,3,1,0,1,0,0,0,0,0
"POINT (7.638283847000025 52.037515959000075)",Unfall 234578 (2021) Kat:2, Licht: 1,234578,2,6,9,10,17,7,0,1,1,0,1,0,0,0
"POINT (7.646711728000071 51.962465859000076)",Unfall 234580 (2021) Kat:3, Licht: 0,234580,3,3,5,10,14,4,0,0,1,0,0,0,0,0
"POINT (7.648704319000046 51.918566853000073)",Unfall 234581 (2021) Kat:3, Licht: 0,234581,3,6,2,9,14,1,0,0,1,0,0,0,0,0
"POINT (7.655069393000076 51.976096112000050)",Unfall 234583 (2021) Kat:3, Licht: 0,234583,3,6,0,6,7,4,0,0,1,0,0,0,0,0
"POINT (7.666463185000055 51.883881746000043)",Unfall 234590 (2021) Kat:3, Licht: 0,234590,3,6,3,6,15,1,0,0,1,0,0,0,0,0
"POINT (7.697339716000045 51.916179644000067)",Unfall 234596 (2021) Kat:3, Licht: 0,234596,3,7,4,6,14,6,0,0,1,0,0,0,0,0
"POINT (7.704395470000065 51.963189392000061)",Unfall 234600 (2021) Kat:3, Licht: 0,234600,3,7,0,9,9,2,0,0,1,0,0,0,0,0
"POINT (7.627651308000054 51.983210626000073)",Unfall 234972 (2021) Kat:3, Licht: 0,234972,3,6,4,8,17,3,1,0,1,0,0,0,0,0
"POINT (7.648569984000062 52.002037372000075)",Unfall 234973 (2021) Kat:3, Licht: 0,234973,3,7,0,8,7,2,0,0,1,0,0,0,0,0
"POINT (7.628982076000057 51.956930347000082)",Unfall 235008 (2021) Kat:3, Licht: 0,235008,3,6,0,8,20,3,0,0,1,0,0,0,0,0
"POINT (7.588150375000050 51.970389350000097)",Unfall 21968 (2022) Kat:3, Licht: 2,21968,3,2,5,01,06,4,0,2,1,1,0,0,0,0
"POINT (7.623128425000060 51.944252450000100)",Unfall 22904 (2022) Kat:3, Licht: 0,22904,3,3,5,01,12,4,1,0,1,1,0,0,0,0
"POINT (7.643831115000070 51.978907429000103)",Unfall 23216 (2022) Kat:3, Licht: 0,23216,3,6,3,01,14,7,0,0,1,0,0,0,0,0
"POINT (7.632805339000070 51.973084708999998)",Unfall 23321 (2022) Kat:3, Licht: 0,23321,3,2,5,01,11,2,0,0,1,1,0,0,0,0
"POINT (7.636284908000050 51.972511139000098)",Unfall 23378 (2022) Kat:3, Licht: 0,23378,3,6,2,01,14,4,1,0,0,1,0,0,0,0
"POINT (7.617611551000040 51.961878196000001)",Unfall 23852 (2022) Kat:3, Licht: 0,23852,3,2,5,01,15,2,0,0,1,1,0,0,0,0
"POINT (7.621893122000070 51.966499186000100)",Unfall 23975 (2022) Kat:3, Licht: 0,23975,3,7,5,01,14,2,0,0,1,0,1,0,0,0
"POINT (7.625892104000060 51.955723708999997)",Unfall 24297 (2022) Kat:3, Licht: 2,24297,3,3,0,01,22,1,1,2,1,1,0,0,0,0
"POINT (7.601902853000070 51.935161381999997)",Unfall 24420 (2022) Kat:3, Licht: 2,24420,3,6,1,01,07,2,0,2,0,1,0,0,0,0
"POINT (7.637486834000070 51.958798098000003)",Unfall 24602 (2022) Kat:3, Licht: 0,24602,3,7,5,01,13,4,1,0,1,1,0,0,0,0
"POINT (7.570443836000040 51.941680079999998)",Unfall 24693 (2022) Kat:3, Licht: 2,24693,3,6,2,01,17,3,1,2,0,1,0,0,0,1
"POINT (7.607853742000030 51.948839341999999)",Unfall 24706 (2022) Kat:3, Licht: 2,24706,3,1,7,01,07,5,0,2,1,0,0,0,0,0
"POINT (7.617611551000040 51.961878196000001)",Unfall 24746 (2022) Kat:3, Licht: 0,24746,3,3,0,01,11,5,0,0,1,1,0,0,0,0
"POINT (7.676381113000050 51.970693855000000)",Unfall 24772 (2022) Kat:3, Licht: 0,24772,3,2,1,01,08,4,1,0,0,1,0,0,0,0
"POINT (7.593420449000060 51.929961633000097)",Unfall 24837 (2022) Kat:3, Licht: 2,24837,3,6,1,01,17,2,0,2,0,1,0,0,0,0
"POINT (7.624413713000020 51.939120705000100)",Unfall 24918 (2022) Kat:3, Licht: 2,24918,3,6,2,01,16,5,0,2,0,1,0,0,0,0
"POINT (7.636284908000050 51.972511139000098)",Unfall 24956 (2022) Kat:3, Licht: 2,24956,3,2,5,01,06,6,1,2,0,1,1,0,0,0
"POINT (7.602828223000070 51.958152638000101)",Unfall 25003 (2022) Kat:3, Licht: 1,25003,3,6,2,01,08,5,1,1,0,1,0,0,0,0
"POINT (7.639223065000070 51.994051640000102)",Unfall 25029 (2022) Kat:3, Licht: 1,25029,3,2,5,01,16,2,1,1,1,1,0,0,0,0
"POINT (7.612568954000040 51.970001347000000)",Unfall 25033 (2022) Kat:3, Licht: 2,25033,3,1,1,01,17,1,1,2,1,1,0,0,0,0
"POINT (7.621060548000060 51.955175176000097)",Unfall 25037 (2022) Kat:3, Licht: 0,25037,3,6,1,01,14,7,0,0,0,1,0,0,0,0
"POINT (7.636451543000020 51.952618007000098)",Unfall 25115 (2022) Kat:3, Licht: 2,25115,3,6,2,01,17,3,0,2,0,1,0,1,0,0
"POINT (7.631777530000020 51.950813033000003)",Unfall 25210 (2022) Kat:3, Licht: 2,25210,3,7,0,01,05,7,0,2,0,0,0,0,0,1
"POINT (7.623668405000050 51.946806885000100)",Unfall 25211 (2022) Kat:3, Licht: 2,25211,3,3,5,01,20,4,1,2,1,1,0,0,0,0
"POINT (7.601718745000030 51.994919025000101)",Unfall 25280 (2022) Kat:3, Licht: 2,25280,3,3,5,01,07,3,1,2,1,1,0,0,0,0
"POINT (7.598763097000070 51.943259404000102)",Unfall 25290 (2022) Kat:3, Licht: 2,25290,3,2,5,01,19,6,1,2,1,1,0,0,0,0
"POINT (7.667599820000020 51.928560649000097)",Unfall 25345 (2022) Kat:3, Licht: 2,25345,3,2,5,01,17,3,0,2,0,1,1,0,0,0