WKT,Name,OBJECTID,UKATEGORIE,UTYP1,UART,UMONAT,USTUNDE,UWOCHENTAG,STRZUSTAND,ULICHTVERH,ISTRAD,ISTPKW,ISTFUSS,ISTKRAD,ISTGKFZ,ISTSONSTIG
"POINT (7.662816636000060 51.987549909999998)",Unfall 25400 (2022) Kat:3, Licht: 0,25400,3,2,5,01,15,5,1,0,0,1,0,0,0,0
"POINT (7.618112742000050 51.998263204000096)",Unfall 25432 (2022) Kat:2, Licht: 1,25432,2,2,5,01,16,5,0,1,0,1,0,0,0,0
"POINT (7.671106552000030 51.929330422000099)",Unfall 25477 (2022) Kat:3, Licht: 2,25477,3,1,8,01,20,5,1,2,0,1,0,0,0,0
"POINT (7.632573302000030 51.937910082000002)",Unfall 25506 (2022) Kat:3, Licht: 2,25506,3,1,9,01,03,7,2,2,0,1,0,0,0,0
"POINT (7.610733836000070 51.942375810999998)",Unfall 25521 (2022) Kat:3, Licht: 0,25521,3,3,5,01,13,2,0,0,1,1,0,0,0,0
"POINT (7.539921662000040 51.988703489999999)",Unfall 25599 (2022) Kat:3, Licht: 2,25599,3,2,4,01,06,6,1,2,0,1,0,0,0,0
"POINT (7.633127563000070 51.908177281000100)",Unfall 25611 (2022) Kat:3, Licht: 0,25611,3,2,0,01,14,3,0,0,1,1,0,0,0,0
"POINT (7.668928587000040 51.997522251000099)",Unfall 25627 (2022) Kat:3, Licht: 2,25627,3,6,2,01,06,3,1,2,0,1,0,0,0,0
"POINT (7.671773884000060 51.924674504999999)",Unfall 25657 (2022) Kat:3, Licht: 0,25657,3,6,2,01,11,6,1,0,0,1,0,0,0,0
"POINT (7.662117916000060 51.994899743000097)",Unfall 25677 (2022) Kat:3, Licht: 0,25677,3,3,5,01,09,5,1,0,1,1,0,0,0,0
"POINT (7.629773442000040 51.983605050000101)",Unfall 25693 (2022) Kat:3, Licht: 1,25693,3,3,8,01,17,4,1,1,0,1,0,0,0,0
"POINT (7.611066499000060 51.951641584000100)",Unfall 25708 (2022) Kat:3, Licht: 0,25708,3,1,6,01,12,4,0,0,0,1,1,0,0,0
"POINT (7.649608299000020 51.964545224000098)",Unfall 25744 (2022) Kat:3, Licht: 1,25744,3,1,0,01,16,2,1,1,1,0,0,0,0,0
"POINT (7.624708944000080 51.950065238000001)",Unfall 25749 (2022) Kat:3, Licht: 0,25749,3,4,0,01,11,5,0,0,1,0,1,0,0,0
"POINT (7.624693133000050 51.906173673000097)",Unfall 25750 (2022) Kat:3, Licht: 0,25750,3,6,0,01,08,2,1,0,0,1,0,0,0,1
"POINT (7.639393355000040 51.957988227000001)",Unfall 25780 (2022) Kat:3, Licht: 0,25780,3,6,3,01,15,3,0,0,1,1,0,0,0,0
"POINT (7.619658486000050 51.957332657999999)",Unfall 25888 (2022) Kat:3, Licht: 2,25888,3,1,0,01,03,7,1,2,0,0,0,0,0,1
"POINT (7.699256927000020 51.986225945999998)",Unfall 25894 (2022) Kat:3, Licht: 0,25894,3,4,6,01,11,6,1,0,0,1,1,0,0,0
"POINT (7.728305785000030 51.921344714999996)",Unfall 25918 (2022) Kat:3, Licht: 0,25918,3,3,0,01,07,6,1,0,1,1,0,0,0,0
"POINT (7.584494190000040 51.935585635999999)",Unfall 25935 (2022) Kat:3, Licht: 0,25935,3,1,0,02,08,4,0,0,1,0,0,0,0,0
"POINT (7.614190419000070 51.974336316000098)",Unfall 26134 (2022) Kat:3, Licht: 0,26134,3,6,2,01,13,3,0,0,0,1,0,1,0,0
"POINT (7.629530582000030 51.944530212000103)",Unfall 26146 (2022) Kat:3, Licht: 0,26146,3,6,1,02,08,1,0,0,0,1,0,0,0,0
"POINT (7.600721565000070 51.976911219000002)",Unfall 26172 (2022) Kat:3, Licht: 2,26172,3,6,3,02,18,4,0,2,0,1,0,0,1,0
"POINT (7.634982973000040 51.959748044999998)",Unfall 26181 (2022) Kat:3, Licht: 0,26181,3,3,5,02,11,4,0,0,1,0,0,0,0,1
"POINT (7.598992882000060 51.990713927999998)",Unfall 26210 (2022) Kat:3, Licht: 2,26210,3,3,5,01,19,2,1,2,1,1,0,0,0,0
"POINT (7.626733255000030 51.932065401000003)",Unfall 26217 (2022) Kat:2, Licht: 1,26217,2,2,6,02,07,6,1,1,0,1,1,0,0,0
"POINT (7.711998540000020 51.994743659999997)",Unfall 26265 (2022) Kat:3, Licht: 2,26265,3,3,0,02,00,7,0,2,0,1,0,1,0,0
"POINT (7.605166116000020 51.927099437999999)",Unfall 26413 (2022) Kat:3, Licht: 0,26413,3,6,2,02,11,6,1,0,0,1,0,0,0,0
"POINT (7.577052676000050 51.857624744000098)",Unfall 26420 (2022) Kat:3, Licht: 2,26420,3,6,2,02,21,6,0,2,0,1,0,0,0,0
"POINT (7.555495777000030 51.915045159999998)",Unfall 26440 (2022) Kat:3, Licht: 2,26440,3,6,3,01,18,6,0,2,0,1,0,0,0,1
"POINT (7.623447512000040 51.860675315000002)",Unfall 26458 (2022) Kat:2, Licht: 2,26458,2,1,9,01,01,1,1,2,0,1,0,0,0,0
"POINT (7.629981777000070 51.924019907000101)",Unfall 26463 (2022) Kat:3, Licht: 0,26463,3,2,5,02,08,5,0,0,1,1,0,0,0,0
"POINT (7.634875053000030 51.962037969000100)",Unfall 26480 (2022) Kat:3, Licht: 0,26480,3,1,0,01,15,6,0,0,0,0,0,1,0,0
"POINT (7.637789105000020 51.973764295000102)",Unfall 26483 (2022) Kat:2, Licht: 0,26483,2,6,2,01,14,2,0,0,1,0,0,0,0,0
"POINT (7.588492931000080 51.984151507000000)",Unfall 26675 (2022) Kat:3, Licht: 2,26675,3,6,2,01,17,7,1,2,0,1,0,0,0,0
"POINT (7.629773442000040 51.983605050000101)",Unfall 26717 (2022) Kat:3, Licht: 0,26717,3,2,4,01,12,4,0,0,0,1,0,0,0,0
"POINT (7.626405320000060 51.955456648999998)",Unfall 26816 (2022) Kat:3, Licht: 0,26816,3,2,0,02,11,6,1,0,1,1,0,0,0,0
"POINT (7.626925530000050 51.955615404000099)",Unfall 26861 (2022) Kat:3, Licht: 0,26861,3,6,2,02,14,7,0,0,0,1,0,0,0,0
"POINT (7.589579454000050 51.928777091000001)",Unfall 26882 (2022) Kat:3, Licht: 0,26882,3,6,2,02,12,7,0,0,0,1,0,0,0,0
"POINT (7.611511656000060 51.986855890000101)",Unfall 26897 (2022) Kat:3, Licht: 1,26897,3,4,6,01,07,2,0,1,1,0,1,0,0,0
"POINT (7.588565112000030 51.967245262000098)",Unfall 27024 (2022) Kat:3, Licht: 0,27024,3,2,5,01,07,6,0,0,1,1,0,0,0,0
"POINT (7.588692285000040 51.965334809000097)",Unfall 27051 (2022) Kat:3, Licht: 2,27051,3,3,0,02,05,6,1,2,1,0,0,1,0,0
"POINT (7.644809343000080 51.980570620000002)",Unfall 27080 (2022) Kat:3, Licht: 2,27080,3,3,5,02,20,6,1,2,0,1,0,0,0,0
"POINT (7.630651678000050 51.963908447000101)",Unfall 27122 (2022) Kat:3, Licht: 2,27122,3,7,6,02,21,1,0,2,1,0,1,0,0,0
"POINT (7.637678611000070 51.973727158000003)",Unfall 27187 (2022) Kat:3, Licht: 0,27187,3,7,5,01,10,4,0,0,0,1,0,0,0,0
"POINT (7.636036113000050 51.959357707999999)",Unfall 27195 (2022) Kat:3, Licht: 0,27195,3,2,5,02,11,6,1,0,1,1,0,0,0,0
"POINT (7.640026012000020 51.957678770000001)",Unfall 27244 (2022) Kat:3, Licht: 0,27244,3,6,0,01,08,4,0,0,1,1,0,0,0,0
"POINT (7.588461076000040 51.968956243000001)",Unfall 27314 (2022) Kat:3, Licht: 0,27314,3,2,3,01,11,7,0,0,1,1,0,0,0,0
"POINT (7.626564100000050 51.974412444000102)",Unfall 27318 (2022) Kat:3, Licht: 2,27318,3,5,1,02,23,7,0,2,0,1,0,0,0,0
"POINT (7.618463466000040 51.959626788000001)",Unfall 27323 (2022) Kat:3, Licht: 2,27323,3,3,5,01,17,1,0,2,1,1,0,0,0,0
"POINT (7.604767272000060 51.884872768000001)",Unfall 27381 (2022) Kat:3, Licht: 2,27381,3,3,5,02,00,1,1,2,0,1,0,0,0,0
"POINT (7.567714328000020 51.955746456999996)",Unfall 27408 (2022) Kat:3, Licht: 1,27408,3,3,5,02,07,3,0,1,1,1,0,0,0,0
"POINT (7.640159676000050 51.971475247000100)",Unfall 27441 (2022) Kat:3, Licht: 0,27441,3,1,0,02,08,5,1,0,1,0,0,0,0,0
"POINT (7.644042093000050 51.962189144000000)",Unfall 27477 (2022) Kat:3, Licht: 0,27477,3,6,3,02,14,2,0,0,1,0,0,0,0,0
"POINT (7.615666950000050 51.966905044999997)",Unfall 27482 (2022) Kat:3, Licht: 1,27482,3,7,0,01,07,2,0,1,1,0,1,0,0,0
"POINT (7.609842220000080 51.938429918000097)",Unfall 27556 (2022) Kat:3, Licht: 0,27556,3,3,5,02,07,4,1,0,1,1,0,0,0,0
"POINT (7.632946998000020 51.913598688000000)",Unfall 27612 (2022) Kat:3, Licht: 0,27612,3,2,4,02,16,5,1,0,0,1,0,0,0,0
"POINT (7.602424137000070 51.920402236000001)",Unfall 27758 (2022) Kat:3, Licht: 0,27758,3,3,0,03,11,3,0,0,1,0,0,0,0,1
"POINT (7.632879779000060 51.953648938000100)",Unfall 27823 (2022) Kat:2, Licht: 2,27823,2,1,0,02,22,5,0,2,1,0,0,0,0,0
"POINT (7.619789858000050 51.940123163000102)",Unfall 27866 (2022) Kat:2, Licht: 0,27866,2,4,6,03,07,2,0,0,0,1,1,0,0,0
"POINT (7.519707126000070 52.013421337000104)",Unfall 27886 (2022) Kat:3, Licht: 0,27886,3,1,8,02,11,7,0,0,0,1,0,0,0,0
"POINT (7.621165414000070 51.966615418000103)",Unfall 27888 (2022) Kat:2, Licht: 1,27888,2,2,4,02,05,2,0,1,0,1,0,1,0,0
"POINT (7.567168338000040 51.995623631000100)",Unfall 27896 (2022) Kat:3, Licht: 0,27896,3,1,8,02,08,4,2,0,1,0,0,0,0,0
"POINT (7.677396606000060 51.981096387999997)",Unfall 27901 (2022) Kat:3, Licht: 0,27901,3,2,2,03,16,5,0,0,0,1,0,0,0,0
"POINT (7.585967147000080 51.927474261000000)",Unfall 27983 (2022) Kat:3, Licht: 0,27983,3,1,2,03,15,4,0,0,0,1,0,0,0,0
"POINT (7.631061459000020 51.973459099000102)",Unfall 28203 (2022) Kat:3, Licht: 0,28203,3,1,1,02,18,1,1,0,0,1,0,0,0,0
"POINT (7.712703399000080 51.938082921000003)",Unfall 28270 (2022) Kat:3, Licht: 0,28270,3,6,2,02,13,1,0,0,0,1,0,0,0,0
"POINT (7.625892104000060 51.955723708999997)",Unfall 28299 (2022) Kat:3, Licht: 0,28299,3,6,2,02,13,5,0,0,0,1,0,0,0,0
"POINT (7.642586026000060 51.956577967999998)",Unfall 28385 (2022) Kat:3, Licht: 2,28385,3,3,5,02,18,4,1,2,1,1,0,0,0,0
"POINT (7.565450918000070 51.905692952999999)",Unfall 28411 (2022) Kat:3, Licht: 2,28411,3,6,3,03,06,3,0,2,0,1,0,0,1,0
"POINT (7.722392220000070 51.911902888999997)",Unfall 28444 (2022) Kat:3, Licht: 2,28444,3,2,0,02,18,2,0,2,0,1,1,0,0,0
"POINT (7.611445104000040 51.985302047000097)",Unfall 28491 (2022) Kat:3, Licht: 0,28491,3,3,5,02,11,4,1,0,1,1,0,0,0,0
"POINT (7.712703399000080 51.938082921000003)",Unfall 28541 (2022) Kat:3, Licht: 2,28541,3,6,2,02,17,2,0,2,0,1,0,0,0,0
"POINT (7.559449723000060 51.917714040000099)",Unfall 28603 (2022) Kat:3, Licht: 2,28603,3,1,9,02,19,5,2,2,0,1,0,0,1,0
"POINT (7.591190870000050 51.982553343000099)",Unfall 28633 (2022) Kat:3, Licht: 0,28633,3,6,2,03,14,4,0,0,0,1,0,0,0,0
"POINT (7.640491123000060 51.975874363999999)",Unfall 28677 (2022) Kat:3, Licht: 0,28677,3,6,4,03,12,6,0,0,1,0,0,0,0,0
"POINT (7.609098534000050 52.009762060000099)",Unfall 28691 (2022) Kat:3, Licht: 0,28691,3,4,6,03,14,3,0,0,0,1,1,0,0,0
"POINT (7.616947913000050 51.966491410000103)",Unfall 28711 (2022) Kat:3, Licht: 2,28711,3,4,6,02,02,7,0,2,0,1,1,0,0,0
"POINT (7.618112742000050 51.998263204000096)",Unfall 28713 (2022) Kat:3, Licht: 0,28713,3,3,5,03,17,6,0,0,0,1,0,1,0,0
"POINT (7.608065875000020 51.974010057000001)",Unfall 28740 (2022) Kat:3, Licht: 0,28740,3,3,5,02,13,6,1,0,1,1,0,0,0,0
"POINT (7.602619372000050 51.968961935999999)",Unfall 28815 (2022) Kat:3, Licht: 0,28815,3,6,4,02,15,5,1,0,1,0,0,0,0,0
"POINT (7.558432926000020 51.919870136000000)",Unfall 28819 (2022) Kat:3, Licht: 0,28819,3,6,0,03,17,5,0,0,0,1,0,1,0,0
"POINT (7.625059502000060 51.951161580000097)",Unfall 28820 (2022) Kat:3, Licht: 0,28820,3,6,9,03,17,6,0,0,1,1,0,0,0,0
"POINT (7.577206404000040 52.007948134000102)",Unfall 28844 (2022) Kat:3, Licht: 0,28844,3,7,0,03,08,6,0,0,0,0,0,0,0,1
"POINT (7.650353649000070 51.904912299999999)",Unfall 28908 (2022) Kat:2, Licht: 2,28908,2,5,1,02,22,2,0,2,0,1,0,1,0,0
"POINT (7.637873353000030 51.957387949000100)",Unfall 28940 (2022) Kat:3, Licht: 2,28940,3,4,6,02,19,6,1,2,1,0,1,0,0,0
"POINT (7.608266208000030 51.950431962000003)",Unfall 28991 (2022) Kat:3, Licht: 0,28991,3,6,3,02,16,2,0,0,1,1,0,0,0,0
"POINT (7.640139404000020 51.953128655999997)",Unfall 28997 (2022) Kat:3, Licht: 2,28997,3,6,3,02,20,3,1,2,1,1,0,0,0,0
"POINT (7.607523687000030 51.932840087000002)",Unfall 29049 (2022) Kat:3, Licht: 0,29049,3,6,0,03,17,6,0,0,1,0,0,0,0,1
"POINT (7.632946998000020 51.913598688000000)",Unfall 29077 (2022) Kat:2, Licht: 0,29077,2,2,3,02,14,4,0,0,1,0,0,0,1,0
"POINT (7.625663269000030 51.934405965000103)",Unfall 29188 (2022) Kat:3, Licht: 0,29188,3,6,2,02,15,3,0,0,0,1,0,0,0,0
"POINT (7.570949985000030 51.884712548000003)",Unfall 29233 (2022) Kat:3, Licht: 0,29233,3,7,4,03,07,4,0,0,0,1,0,0,0,0
"POINT (7.588642685000020 51.986504679000099)",Unfall 29240 (2022) Kat:3, Licht: 0,29240,3,6,2,03,15,3,0,0,0,1,0,0,0,0
"POINT (7.617012387000050 51.966364310000102)",Unfall 29259 (2022) Kat:3, Licht: 2,29259,3,7,9,02,22,5,1,2,0,1,0,0,0,0
"POINT (7.593987847000050 51.965080220000097)",Unfall 29276 (2022) Kat:3, Licht: 2,29276,3,2,5,02,05,4,1,2,1,1,0,0,0,0
"POINT (7.633550025000030 51.969323334000102)",Unfall 29282 (2022) Kat:3, Licht: 0,29282,3,6,2,02,13,6,1,0,0,1,0,0,0,0
"POINT (7.583601234000070 51.926692909000103)",Unfall 29295 (2022) Kat:3, Licht: 0,29295,3,3,5,02,17,3,0,0,1,1,0,0,0,0
"POINT (7.633203526000050 51.959027510000098)",Unfall 29305 (2022) Kat:3, Licht: 0,29305,3,6,3,02,13,4,1,0,0,1,0,0,0,0
"POINT (7.520057529000040 51.976448851000001)",Unfall 29316 (2022) Kat:2, Licht: 2,29316,2,1,0,03,00,6,0,2,0,0,0,1,0,0
"POINT (7.602465264000050 51.959580905000102)",Unfall 29361 (2022) Kat:3, Licht: 0,29361,3,2,3,02,15,7,0,0,1,1,0,0,0,0
"POINT (7.606604994000070 51.973431080000097)",Unfall 29374 (2022) Kat:3, Licht: 2,29374,3,2,6,02,21,3,1,2,0,1,1,0,0,0
"POINT (7.625583554000060 51.955693734000100)",Unfall 29394 (2022) Kat:3, Licht: 0,29394,3,2,0,03,17,6,0,0,1,1,0,0,0,0
"POINT (7.644292985000050 51.962290656000100)",Unfall 29423 (2022) Kat:3, Licht: 0,29423,3,2,0,02,11,5,0,0,1,1,0,0,0,0
"POINT (7.648232860000060 51.990258091000001)",Unfall 29577 (2022) Kat:3, Licht: 0,29577,3,3,5,03,14,6,0,0,1,1,0,0,0,0
"POINT (7.596823843000040 51.964907476000100)",Unfall 29626 (2022) Kat:3, Licht: 0,29626,3,7,5,02,09,5,0,0,0,1,0,0,0,0
"POINT (7.617611551000040 51.961878196000001)",Unfall 29731 (2022) Kat:3, Licht: 2,29731,3,2,5,02,06,5,0,2,1,1,0,0,0,0
"POINT (7.648857361000070 51.964318646000002)",Unfall 29770 (2022) Kat:3, Licht: 0,29770,3,3,0,03,14,3,0,0,1,1,0,0,0,0
"POINT (7.627044746000020 51.931311786999999)",Unfall 30015 (2022) Kat:3, Licht: 0,30015,3,2,0,03,15,7,0,0,1,1,0,0,0,0
"POINT (7.683851239000030 51.928633568000102)",Unfall 30059 (2022) Kat:2, Licht: 0,30059,2,3,5,03,15,6,0,0,1,1,0,0,0,0
"POINT (7.619775026000070 51.955246355000000)",Unfall 30072 (2022) Kat:3, Licht: 0,30072,3,6,3,03,15,4,0,0,1,0,0,0,0,0
"POINT (7.625478486000080 51.994449549000102)",Unfall 30076 (2022) Kat:3, Licht: 2,30076,3,1,8,03,18,2,0,2,0,1,0,0,0,0
"POINT (7.660049969000060 51.980845797000001)",Unfall 30142 (2022) Kat:3, Licht: 0,30142,3,3,5,03,11,6,0,0,1,1,0,0,0,0
"POINT (7.629733700000030 51.954490484000097)",Unfall 30248 (2022) Kat:2, Licht: 2,30248,2,1,0,03,23,5,0,2,0,0,0,0,0,1
"POINT (7.588492931000080 51.984151507000000)",Unfall 30311 (2022) Kat:3, Licht: 2,30311,3,2,6,03,22,3,0,2,0,0,1,0,0,1
"POINT (7.624990718000050 51.937697264000100)",Unfall 30337 (2022) Kat:3, Licht: 2,30337,3,1,1,03,20,1,0,2,0,1,0,0,0,1
"POINT (7.608122653000070 51.993784351000002)",Unfall 30371 (2022) Kat:3, Licht: 0,30371,3,6,1,03,14,5,0,0,0,1,0,0,0,0
"POINT (7.602741052000060 51.968783952000102)",Unfall 30420 (2022) Kat:3, Licht: 2,30420,3,6,2,03,20,1,1,2,0,1,0,0,0,0
"POINT (7.617068122000030 51.954219293000101)",Unfall 30433 (2022) Kat:3, Licht: 0,30433,3,6,3,03,09,7,0,0,1,1,0,0,0,0
"POINT (7.527101705000060 51.924731723000001)",Unfall 30474 (2022) Kat:3, Licht: 0,30474,3,6,1,03,17,3,0,0,0,1,0,0,0,0
"POINT (7.526658608000050 51.923223651000100)",Unfall 30476 (2022) Kat:3, Licht: 0,30476,3,3,5,03,10,6,0,0,1,1,0,0,0,0
"POINT (7.541943493000080 51.990942016000098)",Unfall 30482 (2022) Kat:3, Licht: 2,30482,3,2,5,03,19,2,0,2,0,1,0,0,0,0
"POINT (7.644268375000020 51.992601850000000)",Unfall 30506 (2022) Kat:3, Licht: 0,30506,3,6,2,03,12,3,0,0,0,1,0,0,0,0
"POINT (7.601718745000030 51.994919025000101)",Unfall 30582 (2022) Kat:3, Licht: 0,30582,3,3,5,03,14,4,0,0,1,1,0,0,0,0
"POINT (7.611889150000020 51.979555464000001)",Unfall 30598 (2022) Kat:3, Licht: 0,30598,3,6,6,03,13,4,0,0,1,0,1,0,0,0
"POINT (7.601959183000080 51.935359570000102)",Unfall 30644 (2022) Kat:3, Licht: 0,30644,3,6,2,03,18,3,0,0,0,1,0,1,0,0
"POINT (7.612614445000080 51.967223138000101)",Unfall 30750 (2022) Kat:3, Licht: 2,30750,3,5,1,03,21,4,0,2,1,1,0,0,0,0
"POINT (7.725456560000050 51.915766876000099)",Unfall 30771 (2022) Kat:3, Licht: 0,30771,3,2,3,03,09,5,0,0,1,1,0,0,0,0
"POINT (7.621786638000060 51.993561436000000)",Unfall 30794 (2022) Kat:3, Licht: 0,30794,3,2,5,03,18,3,0,0,1,1,0,0,0,0
"POINT (7.619037586000050 51.959178151000103)",Unfall 30797 (2022) Kat:3, Licht: 0,30797,3,6,2,03,13,5,0,0,0,1,0,1,0,0
"POINT (7.620217440000030 51.993232794000100)",Unfall 30800 (2022) Kat:3, Licht: 0,30800,3,3,5,03,16,5,0,0,0,1,0,0,0,1
"POINT (7.602672261000070 51.935711266000098)",Unfall 30828 (2022) Kat:3, Licht: 0,30828,3,3,0,03,15,5,0,0,1,1,0,0,0,0
"POINT (7.611572620000060 51.983551411000100)",Unfall 30839 (2022) Kat:3, Licht: 0,30839,3,2,5,03,09,7,0,0,1,1,0,0,0,0
"POINT (7.556512405000030 52.000036185000098)",Unfall 30856 (2022) Kat:3, Licht: 0,30856,3,2,4,03,16,2,0,0,0,1,0,0,0,0
"POINT (7.652315627000060 51.939329104000102)",Unfall 30873 (2022) Kat:3, Licht: 0,30873,3,6,2,03,13,4,0,0,0,1,0,0,0,0
"POINT (7.649910580000040 51.954985339000103)",Unfall 31074 (2022) Kat:3, Licht: 0,31074,3,3,4,03,14,3,0,0,0,1,0,1,0,0
"POINT (7.625532105000050 51.952694258000101)",Unfall 31077 (2022) Kat:3, Licht: 0,31077,3,7,0,03,11,4,0,0,0,1,0,0,0,1
"POINT (7.601372428000050 51.935434808000103)",Unfall 31149 (2022) Kat:3, Licht: 0,31149,3,3,1,03,15,3,0,0,1,0,0,0,0,0
"POINT (7.617241859000050 51.966444657000103)",Unfall 31173 (2022) Kat:3, Licht: 0,31173,3,2,0,03,09,3,0,0,0,1,0,0,0,1
"POINT (7.527205767000050 51.900735447000002)",Unfall 31180 (2022) Kat:2, Licht: 0,31180,2,1,8,03,05,1,0,0,1,0,0,0,0,0
"POINT (7.619207489000080 51.966689383000102)",Unfall 31243 (2022) Kat:3, Licht: 2,31243,3,6,4,03,21,7,0,2,1,0,0,0,0,1
"POINT (7.598764743000060 51.964820604000103)",Unfall 31307 (2022) Kat:2, Licht: 0,31307,2,4,6,04,11,2,1,0,0,1,1,0,0,0
"POINT (7.646205922000040 51.982987815999998)",Unfall 31370 (2022) Kat:3, Licht: 0,31370,3,3,3,03,07,2,0,0,1,1,0,0,0,0
"POINT (7.546240379000040 51.990794397999998)",Unfall 31384 (2022) Kat:3, Licht: 2,31384,3,7,0,04,03,3,0,2,0,1,0,0,0,0
"POINT (7.647014565000060 51.963758355000003)",Unfall 31397 (2022) Kat:2, Licht: 2,31397,2,1,0,03,00,4,0,2,1,0,0,0,0,0
"POINT (7.625532105000050 51.952694258000101)",Unfall 31417 (2022) Kat:3, Licht: 0,31417,3,3,5,04,15,7,1,0,1,1,0,0,0,0
"POINT (7.627035315000060 51.955804205000000)",Unfall 31430 (2022) Kat:3, Licht: 0,31430,3,3,5,04,10,3,1,0,1,1,0,0,0,0
"POINT (7.631075715000070 51.953502544999999)",Unfall 31439 (2022) Kat:3, Licht: 2,31439,3,3,5,03,00,7,0,2,0,1,0,1,0,0
"POINT (7.592078214000030 51.930144515999999)",Unfall 31458 (2022) Kat:3, Licht: 0,31458,3,6,1,03,16,4,0,0,0,1,0,0,0,0
"POINT (7.646097640000050 51.992778858000101)",Unfall 31494 (2022) Kat:3, Licht: 2,31494,3,3,0,03,20,7,0,2,1,1,0,0,0,0
"POINT (7.617859732000060 51.964686761999999)",Unfall 31518 (2022) Kat:3, Licht: 0,31518,3,6,2,04,07,2,0,0,0,1,0,0,0,0
"POINT (7.619615603000060 51.955656228000102)",Unfall 31575 (2022) Kat:3, Licht: 0,31575,3,1,9,03,14,1,0,0,1,0,1,0,0,0
"POINT (7.627742479000060 51.943467532000099)",Unfall 31729 (2022) Kat:3, Licht: 0,31729,3,1,1,04,19,4,0,0,1,1,0,0,0,0
"POINT (7.677396606000060 51.981096387999997)",Unfall 31762 (2022) Kat:3, Licht: 0,31762,3,6,2,04,16,6,0,0,0,1,0,0,0,0
"POINT (7.609799276000050 51.974199566000003)",Unfall 31763 (2022) Kat:3, Licht: 0,31763,3,4,6,03,10,1,0,0,0,1,1,0,0,0
"POINT (7.575189070000020 51.885482990000099)",Unfall 31794 (2022) Kat:3, Licht: 0,31794,3,6,0,03,13,3,0,0,0,1,0,0,1,0
"POINT (7.654030123000040 51.931179149000101)",Unfall 31811 (2022) Kat:3, Licht: 0,31811,3,3,3,03,16,3,0,0,1,1,0,0,0,0
"POINT (7.594726177000040 51.988571720000003)",Unfall 31840 (2022) Kat:3, Licht: 0,31840,3,3,5,04,07,6,1,0,1,1,0,0,0,0
"POINT (7.623743413000060 51.965947256000000)",Unfall 31876 (2022) Kat:3, Licht: 0,31876,3,2,4,04,15,2,1,0,1,1,0,0,0,0
"POINT (7.591934776000070 51.939562270000103)",Unfall 31915 (2022) Kat:3, Licht: 0,31915,3,2,0,04,12,6,0,0,1,0,0,0,0,1
"POINT (7.633740283000070 51.962095966000000)",Unfall 32116 (2022) Kat:3, Licht: 0,32116,3,3,5,04,15,2,0,0,1,1,0,0,0,0
"POINT (7.706475015000020 51.911506159000098)",Unfall 32127 (2022) Kat:3, Licht: 0,32127,3,6,4,04,14,4,0,0,1,0,0,0,0,0
"POINT (7.605591382000060 51.974115371000003)",Unfall 32133 (2022) Kat:3, Licht: 0,32133,3,3,5,03,08,3,0,0,1,1,0,0,0,0
"POINT (7.615250803000040 51.949857629000100)",Unfall 32197 (2022) Kat:3, Licht: 0,32197,3,6,2,04,08,3,0,0,0,1,0,0,0,1
"POINT (7.659051926000070 51.954193227000097)",Unfall 32273 (2022) Kat:3, Licht: 0,32273,3,6,2,04,10,3,0,0,0,1,0,0,0,0
"POINT (7.630019481000030 51.964118225000000)",Unfall 32278 (2022) Kat:3, Licht: 0,32278,3,6,6,03,16,5,0,0,1,0,1,0,0,0
"POINT (7.635338714000060 51.962013861000102)",Unfall 32323 (2022) Kat:3, Licht: 0,32323,3,6,1,04,13,4,0,0,0,1,0,0,0,0
"POINT (7.619615605000040 51.955656224999998)",Unfall 32348 (2022) Kat:3, Licht: 0,32348,3,6,2,04,11,2,1,0,0,1,0,1,0,0
"POINT (7.681115752000040 51.929406970999999)",Unfall 32359 (2022) Kat:3, Licht: 0,32359,3,2,5,04,16,2,0,0,1,1,0,0,0,0
"POINT (7.628491076000050 51.964711637000100)",Unfall 32381 (2022) Kat:3, Licht: 2,32381,3,2,5,03,19,7,0,2,1,1,0,0,0,0
"POINT (7.625140109000030 51.951391592999997)",Unfall 32402 (2022) Kat:3, Licht: 0,32402,3,6,3,03,13,4,0,0,1,0,0,0,0,0
"POINT (7.637001698000060 51.961863268999998)",Unfall 32412 (2022) Kat:3, Licht: 0,32412,3,5,7,04,10,6,1,0,1,0,0,0,0,1
"POINT (7.637873353000030 51.957387949000100)",Unfall 32421 (2022) Kat:3, Licht: 0,32421,3,3,5,03,15,7,0,0,1,1,0,0,0,0
"POINT (7.645387859000040 51.945290753999998)",Unfall 32478 (2022) Kat:3, Licht: 0,32478,3,6,1,03,10,4,0,0,0,1,0,0,0,1
"POINT (7.645137845000020 51.945798160000002)",Unfall 32487 (2022) Kat:3, Licht: 0,32487,3,2,5,04,13,3,0,0,1,1,0,0,0,0
"POINT (7.651361535000040 51.905142837000000)",Unfall 32550 (2022) Kat:3, Licht: 0,32550,3,2,2,03,15,7,0,0,0,1,0,0,0,0
"POINT (7.627733108000030 51.911669293000003)",Unfall 32588 (2022) Kat:3, Licht: 0,32588,3,3,5,04,14,2,0,0,1,1,0,0,0,0
"POINT (7.625043586000060 51.936785934000099)",Unfall 32601 (2022) Kat:3, Licht: 0,32601,3,2,0,03,14,5,0,0,1,1,0,0,0,0
"POINT (7.590513923000060 51.973716471000003)",Unfall 32604 (2022) Kat:2, Licht: 0,32604,2,3,5,04,12,7,1,0,1,1,0,0,0,0