WKT,Name,OBJECTID,UKATEGORIE,UTYP1,UART,UMONAT,USTUNDE,UWOCHENTAG,STRZUSTAND,ULICHTVERH,ISTRAD,ISTPKW,ISTFUSS,ISTKRAD,ISTGKFZ,ISTSONSTIG
"POINT (7.624649603000020 51.938967613000003)",Unfall 32669 (2022) Kat:3, Licht: 0,32669,3,6,1,05,14,2,0,0,0,1,0,0,0,0
"POINT (7.626899663000070 51.956048113000101)",Unfall 32670 (2022) Kat:3, Licht: 1,32670,3,3,5,04,06,4,0,1,1,1,0,0,0,0
"POINT (7.606230315000060 51.949441583000102)",Unfall 32725 (2022) Kat:3, Licht: 0,32725,3,7,0,04,14,2,1,0,0,0,0,1,0,0
"POINT (7.636341970000050 51.952351079000003)",Unfall 32736 (2022) Kat:3, Licht: 0,32736,3,6,2,04,18,7,0,0,0,1,0,0,0,0
"POINT (7.635747145000040 51.937803778000003)",Unfall 32740 (2022) Kat:2, Licht: 2,32740,2,1,0,04,01,7,0,2,1,0,0,0,0,0
"POINT (7.617727013000040 51.961191385000099)",Unfall 32748 (2022) Kat:3, Licht: 0,32748,3,6,2,05,18,2,0,0,0,1,0,0,0,1
"POINT (7.611511656000060 51.986855890000101)",Unfall 32800 (2022) Kat:3, Licht: 0,32800,3,7,0,04,13,6,0,0,0,0,0,0,0,1
"POINT (7.631552015000070 51.957457042000001)",Unfall 32828 (2022) Kat:3, Licht: 0,32828,3,2,5,04,08,4,0,0,1,0,0,0,0,0
"POINT (7.550113252000070 51.941911705000102)",Unfall 32881 (2022) Kat:2, Licht: 2,32881,2,6,3,04,21,2,0,2,0,1,0,0,0,0
"POINT (7.616081369000030 52.017053416000103)",Unfall 32895 (2022) Kat:3, Licht: 0,32895,3,6,9,04,18,7,0,0,0,1,0,1,0,0
"POINT (7.534383311000060 51.954707384000102)",Unfall 33045 (2022) Kat:3, Licht: 0,33045,3,1,0,04,14,7,0,0,1,0,0,0,0,0
"POINT (7.634055180000080 51.966547243000001)",Unfall 33113 (2022) Kat:3, Licht: 0,33113,3,4,6,04,13,4,0,0,0,1,1,0,0,0
"POINT (7.589579454000050 51.928777091000001)",Unfall 33180 (2022) Kat:3, Licht: 2,33180,3,3,5,04,21,3,0,2,1,1,0,0,0,0
"POINT (7.660815440000020 51.953727370000102)",Unfall 33243 (2022) Kat:3, Licht: 0,33243,3,6,2,04,15,1,0,0,0,1,0,1,0,0
"POINT (7.664321460000050 51.990324682000100)",Unfall 33268 (2022) Kat:3, Licht: 0,33268,3,2,5,04,11,5,0,0,1,0,0,0,0,1
"POINT (7.623668405000050 51.946806885000100)",Unfall 33447 (2022) Kat:3, Licht: 0,33447,3,2,3,04,19,3,0,0,1,1,0,0,0,0
"POINT (7.623335477000070 51.943336803000101)",Unfall 33451 (2022) Kat:3, Licht: 0,33451,3,4,3,05,16,2,0,0,1,0,1,0,0,0
"POINT (7.659532320000040 51.934404282999999)",Unfall 33466 (2022) Kat:2, Licht: 1,33466,2,1,8,05,06,1,0,1,0,1,0,0,0,1
"POINT (7.557804786000080 51.871641335000000)",Unfall 33475 (2022) Kat:2, Licht: 0,33475,2,1,8,04,19,3,0,0,0,1,0,0,0,0
"POINT (7.708462754000040 51.911213076000102)",Unfall 33517 (2022) Kat:2, Licht: 0,33517,2,3,7,05,12,7,0,0,1,1,0,0,0,0
"POINT (7.594726177000040 51.988571720000003)",Unfall 33559 (2022) Kat:3, Licht: 0,33559,3,3,5,04,08,4,0,0,1,1,0,0,0,0
"POINT (7.619399846000020 51.956184547000099)",Unfall 33636 (2022) Kat:3, Licht: 0,33636,3,3,5,04,13,5,0,0,1,1,0,0,0,0
"POINT (7.535969663000060 51.993363737999999)",Unfall 33651 (2022) Kat:3, Licht: 0,33651,3,1,8,05,19,1,0,0,0,1,0,0,0,0
"POINT (7.616217179000050 51.948948442000102)",Unfall 33683 (2022) Kat:3, Licht: 0,33683,3,1,9,04,19,5,0,0,0,1,0,0,0,0
"POINT (7.604488574000070 52.034793440999998)",Unfall 33746 (2022) Kat:2, Licht: 0,33746,2,1,8,04,14,4,0,0,0,1,0,0,0,0
"POINT (7.627085273000030 51.955450932000097)",Unfall 33815 (2022) Kat:3, Licht: 0,33815,3,6,4,04,20,7,0,0,1,0,0,0,0,1
"POINT (7.518939781000030 51.999193451000103)",Unfall 33826 (2022) Kat:3, Licht: 0,33826,3,3,5,05,15,5,0,0,0,1,0,0,0,0
"POINT (7.539655153000070 51.988401959000001)",Unfall 33912 (2022) Kat:3, Licht: 0,33912,3,2,5,04,17,7,0,0,0,1,0,1,0,0
"POINT (7.618006593000080 51.966588987000101)",Unfall 33925 (2022) Kat:3, Licht: 0,33925,3,6,2,05,18,2,0,0,0,1,0,0,0,0
"POINT (7.623897242000060 51.947601307000099)",Unfall 33936 (2022) Kat:3, Licht: 0,33936,3,3,5,04,09,4,0,0,1,1,0,0,0,0
"POINT (7.636137555000060 51.951893978000001)",Unfall 34021 (2022) Kat:2, Licht: 2,34021,2,1,0,05,21,1,0,2,0,0,0,0,0,1
"POINT (7.670051484000060 51.926224364000099)",Unfall 34059 (2022) Kat:3, Licht: 0,34059,3,2,5,04,07,4,0,0,1,1,0,0,0,0
"POINT (7.612175647000070 51.978360832000099)",Unfall 34104 (2022) Kat:3, Licht: 0,34104,3,4,0,04,10,3,0,0,0,0,1,0,0,1
"POINT (7.687934169000070 51.928219400000003)",Unfall 34152 (2022) Kat:3, Licht: 0,34152,3,4,6,04,15,3,0,0,1,0,1,0,0,0
"POINT (7.676381113000050 51.970693855000000)",Unfall 34194 (2022) Kat:3, Licht: 0,34194,3,4,6,04,11,4,0,0,0,1,0,0,0,1
"POINT (7.624344582000050 51.939388813999997)",Unfall 34199 (2022) Kat:3, Licht: 0,34199,3,2,5,05,10,3,0,0,1,1,0,0,0,0
"POINT (7.677277042000070 51.919570405999998)",Unfall 34254 (2022) Kat:3, Licht: 0,34254,3,1,0,05,07,5,0,0,0,0,0,1,0,0
"POINT (7.701965469000070 51.920866736999997)",Unfall 34292 (2022) Kat:3, Licht: 1,34292,3,1,1,04,05,7,0,1,0,1,0,1,0,0
"POINT (7.522138436000030 51.909153279000101)",Unfall 34295 (2022) Kat:3, Licht: 0,34295,3,6,2,04,07,3,0,0,0,1,0,0,0,0
"POINT (7.651361535000040 51.905142837000000)",Unfall 34310 (2022) Kat:3, Licht: 1,34310,3,2,5,04,20,7,0,1,1,1,0,0,0,0
"POINT (7.635123966000040 51.960576612000096)",Unfall 34372 (2022) Kat:3, Licht: 0,34372,3,6,2,04,09,3,0,0,0,1,0,1,0,0
"POINT (7.626604836000070 51.931892142999999)",Unfall 34438 (2022) Kat:3, Licht: 0,34438,3,2,3,05,10,7,0,0,1,1,0,0,0,0
"POINT (7.687416745000060 51.993081018000098)",Unfall 34455 (2022) Kat:3, Licht: 0,34455,3,3,5,04,12,2,0,0,0,1,0,0,0,1
"POINT (7.625625099000050 51.934539583999999)",Unfall 34480 (2022) Kat:2, Licht: 0,34480,2,6,3,05,15,4,0,0,0,1,0,0,0,0
"POINT (7.649366145000040 51.904751514000097)",Unfall 34487 (2022) Kat:3, Licht: 0,34487,3,3,5,04,17,4,0,0,1,1,0,0,0,0
"POINT (7.653592129000060 51.995753600999997)",Unfall 34531 (2022) Kat:3, Licht: 0,34531,3,3,5,05,09,6,0,0,1,1,0,0,0,0
"POINT (7.635152252000070 51.952945736000103)",Unfall 34577 (2022) Kat:3, Licht: 0,34577,3,1,0,05,20,1,0,0,1,0,0,0,0,0
"POINT (7.625043586000060 51.936785934000099)",Unfall 34745 (2022) Kat:3, Licht: 0,34745,3,6,3,05,17,5,0,0,1,0,0,0,0,0
"POINT (7.617484334000040 51.965366495000097)",Unfall 34845 (2022) Kat:3, Licht: 0,34845,3,6,2,05,09,4,0,0,0,1,0,0,0,0
"POINT (7.632788548000060 51.962431817999999)",Unfall 34846 (2022) Kat:3, Licht: 0,34846,3,3,5,05,08,2,0,0,1,0,0,0,0,0
"POINT (7.633740283000070 51.962095966000000)",Unfall 34904 (2022) Kat:3, Licht: 0,34904,3,3,0,04,12,2,0,0,1,1,0,0,0,0
"POINT (7.588070571000060 51.970426656000001)",Unfall 34909 (2022) Kat:3, Licht: 0,34909,3,3,5,05,09,3,0,0,1,1,0,0,0,0
"POINT (7.607505864000070 51.993809257000102)",Unfall 34943 (2022) Kat:3, Licht: 0,34943,3,3,5,04,18,5,0,0,0,1,0,0,0,1
"POINT (7.559925046000050 51.999103619000003)",Unfall 34976 (2022) Kat:3, Licht: 0,34976,3,5,0,05,11,7,0,0,1,1,0,0,0,0
"POINT (7.611557492000030 51.983703197000096)",Unfall 34993 (2022) Kat:3, Licht: 0,34993,3,2,5,05,06,2,0,0,1,1,0,0,0,0
"POINT (7.631323468000060 51.948297347999997)",Unfall 35005 (2022) Kat:3, Licht: 2,35005,3,2,2,05,01,1,0,2,0,1,0,0,0,0
"POINT (7.628491076000050 51.964711637000100)",Unfall 35019 (2022) Kat:2, Licht: 0,35019,2,2,5,05,14,1,0,0,1,0,0,0,0,0
"POINT (7.527101705000060 51.924731723000001)",Unfall 35078 (2022) Kat:3, Licht: 0,35078,3,6,4,05,07,6,0,0,1,0,0,0,0,0
"POINT (7.615092814000040 51.967377715000097)",Unfall 35094 (2022) Kat:3, Licht: 0,35094,3,7,6,05,18,5,0,0,0,1,1,0,0,0
"POINT (7.639608333000070 51.993511648999998)",Unfall 35099 (2022) Kat:3, Licht: 0,35099,3,2,4,05,10,4,0,0,1,1,0,0,0,0
"POINT (7.662013772000020 51.986578895000001)",Unfall 35123 (2022) Kat:3, Licht: 0,35123,3,3,5,05,17,5,0,0,1,1,0,0,0,0
"POINT (7.568113927000070 51.973510697999998)",Unfall 35144 (2022) Kat:3, Licht: 0,35144,3,6,2,05,11,2,0,0,0,1,0,0,0,0
"POINT (7.625162639000050 51.951455883999998)",Unfall 35159 (2022) Kat:2, Licht: 2,35159,2,1,8,05,22,7,0,2,1,0,0,0,0,0
"POINT (7.546289917000020 51.958625714999997)",Unfall 35277 (2022) Kat:3, Licht: 0,35277,3,7,2,05,15,4,0,0,0,1,0,0,0,0
"POINT (7.661298480000030 51.933492300000097)",Unfall 35335 (2022) Kat:3, Licht: 0,35335,3,1,0,05,20,2,0,0,1,0,0,0,0,0
"POINT (7.628955999000030 51.926350491999997)",Unfall 35398 (2022) Kat:3, Licht: 0,35398,3,3,5,05,11,1,0,0,1,1,0,0,0,0
"POINT (7.631286262000060 51.921420252000097)",Unfall 35455 (2022) Kat:2, Licht: 0,35455,2,2,5,05,13,7,0,0,1,1,0,0,0,0
"POINT (7.631877073000060 51.913475335999998)",Unfall 35478 (2022) Kat:3, Licht: 0,35478,3,2,0,05,19,4,0,0,1,1,0,0,0,0
"POINT (7.604023668000020 51.948427305999999)",Unfall 35513 (2022) Kat:3, Licht: 0,35513,3,1,8,05,13,3,0,0,0,1,0,0,0,0
"POINT (7.678012480000060 51.918880399999999)",Unfall 35525 (2022) Kat:3, Licht: 0,35525,3,2,2,05,17,2,0,0,0,1,0,0,0,0
"POINT (7.675388919000060 51.949421125000100)",Unfall 35691 (2022) Kat:3, Licht: 0,35691,3,6,1,05,07,3,0,0,0,1,0,0,0,0
"POINT (7.625951259000030 51.953951857000000)",Unfall 35703 (2022) Kat:3, Licht: 0,35703,3,6,3,05,16,2,1,0,1,1,0,0,0,0
"POINT (7.523925375000030 51.924937403000101)",Unfall 35791 (2022) Kat:3, Licht: 2,35791,3,1,0,05,22,3,0,2,1,0,0,0,0,0
"POINT (7.562901866000060 52.024346019000099)",Unfall 35810 (2022) Kat:2, Licht: 0,35810,2,7,0,05,17,4,0,0,1,0,0,0,0,0
"POINT (7.590202181000050 51.973519920999998)",Unfall 35825 (2022) Kat:3, Licht: 0,35825,3,3,5,05,19,1,0,0,1,1,0,0,0,0
"POINT (7.592409163000070 51.974975499000003)",Unfall 35863 (2022) Kat:3, Licht: 0,35863,3,2,4,05,15,4,0,0,0,1,0,0,0,0
"POINT (7.541608376000060 51.955173638000097)",Unfall 36009 (2022) Kat:3, Licht: 0,36009,3,6,1,05,07,2,0,0,0,1,0,0,0,0
"POINT (7.612627805000050 51.969018177000102)",Unfall 36054 (2022) Kat:3, Licht: 0,36054,3,2,5,05,19,1,0,0,1,1,0,0,0,0
"POINT (7.555221921000050 51.926808870999999)",Unfall 36313 (2022) Kat:2, Licht: 0,36313,2,1,0,05,10,3,0,0,0,1,0,0,0,0
"POINT (7.563217049000060 51.925255313999997)",Unfall 36388 (2022) Kat:3, Licht: 0,36388,3,3,5,05,14,3,0,0,1,1,0,0,0,0
"POINT (7.633031796000070 51.973048538999997)",Unfall 36499 (2022) Kat:2, Licht: 1,36499,2,1,0,05,20,3,0,1,1,0,0,0,0,0
"POINT (7.619658486000050 51.957332657999999)",Unfall 36528 (2022) Kat:3, Licht: 2,36528,3,3,5,05,02,1,0,2,1,1,0,0,0,0
"POINT (7.551628342000070 51.979482673000099)",Unfall 36529 (2022) Kat:2, Licht: 0,36529,2,7,0,05,08,5,0,0,0,0,0,1,0,0
"POINT (7.679404384000070 52.026289797000103)",Unfall 36584 (2022) Kat:3, Licht: 0,36584,3,6,2,05,07,3,0,0,0,1,0,0,0,0
"POINT (7.625612076000040 51.935359673000100)",Unfall 36604 (2022) Kat:3, Licht: 0,36604,3,1,1,05,16,4,0,0,1,1,0,0,0,0
"POINT (7.640868115000050 51.957277029000103)",Unfall 36652 (2022) Kat:3, Licht: 0,36652,3,5,1,05,12,5,0,0,1,0,0,0,0,1
"POINT (7.675388919000060 51.949421125000100)",Unfall 36655 (2022) Kat:3, Licht: 0,36655,3,3,5,05,09,4,0,0,1,1,0,0,0,0
"POINT (7.518519496000070 51.925020212000000)",Unfall 36683 (2022) Kat:3, Licht: 2,36683,3,7,0,05,04,1,0,2,0,1,0,0,0,0
"POINT (7.622321183000050 51.893943692000100)",Unfall 36719 (2022) Kat:3, Licht: 1,36719,3,6,1,06,20,4,1,1,0,1,0,0,0,0
"POINT (7.682035844000040 51.915205325999999)",Unfall 36791 (2022) Kat:3, Licht: 0,36791,3,6,2,05,16,3,0,0,0,1,0,0,0,0
"POINT (7.646860515000070 51.992829784000001)",Unfall 36820 (2022) Kat:3, Licht: 0,36820,3,2,5,05,07,2,0,0,0,1,0,0,0,1
"POINT (7.553800326000040 51.982617468999997)",Unfall 36859 (2022) Kat:3, Licht: 0,36859,3,6,2,05,18,5,0,0,0,1,0,0,1,0
"POINT (7.612602243000030 51.969195368000001)",Unfall 36863 (2022) Kat:3, Licht: 0,36863,3,3,5,05,09,3,1,0,1,1,0,0,0,0
"POINT (7.636905299000030 51.950924902000096)",Unfall 37027 (2022) Kat:3, Licht: 0,37027,3,3,3,06,15,4,1,0,1,0,0,0,0,1
"POINT (7.602582602000040 51.946751765999998)",Unfall 37218 (2022) Kat:2, Licht: 1,37218,2,1,8,05,21,7,0,1,0,0,0,1,0,0
"POINT (7.624806133000050 51.937651873000000)",Unfall 37224 (2022) Kat:3, Licht: 0,37224,3,6,1,05,14,7,0,0,0,1,0,0,0,0
"POINT (7.624992260000060 51.937691562000097)",Unfall 37459 (2022) Kat:3, Licht: 0,37459,3,6,1,05,17,5,1,0,0,1,0,1,0,0
"POINT (7.636905299000030 51.950924902000096)",Unfall 37481 (2022) Kat:3, Licht: 0,37481,3,2,5,05,10,7,0,0,1,1,0,0,0,0
"POINT (7.636284908000050 51.972511139000098)",Unfall 37488 (2022) Kat:3, Licht: 0,37488,3,2,5,05,08,4,0,0,1,1,0,0,0,0
"POINT (7.624538523000070 51.949537540999998)",Unfall 37504 (2022) Kat:3, Licht: 0,37504,3,7,0,05,13,4,0,0,1,0,0,0,0,0
"POINT (7.630348411000060 51.956565787000002)",Unfall 37520 (2022) Kat:3, Licht: 0,37520,3,2,0,05,16,2,0,0,0,1,0,0,0,1
"POINT (7.632499887000050 51.958380396000102)",Unfall 37593 (2022) Kat:3, Licht: 0,37593,3,6,0,05,14,1,0,0,0,0,0,0,0,1
"POINT (7.631358039000080 51.963486850999999)",Unfall 37595 (2022) Kat:2, Licht: 0,37595,2,6,4,05,15,7,0,0,1,0,0,0,0,0
"POINT (7.625921635000050 51.953851296000003)",Unfall 37624 (2022) Kat:3, Licht: 0,37624,3,1,9,05,15,2,0,0,1,1,0,0,0,0
"POINT (7.608934787000070 51.936207461999999)",Unfall 37714 (2022) Kat:3, Licht: 0,37714,3,5,1,05,15,3,1,0,0,1,0,0,0,0
"POINT (7.626087463000030 51.954414225000100)",Unfall 37723 (2022) Kat:3, Licht: 0,37723,3,6,3,05,17,4,0,0,1,0,0,0,0,0
"POINT (7.645280789000030 51.968259752999998)",Unfall 37743 (2022) Kat:3, Licht: 0,37743,3,3,5,05,18,3,0,0,1,0,0,0,0,1
"POINT (7.623078553000030 51.897813853000102)",Unfall 37780 (2022) Kat:3, Licht: 0,37780,3,3,5,05,15,3,0,0,1,1,0,0,0,0
"POINT (7.637356613000070 51.958850560000002)",Unfall 37799 (2022) Kat:2, Licht: 0,37799,2,2,3,05,19,3,0,0,1,0,0,0,0,0
"POINT (7.626117731000020 51.954516978000100)",Unfall 37806 (2022) Kat:3, Licht: 0,37806,3,1,1,05,19,7,0,0,1,0,0,0,0,1
"POINT (7.606062640000060 51.973839980000001)",Unfall 37894 (2022) Kat:3, Licht: 0,37894,3,7,6,06,08,4,0,0,1,0,1,0,0,0
"POINT (7.645568246000040 51.967629835000103)",Unfall 38017 (2022) Kat:3, Licht: 0,38017,3,3,5,06,07,6,0,0,1,0,0,0,0,0
"POINT (7.657064805000060 51.971940842999999)",Unfall 38120 (2022) Kat:3, Licht: 0,38120,3,2,4,06,06,5,0,0,1,0,0,0,0,1
"POINT (7.636905299000030 51.950924902000096)",Unfall 38131 (2022) Kat:3, Licht: 0,38131,3,2,5,06,07,6,0,0,1,1,0,0,0,0
"POINT (7.645568246000040 51.967629835000103)",Unfall 38307 (2022) Kat:3, Licht: 0,38307,3,6,0,06,17,6,0,0,1,0,0,0,0,0
"POINT (7.754802518000080 51.930147343000002)",Unfall 38341 (2022) Kat:3, Licht: 0,38341,3,1,0,06,16,2,0,0,1,0,0,0,0,0
"POINT (7.646872158000060 51.943748260000099)",Unfall 38363 (2022) Kat:3, Licht: 0,38363,3,6,2,06,19,6,0,0,0,1,0,0,0,0
"POINT (7.624208852000040 51.948581074000103)",Unfall 38410 (2022) Kat:3, Licht: 0,38410,3,1,1,06,13,7,0,0,1,1,0,0,0,0
"POINT (7.594822203000040 52.022241346999998)",Unfall 38424 (2022) Kat:3, Licht: 0,38424,3,6,2,06,15,1,0,0,0,1,0,0,0,0
"POINT (7.617611551000040 51.961878196000001)",Unfall 38514 (2022) Kat:3, Licht: 0,38514,3,2,0,06,12,4,0,0,1,1,0,0,0,0
"POINT (7.626286169000020 51.909608227000000)",Unfall 38532 (2022) Kat:3, Licht: 0,38532,3,2,0,06,10,4,0,0,1,1,0,0,0,0
"POINT (7.645342668000070 51.942699734000001)",Unfall 38533 (2022) Kat:3, Licht: 0,38533,3,1,2,06,14,1,0,0,0,1,0,1,0,0
"POINT (7.603222176000030 51.922265352000103)",Unfall 38567 (2022) Kat:3, Licht: 0,38567,3,2,5,06,07,3,0,0,1,1,0,0,0,0
"POINT (7.621958813000050 51.955375913000097)",Unfall 38603 (2022) Kat:3, Licht: 0,38603,3,5,0,06,18,2,0,0,1,1,0,0,0,0
"POINT (7.603279200000030 51.930985127000000)",Unfall 38679 (2022) Kat:3, Licht: 0,38679,3,3,5,06,15,6,0,0,0,1,0,0,0,1
"POINT (7.672711821000060 51.923799286000097)",Unfall 38695 (2022) Kat:3, Licht: 0,38695,3,6,2,06,19,4,0,0,0,1,0,1,0,0
"POINT (7.602633240000050 51.975802063000103)",Unfall 38733 (2022) Kat:3, Licht: 0,38733,3,5,0,06,10,5,0,0,1,1,0,0,0,0
"POINT (7.623074529000060 51.944707256000100)",Unfall 38760 (2022) Kat:1, Licht: 0,38760,1,6,2,06,12,7,0,0,1,0,0,0,0,0
"POINT (7.603037258000030 52.018260001000002)",Unfall 38873 (2022) Kat:2, Licht: 0,38873,2,3,5,06,17,6,0,0,0,1,0,0,0,0
"POINT (7.632017699000070 51.953865681000103)",Unfall 38880 (2022) Kat:2, Licht: 2,38880,2,4,6,06,23,4,0,2,0,1,1,0,0,0
"POINT (7.697696863000030 51.943451018000097)",Unfall 38911 (2022) Kat:2, Licht: 0,38911,2,7,0,06,08,6,0,0,0,0,0,1,0,0
"POINT (7.624158673000070 51.940856195000002)",Unfall 38961 (2022) Kat:3, Licht: 2,38961,3,4,0,06,01,6,0,2,0,1,1,0,0,0
"POINT (7.566404286000020 51.904442409000097)",Unfall 38966 (2022) Kat:2, Licht: 0,38966,2,6,5,06,08,3,0,0,0,1,0,0,1,0
"POINT (7.557573016000050 52.033250985000102)",Unfall 39080 (2022) Kat:3, Licht: 0,39080,3,3,5,06,10,4,0,0,1,1,0,0,0,0
"POINT (7.635280759000070 51.961443412000101)",Unfall 39179 (2022) Kat:3, Licht: 0,39179,3,7,0,06,06,1,0,0,0,0,0,0,0,1
"POINT (7.549185217000060 52.002459282000103)",Unfall 39257 (2022) Kat:3, Licht: 0,39257,3,7,0,06,15,6,0,0,1,0,0,0,0,0
"POINT (7.654926399000030 51.937563854000103)",Unfall 39288 (2022) Kat:3, Licht: 0,39288,3,1,0,06,05,1,0,0,1,0,0,0,0,0
"POINT (7.625892104000060 51.955723708999997)",Unfall 39314 (2022) Kat:3, Licht: 0,39314,3,3,5,06,09,6,0,0,1,0,0,0,0,1
"POINT (7.559712641000030 52.015562823000003)",Unfall 39319 (2022) Kat:2, Licht: 0,39319,2,7,0,06,13,7,0,0,0,0,0,1,0,0
"POINT (7.624278309000030 51.990415078000098)",Unfall 39364 (2022) Kat:3, Licht: 0,39364,3,1,9,06,20,2,0,0,1,0,1,0,0,0
"POINT (7.643055261000030 51.956408886000098)",Unfall 39384 (2022) Kat:3, Licht: 0,39384,3,1,0,06,04,1,0,0,1,0,0,0,0,0
"POINT (7.681457957000020 52.025209336000003)",Unfall 39488 (2022) Kat:3, Licht: 0,39488,3,6,0,06,09,2,0,0,0,1,0,0,0,0
"POINT (7.635210077000070 51.961069029999997)",Unfall 39543 (2022) Kat:3, Licht: 0,39543,3,6,0,06,12,4,0,0,0,1,0,0,0,1
"POINT (7.636905299000030 51.950924902000096)",Unfall 39561 (2022) Kat:3, Licht: 0,39561,3,2,5,06,18,3,0,0,1,1,0,0,0,0
"POINT (7.612432785000070 51.967235365000100)",Unfall 39568 (2022) Kat:3, Licht: 0,39568,3,4,6,06,14,2,0,0,1,0,1,0,0,0
"POINT (7.564018428000050 51.908714144999998)",Unfall 39713 (2022) Kat:1, Licht: 0,39713,1,6,8,06,08,7,0,0,0,1,0,1,0,0
"POINT (7.572932682000040 51.924964246999998)",Unfall 39752 (2022) Kat:3, Licht: 0,39752,3,6,1,06,07,2,0,0,0,1,0,0,1,0
"POINT (7.602014457000050 51.935133398000097)",Unfall 39810 (2022) Kat:3, Licht: 0,39810,3,6,2,06,18,6,0,0,0,1,0,0,0,0
"POINT (7.627276055000040 51.965242617000101)",Unfall 39830 (2022) Kat:3, Licht: 0,39830,3,6,3,06,15,2,0,0,1,0,0,0,0,0
"POINT (7.636589821000030 51.952893736000100)",Unfall 39871 (2022) Kat:3, Licht: 0,39871,3,2,5,06,10,3,0,0,0,1,0,0,0,1
"POINT (7.582116088000020 51.960538106999998)",Unfall 39882 (2022) Kat:3, Licht: 0,39882,3,1,0,06,15,5,0,0,1,0,0,0,0,0
"POINT (7.635712302000060 51.901037477999999)",Unfall 39883 (2022) Kat:3, Licht: 0,39883,3,7,0,06,13,5,0,0,1,0,0,0,0,0
"POINT (7.606584942000040 51.973534698000002)",Unfall 39910 (2022) Kat:3, Licht: 0,39910,3,6,1,06,10,5,0,0,0,1,0,0,0,0
"POINT (7.642348849000030 51.961819140999999)",Unfall 39916 (2022) Kat:3, Licht: 0,39916,3,2,5,06,18,3,0,0,1,0,0,0,0,0
"POINT (7.645735681000080 51.945203284000101)",Unfall 39965 (2022) Kat:3, Licht: 1,39965,3,7,0,06,22,1,0,1,1,0,0,0,0,0
"POINT (7.554952073000040 51.997479732000002)",Unfall 40035 (2022) Kat:3, Licht: 0,40035,3,6,2,06,16,5,0,0,0,1,0,1,0,0
"POINT (7.562551129000040 51.911441875999998)",Unfall 40170 (2022) Kat:3, Licht: 1,40170,3,1,9,06,04,7,0,1,0,1,0,0,0,0
"POINT (7.643751024000040 51.962088893999997)",Unfall 40219 (2022) Kat:3, Licht: 0,40219,3,2,0,06,12,5,0,0,0,1,0,0,0,1
"POINT (7.603284379000060 51.965489182000098)",Unfall 40277 (2022) Kat:3, Licht: 0,40277,3,2,2,06,10,5,0,0,1,0,0,0,0,0
"POINT (7.566437386000080 51.877040160000000)",Unfall 40358 (2022) Kat:3, Licht: 0,40358,3,6,1,07,16,2,0,0,0,1,0,0,0,1
"POINT (7.623592373000060 51.946581574000000)",Unfall 40445 (2022) Kat:3, Licht: 0,40445,3,6,4,06,13,3,0,0,1,0,0,0,0,0
"POINT (7.647135682000060 51.985708377000002)",Unfall 40474 (2022) Kat:3, Licht: 0,40474,3,2,2,06,17,3,0,0,0,1,0,0,0,0
"POINT (7.522138436000030 51.909153279000101)",Unfall 40598 (2022) Kat:3, Licht: 0,40598,3,1,8,06,15,1,0,0,0,1,0,0,0,0
"POINT (7.676292888000030 51.973001631000002)",Unfall 40755 (2022) Kat:3, Licht: 0,40755,3,6,4,06,10,3,0,0,0,1,0,0,0,0
"POINT (7.617880857000050 51.966574853000097)",Unfall 40767 (2022) Kat:3, Licht: 2,40767,3,1,0,06,00,5,0,2,0,0,0,0,0,1
"POINT (7.632946998000020 51.913598688000000)",Unfall 40822 (2022) Kat:3, Licht: 0,40822,3,3,5,07,07,6,1,0,1,1,0,0,0,0
"POINT (7.625496054000050 51.942350346000097)",Unfall 40883 (2022) Kat:3, Licht: 0,40883,3,4,0,06,15,5,0,0,1,0,1,0,0,0
"POINT (7.605151061000070 51.948948987000101)",Unfall 40890 (2022) Kat:3, Licht: 0,40890,3,3,0,07,18,2,0,0,1,0,1,0,0,0
"POINT (7.537212520000030 51.954822086000000)",Unfall 40911 (2022) Kat:3, Licht: 2,40911,3,6,0,06,00,6,0,2,1,0,0,0,0,0
"POINT (7.520427876000040 51.976730480000100)",Unfall 40982 (2022) Kat:3, Licht: 0,40982,3,3,5,07,14,1,0,0,1,1,0,0,0,0
"POINT (7.633010346000050 51.979282650000101)",Unfall 40998 (2022) Kat:3, Licht: 0,40998,3,1,8,06,10,3,0,0,0,0,0,1,0,0
"POINT (7.524682804000070 51.963501678000100)",Unfall 41064 (2022) Kat:3, Licht: 0,41064,3,3,5,06,09,5,0,0,1,1,0,0,0,0
"POINT (7.633740283000070 51.962095966000000)",Unfall 41151 (2022) Kat:3, Licht: 0,41151,3,3,5,06,10,5,0,0,1,1,0,0,0,0
"POINT (7.614620135000050 51.849042881000102)",Unfall 41191 (2022) Kat:3, Licht: 0,41191,3,7,8,06,14,7,0,0,0,1,0,0,0,0
"POINT (7.609287942000040 51.940837085000098)",Unfall 41349 (2022) Kat:3, Licht: 0,41349,3,6,1,06,09,6,1,0,0,1,0,0,1,0
"POINT (7.625217806000020 51.951640042000101)",Unfall 41412 (2022) Kat:3, Licht: 0,41412,3,1,1,07,15,4,0,0,1,1,0,0,0,0
"POINT (7.635650566000040 51.961979949000103)",Unfall 41425 (2022) Kat:3, Licht: 0,41425,3,1,0,07,08,6,0,0,1,0,0,0,0,0