WKT,Name,OBJECTID,UKATEGORIE,UTYP1,UART,UMONAT,USTUNDE,UWOCHENTAG,STRZUSTAND,ULICHTVERH,ISTRAD,ISTPKW,ISTFUSS,ISTKRAD,ISTGKFZ,ISTSONSTIG
"POINT (7.621786638000060 51.993561436000000)",Unfall 41490 (2022) Kat:3, Licht: 0,41490,3,7,0,07,16,2,0,0,0,1,0,0,0,0
"POINT (7.694989449000050 51.911066755000000)",Unfall 41515 (2022) Kat:3, Licht: 0,41515,3,2,5,07,15,6,0,0,0,1,0,0,0,1
"POINT (7.623781751000020 51.941542517000101)",Unfall 41518 (2022) Kat:2, Licht: 2,41518,2,1,0,07,00,7,0,2,0,0,0,0,0,1
"POINT (7.611236398000070 51.988405890000102)",Unfall 41567 (2022) Kat:3, Licht: 0,41567,3,3,5,07,08,5,0,0,1,1,0,0,0,0
"POINT (7.647023867000030 51.963743950000001)",Unfall 41678 (2022) Kat:3, Licht: 2,41678,3,7,0,07,02,7,0,2,0,0,0,0,0,1
"POINT (7.618167894000070 51.954611169000003)",Unfall 41702 (2022) Kat:3, Licht: 0,41702,3,3,4,07,12,7,0,0,1,1,0,0,0,0
"POINT (7.700098368000060 51.985550647000103)",Unfall 41810 (2022) Kat:3, Licht: 0,41810,3,7,0,07,08,2,0,0,1,0,0,0,0,0
"POINT (7.606368566000070 51.993867345000098)",Unfall 41929 (2022) Kat:2, Licht: 0,41929,2,6,4,07,13,5,0,0,0,1,0,0,0,0
"POINT (7.566442451000060 51.915621298000097)",Unfall 41936 (2022) Kat:3, Licht: 0,41936,3,6,9,07,18,6,0,0,0,1,0,0,0,0
"POINT (7.676951533000020 51.969637471000098)",Unfall 41938 (2022) Kat:3, Licht: 0,41938,3,3,5,07,17,4,0,0,0,1,0,0,0,1
"POINT (7.584765209000070 51.976355722999998)",Unfall 41972 (2022) Kat:3, Licht: 0,41972,3,3,0,07,18,5,0,0,1,0,0,0,0,0
"POINT (7.635338714000060 51.962013861000102)",Unfall 42007 (2022) Kat:3, Licht: 0,42007,3,6,2,07,12,3,0,0,0,1,0,0,0,0
"POINT (7.636462433000080 51.952884437000101)",Unfall 42024 (2022) Kat:3, Licht: 0,42024,3,3,5,07,19,7,0,0,0,1,0,0,0,1
"POINT (7.633830923000060 51.966893595000002)",Unfall 42090 (2022) Kat:2, Licht: 2,42090,2,1,9,07,23,7,0,2,0,0,0,0,0,1
"POINT (7.625088785000060 51.936795545000102)",Unfall 42172 (2022) Kat:3, Licht: 0,42172,3,6,1,07,13,2,0,0,0,1,0,0,0,0
"POINT (7.636284908000050 51.972511139000098)",Unfall 42184 (2022) Kat:3, Licht: 0,42184,3,2,5,07,08,5,0,0,1,1,0,0,0,0
"POINT (7.637784481000040 51.902277751000000)",Unfall 42259 (2022) Kat:3, Licht: 0,42259,3,1,0,07,12,3,0,0,0,1,0,1,0,0
"POINT (7.608770299000070 51.940027615000098)",Unfall 42269 (2022) Kat:3, Licht: 0,42269,3,6,0,07,07,4,0,0,0,1,0,1,0,0
"POINT (7.657057488000020 51.971918249000097)",Unfall 42339 (2022) Kat:3, Licht: 0,42339,3,5,5,07,09,3,0,0,0,1,0,1,0,0
"POINT (7.640776257000030 51.971200437000000)",Unfall 42348 (2022) Kat:3, Licht: 0,42348,3,1,5,07,11,4,0,0,1,1,0,0,0,0
"POINT (7.557568276000040 51.921307061999997)",Unfall 42439 (2022) Kat:3, Licht: 0,42439,3,7,8,07,12,7,0,0,0,1,0,0,0,0
"POINT (7.636520684000060 51.952755877000101)",Unfall 42471 (2022) Kat:3, Licht: 0,42471,3,3,5,07,21,4,0,0,1,1,0,0,0,0
"POINT (7.609287942000040 51.940837085000098)",Unfall 42503 (2022) Kat:2, Licht: 0,42503,2,1,0,07,16,4,0,0,1,0,0,0,0,0
"POINT (7.637026856000030 51.903864951000102)",Unfall 42592 (2022) Kat:3, Licht: 0,42592,3,7,2,07,15,3,0,0,0,1,0,1,0,0
"POINT (7.614479157000060 52.001868789000099)",Unfall 42621 (2022) Kat:3, Licht: 0,42621,3,3,5,07,17,5,0,0,1,0,0,0,0,0
"POINT (7.642234308000070 51.961805861000101)",Unfall 42630 (2022) Kat:3, Licht: 0,42630,3,7,2,07,15,2,0,0,1,1,0,0,0,0
"POINT (7.579983265000070 51.923779845000098)",Unfall 42694 (2022) Kat:3, Licht: 2,42694,3,1,0,07,02,1,0,2,1,0,0,0,0,0
"POINT (7.625815945000060 51.953507247000097)",Unfall 42717 (2022) Kat:3, Licht: 0,42717,3,4,6,07,16,6,0,0,1,0,1,0,0,0
"POINT (7.653686550000030 51.966265556000103)",Unfall 42784 (2022) Kat:3, Licht: 0,42784,3,7,6,07,21,3,0,0,1,0,1,0,0,0
"POINT (7.643991846000060 51.962168814000101)",Unfall 42950 (2022) Kat:3, Licht: 0,42950,3,2,5,07,17,3,0,0,1,1,0,0,0,0
"POINT (7.609287942000040 51.940837085000098)",Unfall 43026 (2022) Kat:2, Licht: 0,43026,2,7,8,07,08,1,0,0,1,0,0,0,0,0
"POINT (7.716578395000060 51.933015677000100)",Unfall 43068 (2022) Kat:3, Licht: 2,43068,3,3,5,07,23,7,0,2,0,1,0,0,0,0
"POINT (7.578833857000060 51.934350027000100)",Unfall 43073 (2022) Kat:3, Licht: 0,43073,3,3,5,07,06,3,0,0,1,0,0,0,0,0
"POINT (7.575877472000060 51.972363761000103)",Unfall 43100 (2022) Kat:3, Licht: 0,43100,3,6,3,07,11,3,0,0,1,0,0,0,0,0
"POINT (7.650821775000050 51.940679783000100)",Unfall 43166 (2022) Kat:3, Licht: 0,43166,3,7,3,07,09,4,0,0,0,1,0,0,0,0
"POINT (7.637940856000060 51.961807556000103)",Unfall 43187 (2022) Kat:3, Licht: 0,43187,3,6,3,08,13,4,0,0,1,0,0,0,0,0
"POINT (7.647556078000040 51.961964131999999)",Unfall 43305 (2022) Kat:3, Licht: 1,43305,3,3,0,07,20,1,0,1,1,1,0,0,0,0
"POINT (7.604661416000060 51.925851680000100)",Unfall 43349 (2022) Kat:3, Licht: 0,43349,3,6,0,08,19,5,0,0,0,0,0,0,0,1
"POINT (7.607422472000050 51.932599008000103)",Unfall 43398 (2022) Kat:3, Licht: 0,43398,3,3,5,08,09,1,0,0,1,1,0,0,0,0
"POINT (7.634744395000040 51.970477286000097)",Unfall 43441 (2022) Kat:3, Licht: 0,43441,3,2,5,08,15,6,0,0,0,1,0,0,0,1
"POINT (7.629773442000040 51.983605050000101)",Unfall 43554 (2022) Kat:3, Licht: 0,43554,3,2,5,08,10,3,0,0,1,1,0,0,0,0
"POINT (7.607192525000070 51.966608898000104)",Unfall 43557 (2022) Kat:3, Licht: 0,43557,3,6,4,08,15,2,0,0,1,0,0,0,0,0
"POINT (7.617470014000050 51.993097022000001)",Unfall 43568 (2022) Kat:3, Licht: 0,43568,3,2,5,08,18,4,0,0,1,1,0,0,0,0
"POINT (7.566303711000050 51.972892119000100)",Unfall 43573 (2022) Kat:3, Licht: 0,43573,3,6,4,08,07,2,1,0,1,0,0,0,0,0
"POINT (7.614657137000050 52.002755295000000)",Unfall 43634 (2022) Kat:3, Licht: 0,43634,3,1,0,08,10,1,0,0,1,0,0,0,0,0
"POINT (7.632871125000070 51.973225742000103)",Unfall 43647 (2022) Kat:2, Licht: 0,43647,2,2,3,07,14,6,0,0,1,0,0,0,0,1
"POINT (7.612831497000060 51.967220156000103)",Unfall 43653 (2022) Kat:3, Licht: 0,43653,3,1,3,08,11,4,0,0,1,0,0,0,0,0
"POINT (7.582171693000020 51.899516544000100)",Unfall 43758 (2022) Kat:2, Licht: 2,43758,2,7,8,08,02,2,1,2,0,1,0,0,0,0
"POINT (7.583601234000070 51.926692909000103)",Unfall 43821 (2022) Kat:3, Licht: 0,43821,3,6,0,08,13,5,0,0,1,1,0,0,0,0
"POINT (7.679993545000060 51.971349744000101)",Unfall 43886 (2022) Kat:3, Licht: 0,43886,3,2,5,08,19,2,0,0,1,1,0,0,0,0
"POINT (7.596866951000040 51.964905116000097)",Unfall 43905 (2022) Kat:3, Licht: 0,43905,3,6,0,08,08,3,0,0,1,0,0,0,0,0
"POINT (7.645735681000080 51.945203284000101)",Unfall 43974 (2022) Kat:3, Licht: 0,43974,3,2,5,08,16,5,0,0,1,1,0,0,0,0
"POINT (7.629801745000070 51.924833255000102)",Unfall 44093 (2022) Kat:3, Licht: 0,44093,3,5,1,08,11,4,0,0,1,0,0,0,1,0
"POINT (7.623907574000040 51.941063475000099)",Unfall 44116 (2022) Kat:3, Licht: 0,44116,3,6,1,08,13,2,1,0,0,1,0,0,1,0
"POINT (7.624611750000040 51.955613618000001)",Unfall 44129 (2022) Kat:2, Licht: 0,44129,2,2,0,07,12,5,0,0,1,1,0,0,0,0
"POINT (7.589377798000040 51.974139500000000)",Unfall 44139 (2022) Kat:3, Licht: 0,44139,3,3,5,08,07,6,0,0,1,1,0,0,0,0
"POINT (7.645218509000070 51.904249022000002)",Unfall 44221 (2022) Kat:3, Licht: 0,44221,3,2,3,07,09,6,0,0,1,1,0,0,0,0
"POINT (7.621239180000030 51.889019800000000)",Unfall 44247 (2022) Kat:3, Licht: 0,44247,3,1,8,08,15,2,0,0,0,1,0,0,0,0
"POINT (7.637332362000050 51.952947536000103)",Unfall 44248 (2022) Kat:3, Licht: 0,44248,3,2,5,08,08,4,0,0,1,0,0,0,1,0
"POINT (7.659130713000020 51.934091776999999)",Unfall 44384 (2022) Kat:2, Licht: 0,44384,2,3,5,08,13,6,0,0,1,1,0,0,0,0
"POINT (7.636283985000030 51.959264823000098)",Unfall 44423 (2022) Kat:3, Licht: 0,44423,3,6,3,08,19,7,0,0,1,0,0,0,0,0
"POINT (7.541857348000060 51.990862444000101)",Unfall 44434 (2022) Kat:2, Licht: 2,44434,2,2,5,08,21,3,0,2,0,1,0,1,0,0
"POINT (7.630554567000050 51.963940671000003)",Unfall 44440 (2022) Kat:3, Licht: 0,44440,3,4,0,07,14,7,0,0,1,0,1,0,0,0
"POINT (7.637940856000060 51.961807556000103)",Unfall 44463 (2022) Kat:2, Licht: 0,44463,2,7,3,08,11,2,0,0,0,1,0,1,0,0
"POINT (7.547587528000070 51.951488336000097)",Unfall 44549 (2022) Kat:3, Licht: 0,44549,3,6,2,08,17,5,0,0,0,1,0,0,0,1
"POINT (7.629188876000060 51.954678135999998)",Unfall 44594 (2022) Kat:3, Licht: 0,44594,3,2,2,08,12,6,0,0,1,1,0,0,0,0
"POINT (7.635600628000080 51.905507895000000)",Unfall 44741 (2022) Kat:3, Licht: 0,44741,3,6,2,08,08,3,0,0,0,1,0,0,0,0
"POINT (7.632661589000070 51.953738934999997)",Unfall 44791 (2022) Kat:3, Licht: 0,44791,3,1,0,08,18,2,0,0,1,0,0,0,0,0
"POINT (7.674893018000030 51.921769501000000)",Unfall 44814 (2022) Kat:3, Licht: 0,44814,3,7,2,08,19,2,0,0,0,1,0,1,0,0
"POINT (7.600422247000040 51.930084358999999)",Unfall 44885 (2022) Kat:3, Licht: 0,44885,3,3,5,08,16,5,0,0,1,1,0,0,0,0
"POINT (7.646854330000050 51.957162828999998)",Unfall 44911 (2022) Kat:3, Licht: 0,44911,3,6,3,08,17,5,0,0,1,0,0,0,0,0
"POINT (7.632805339000070 51.973084708999998)",Unfall 44915 (2022) Kat:3, Licht: 0,44915,3,3,5,08,08,4,0,0,1,1,0,0,0,0
"POINT (7.596983469000070 51.932896614000100)",Unfall 44951 (2022) Kat:3, Licht: 0,44951,3,7,0,08,06,2,0,0,1,0,0,0,1,0
"POINT (7.492267358000050 51.945702501000000)",Unfall 44993 (2022) Kat:2, Licht: 1,44993,2,1,9,07,20,6,0,1,0,0,0,1,0,0
"POINT (7.619658486000050 51.957332657999999)",Unfall 45044 (2022) Kat:3, Licht: 0,45044,3,6,3,08,11,7,0,0,1,0,0,0,0,0
"POINT (7.627035315000060 51.955804205000000)",Unfall 45134 (2022) Kat:3, Licht: 1,45134,3,4,6,07,20,6,0,1,0,1,1,0,0,0
"POINT (7.636284908000050 51.972511139000098)",Unfall 45174 (2022) Kat:3, Licht: 0,45174,3,2,4,08,19,4,0,0,1,1,0,0,0,0
"POINT (7.605504146000040 51.888474090999999)",Unfall 45179 (2022) Kat:2, Licht: 0,45179,2,1,4,08,10,1,0,0,0,1,0,1,0,0
"POINT (7.642571639000040 51.977560416000102)",Unfall 45306 (2022) Kat:3, Licht: 0,45306,3,6,0,08,07,2,1,0,1,0,0,0,0,0
"POINT (7.636799264000050 51.961873835000098)",Unfall 45331 (2022) Kat:3, Licht: 0,45331,3,7,9,08,11,1,0,0,0,0,0,1,0,0
"POINT (7.601692342000040 51.965136704000003)",Unfall 45360 (2022) Kat:3, Licht: 0,45360,3,2,5,08,17,2,0,0,1,1,0,0,0,0
"POINT (7.619772778000030 51.958298071000101)",Unfall 45408 (2022) Kat:3, Licht: 2,45408,3,7,0,08,02,6,0,2,0,0,0,0,0,1
"POINT (7.567714328000020 51.955746456999996)",Unfall 45439 (2022) Kat:3, Licht: 0,45439,3,3,5,08,16,5,0,0,1,1,0,0,0,0
"POINT (7.521364329000050 51.924934767000103)",Unfall 45474 (2022) Kat:3, Licht: 0,45474,3,3,0,08,07,4,0,0,1,1,0,0,0,0
"POINT (7.577976750000060 51.854775597000099)",Unfall 45483 (2022) Kat:2, Licht: 0,45483,2,7,8,08,07,3,0,0,0,0,0,0,1,0
"POINT (7.610162730000070 51.970968649000000)",Unfall 45502 (2022) Kat:3, Licht: 0,45502,3,3,5,08,07,4,0,0,1,0,0,0,0,0
"POINT (7.632332109000060 51.958216938000099)",Unfall 45524 (2022) Kat:3, Licht: 0,45524,3,6,3,08,08,2,0,0,1,1,0,0,0,0
"POINT (7.606895066000050 51.973569758000103)",Unfall 45526 (2022) Kat:3, Licht: 0,45526,3,1,2,08,15,6,0,0,0,1,0,0,0,0
"POINT (7.602465264000050 51.959580905000102)",Unfall 45558 (2022) Kat:3, Licht: 0,45558,3,7,5,08,10,4,0,0,1,1,0,0,0,0
"POINT (7.624401900000070 51.939924473000097)",Unfall 45565 (2022) Kat:3, Licht: 0,45565,3,6,2,08,17,2,0,0,0,1,0,0,0,0
"POINT (7.630773982000050 51.922274249000097)",Unfall 45670 (2022) Kat:3, Licht: 0,45670,3,1,8,08,11,3,0,0,1,0,0,0,0,0
"POINT (7.635021831000070 51.959936456000001)",Unfall 45732 (2022) Kat:3, Licht: 0,45732,3,6,1,08,14,5,0,0,0,1,0,0,0,0
"POINT (7.604302617000030 51.924996067999999)",Unfall 45854 (2022) Kat:3, Licht: 0,45854,3,3,5,08,17,2,0,0,1,0,0,0,0,0
"POINT (7.607332301000040 52.040367723000003)",Unfall 45864 (2022) Kat:2, Licht: 0,45864,2,7,8,08,19,4,0,0,0,0,0,0,1,0
"POINT (7.631851362000020 51.950318668000101)",Unfall 45962 (2022) Kat:3, Licht: 0,45962,3,6,6,08,16,3,0,0,1,0,1,0,0,0
"POINT (7.716515981000040 51.998666186000001)",Unfall 46037 (2022) Kat:3, Licht: 0,46037,3,4,6,08,07,6,0,0,0,1,1,0,0,0
"POINT (7.626846444000020 51.956082803000101)",Unfall 46055 (2022) Kat:3, Licht: 0,46055,3,6,3,08,07,6,0,0,0,1,0,1,0,0
"POINT (7.629030036000070 51.996076973000100)",Unfall 46065 (2022) Kat:3, Licht: 0,46065,3,1,0,08,06,6,0,0,0,0,0,1,0,0
"POINT (7.627044746000020 51.931311786999999)",Unfall 46219 (2022) Kat:3, Licht: 0,46219,3,6,2,08,08,5,0,0,0,1,0,0,0,0
"POINT (7.617796743000040 51.964210590999997)",Unfall 46242 (2022) Kat:3, Licht: 0,46242,3,3,5,08,07,6,0,0,1,1,0,0,0,0
"POINT (7.630844156000020 51.946012355000100)",Unfall 46252 (2022) Kat:3, Licht: 0,46252,3,2,5,08,13,4,0,0,1,1,0,0,0,0
"POINT (7.611557492000030 51.983703197000096)",Unfall 46299 (2022) Kat:3, Licht: 2,46299,3,3,5,08,23,4,0,2,0,1,0,0,0,1
"POINT (7.627742646000060 51.911680873000101)",Unfall 46462 (2022) Kat:3, Licht: 0,46462,3,2,5,08,08,3,0,0,1,1,0,0,0,0
"POINT (7.594833491000030 51.965026180000102)",Unfall 46487 (2022) Kat:3, Licht: 0,46487,3,1,3,08,07,2,0,0,1,0,0,0,0,0
"POINT (7.619753402000070 51.957611020999998)",Unfall 46586 (2022) Kat:2, Licht: 0,46586,2,2,0,09,16,6,0,0,1,0,0,0,0,1
"POINT (7.584494190000040 51.935585635999999)",Unfall 46604 (2022) Kat:3, Licht: 0,46604,3,3,5,08,17,3,0,0,0,1,0,1,0,0
"POINT (7.632878655000070 51.908905195999999)",Unfall 46615 (2022) Kat:3, Licht: 0,46615,3,6,2,08,12,4,0,0,0,1,0,0,0,0
"POINT (7.598859709000070 51.992752988000099)",Unfall 46641 (2022) Kat:3, Licht: 0,46641,3,6,1,09,10,3,0,0,0,1,0,0,0,0
"POINT (7.557031283000070 51.977868849000103)",Unfall 46642 (2022) Kat:3, Licht: 0,46642,3,7,7,09,19,6,0,0,1,0,0,0,0,0
"POINT (7.612201426000070 51.969314885000102)",Unfall 46644 (2022) Kat:3, Licht: 0,46644,3,7,0,09,07,5,0,0,1,0,1,0,0,0
"POINT (7.670963990000080 51.988118483000100)",Unfall 46683 (2022) Kat:3, Licht: 0,46683,3,7,7,09,07,4,1,0,1,1,0,0,0,0
"POINT (7.622925774000070 51.897477238000100)",Unfall 46714 (2022) Kat:3, Licht: 0,46714,3,2,5,09,09,3,0,0,0,1,0,0,0,1
"POINT (7.563229301000040 51.925254745000103)",Unfall 46771 (2022) Kat:3, Licht: 1,46771,3,2,5,09,20,6,0,1,1,1,0,0,0,0
"POINT (7.619386312000070 51.996611827000002)",Unfall 46781 (2022) Kat:3, Licht: 2,46781,3,1,8,09,22,7,0,2,1,0,0,0,0,0
"POINT (7.602465264000050 51.959580905000102)",Unfall 46821 (2022) Kat:3, Licht: 0,46821,3,1,8,09,14,6,0,0,0,1,0,0,0,0
"POINT (7.631251659000040 51.963593096000103)",Unfall 46868 (2022) Kat:3, Licht: 0,46868,3,1,0,09,07,1,0,0,0,0,0,0,0,1
"POINT (7.611848865000070 51.982305966000098)",Unfall 46909 (2022) Kat:3, Licht: 0,46909,3,2,3,09,15,6,0,0,1,1,0,0,0,0
"POINT (7.598763097000070 51.943259404000102)",Unfall 46965 (2022) Kat:3, Licht: 0,46965,3,6,2,09,15,5,0,0,1,0,0,0,0,0
"POINT (7.629019549000080 51.973913461999999)",Unfall 47010 (2022) Kat:3, Licht: 1,47010,3,3,5,09,06,2,0,1,1,1,0,0,0,0
"POINT (7.595467147000020 51.980013655999997)",Unfall 47040 (2022) Kat:3, Licht: 0,47040,3,6,2,08,07,3,0,0,0,1,0,0,0,0
"POINT (7.612204696000050 51.967262320000003)",Unfall 47228 (2022) Kat:3, Licht: 0,47228,3,1,7,09,07,5,0,0,1,0,0,0,0,0
"POINT (7.642104600000040 51.947790738000002)",Unfall 47244 (2022) Kat:3, Licht: 0,47244,3,3,5,08,16,3,0,0,1,0,0,0,0,1
"POINT (7.597881321000050 51.978593666999998)",Unfall 47268 (2022) Kat:3, Licht: 0,47268,3,6,0,08,09,3,0,0,0,1,0,0,0,0
"POINT (7.601769633000060 51.966712927000103)",Unfall 47279 (2022) Kat:3, Licht: 0,47279,3,3,5,08,08,4,0,0,1,1,0,0,0,0
"POINT (7.647414494000030 51.959027910000003)",Unfall 47295 (2022) Kat:2, Licht: 2,47295,2,3,3,09,03,7,0,2,0,1,0,0,0,1
"POINT (7.619843095000020 51.955014095000102)",Unfall 47431 (2022) Kat:3, Licht: 0,47431,3,2,5,09,12,3,0,0,1,1,0,0,0,0
"POINT (7.602374836000020 51.962410990000102)",Unfall 47506 (2022) Kat:2, Licht: 0,47506,2,1,0,08,20,2,0,0,1,0,0,0,0,0
"POINT (7.633353173000050 51.953387367000097)",Unfall 47522 (2022) Kat:3, Licht: 0,47522,3,4,4,08,18,4,0,0,1,0,1,0,0,0
"POINT (7.615036542000040 52.052017399000100)",Unfall 47571 (2022) Kat:2, Licht: 2,47571,2,6,2,09,00,5,0,2,0,0,0,0,1,0
"POINT (7.670127856000020 51.951206835999997)",Unfall 47592 (2022) Kat:3, Licht: 0,47592,3,3,0,09,12,4,0,0,1,0,0,0,0,0
"POINT (7.626351444000020 51.965259254000003)",Unfall 47626 (2022) Kat:3, Licht: 0,47626,3,2,5,09,17,5,0,0,1,1,0,0,0,0
"POINT (7.658824144000050 51.985724701999999)",Unfall 47664 (2022) Kat:2, Licht: 0,47664,2,3,5,08,07,3,0,0,1,1,0,0,0,0
"POINT (7.598763097000070 51.943259404000102)",Unfall 47868 (2022) Kat:3, Licht: 2,47868,3,7,4,08,22,4,0,2,1,0,0,0,0,0
"POINT (7.629750926000040 51.944717062999999)",Unfall 47897 (2022) Kat:3, Licht: 0,47897,3,3,0,09,07,5,0,0,1,1,0,0,0,0
"POINT (7.611841178000080 51.980168491000001)",Unfall 47917 (2022) Kat:3, Licht: 0,47917,3,2,5,09,13,4,0,0,1,0,0,0,0,1
"POINT (7.611445104000040 51.985302047000097)",Unfall 47969 (2022) Kat:3, Licht: 0,47969,3,3,5,09,08,3,1,0,1,1,0,0,0,0
"POINT (7.573464636000040 51.973133189000102)",Unfall 48021 (2022) Kat:3, Licht: 0,48021,3,3,5,08,17,2,0,0,1,1,0,0,0,0
"POINT (7.584941780000070 51.892632063000100)",Unfall 48095 (2022) Kat:3, Licht: 0,48095,3,3,5,09,12,3,0,0,0,1,0,1,0,0
"POINT (7.647106060000060 51.985620751000098)",Unfall 48126 (2022) Kat:3, Licht: 1,48126,3,3,5,09,20,6,1,1,1,1,0,0,0,0
"POINT (7.641749639000070 51.897942224000097)",Unfall 48146 (2022) Kat:2, Licht: 0,48146,2,4,6,09,12,2,0,0,1,0,1,0,0,0
"POINT (7.626158056000070 51.994760315000100)",Unfall 48173 (2022) Kat:3, Licht: 0,48173,3,6,1,08,07,2,0,0,0,1,0,0,1,0
"POINT (7.636905299000030 51.950924902000096)",Unfall 48281 (2022) Kat:3, Licht: 1,48281,3,2,5,09,18,6,0,1,1,1,0,0,0,0
"POINT (7.613748930000040 51.967220914999999)",Unfall 48291 (2022) Kat:2, Licht: 0,48291,2,7,3,09,07,5,0,0,1,0,0,0,0,0
"POINT (7.608978069000050 51.940274801000001)",Unfall 48338 (2022) Kat:3, Licht: 0,48338,3,6,2,09,17,2,1,0,0,1,0,0,0,0
"POINT (7.725260641000030 51.915958556000099)",Unfall 48411 (2022) Kat:3, Licht: 0,48411,3,7,0,09,09,3,0,0,1,1,0,0,0,0
"POINT (7.611648740000020 51.842313886000099)",Unfall 48459 (2022) Kat:2, Licht: 0,48459,2,2,5,09,10,7,0,0,0,1,0,0,0,0
"POINT (7.623346578000050 51.945712217000100)",Unfall 48602 (2022) Kat:3, Licht: 0,48602,3,4,6,09,12,5,0,0,1,0,1,0,0,0
"POINT (7.617012387000050 51.966364310000102)",Unfall 48700 (2022) Kat:2, Licht: 2,48700,2,1,0,09,02,4,0,2,0,0,0,0,0,1
"POINT (7.623389884000060 51.945927292000100)",Unfall 48764 (2022) Kat:3, Licht: 0,48764,3,6,2,09,11,5,0,0,1,0,0,0,0,0
"POINT (7.626158056000070 51.994760315000100)",Unfall 48930 (2022) Kat:3, Licht: 0,48930,3,6,4,09,14,4,0,0,0,1,0,0,0,0
"POINT (7.631169469000040 51.954037745999997)",Unfall 48988 (2022) Kat:3, Licht: 2,48988,3,1,8,09,05,1,0,2,0,0,0,0,0,1
"POINT (7.637601713000040 51.958751992000003)",Unfall 49000 (2022) Kat:3, Licht: 0,49000,3,2,1,09,17,4,0,0,1,0,0,1,0,0
"POINT (7.552613435000070 51.934249603000097)",Unfall 49029 (2022) Kat:3, Licht: 0,49029,3,6,2,09,13,6,0,0,0,0,0,0,1,0
"POINT (7.626351444000020 51.965259254000003)",Unfall 49034 (2022) Kat:3, Licht: 2,49034,3,1,0,09,01,7,1,2,1,0,0,0,0,0
"POINT (7.651487964000070 51.904602850000103)",Unfall 49057 (2022) Kat:3, Licht: 0,49057,3,4,6,09,07,4,0,0,0,1,1,0,0,0
"POINT (7.624884863000030 51.908046630000101)",Unfall 49076 (2022) Kat:2, Licht: 2,49076,2,6,0,09,00,3,1,2,0,0,0,0,0,1
"POINT (7.619160421000060 51.952579683000103)",Unfall 49102 (2022) Kat:3, Licht: 0,49102,3,2,5,09,15,5,0,0,0,1,0,0,0,1
"POINT (7.617225283000040 51.895051081000098)",Unfall 49134 (2022) Kat:3, Licht: 0,49134,3,3,5,09,11,6,0,0,0,1,0,1,0,0
"POINT (7.575474989000040 51.982231702000000)",Unfall 49136 (2022) Kat:3, Licht: 2,49136,3,6,4,09,22,2,0,2,0,1,0,0,0,0
"POINT (7.624959277000070 51.950875580000101)",Unfall 49150 (2022) Kat:2, Licht: 2,49150,2,3,5,09,21,5,0,2,0,1,0,1,0,0
"POINT (7.567714328000020 51.955746456999996)",Unfall 49193 (2022) Kat:3, Licht: 0,49193,3,2,5,09,07,6,0,0,1,1,0,0,0,0
"POINT (7.650180999000040 51.904883136000102)",Unfall 49195 (2022) Kat:3, Licht: 0,49195,3,4,6,09,18,2,0,0,0,0,1,0,0,1
"POINT (7.606564204000050 51.930498227000001)",Unfall 49254 (2022) Kat:3, Licht: 0,49254,3,2,5,09,16,4,0,0,1,1,0,0,0,0
"POINT (7.650071419000030 51.954977170000099)",Unfall 49278 (2022) Kat:3, Licht: 0,49278,3,3,5,09,11,3,1,0,0,1,0,1,0,0
"POINT (7.705141719000040 51.976548690000101)",Unfall 49288 (2022) Kat:3, Licht: 0,49288,3,6,2,09,13,7,1,0,0,1,0,0,0,0
"POINT (7.632328650000030 51.916612479000001)",Unfall 49307 (2022) Kat:3, Licht: 0,49307,3,6,2,09,16,6,1,0,0,1,0,0,0,0
"POINT (7.601630497000030 51.965928767000001)",Unfall 49348 (2022) Kat:3, Licht: 0,49348,3,6,2,09,17,2,0,0,0,1,0,0,0,0
"POINT (7.636284908000050 51.972511139000098)",Unfall 49394 (2022) Kat:3, Licht: 0,49394,3,2,3,09,18,5,0,0,1,1,0,0,0,0
"POINT (7.718239221000030 51.932504277000099)",Unfall 49474 (2022) Kat:3, Licht: 2,49474,3,1,9,09,01,7,0,2,0,1,0,0,0,0
"POINT (7.641061270000020 51.961725522000101)",Unfall 49522 (2022) Kat:3, Licht: 0,49522,3,6,3,09,15,6,1,0,0,1,0,1,0,0
"POINT (7.607937675000070 51.972432486999999)",Unfall 49539 (2022) Kat:3, Licht: 0,49539,3,2,5,09,12,5,0,0,1,1,0,0,0,0
"POINT (7.617084937000070 52.021431382999999)",Unfall 49569 (2022) Kat:3, Licht: 2,49569,3,1,9,09,22,5,0,2,1,0,0,0,0,0
"POINT (7.626405320000060 51.955456648999998)",Unfall 49606 (2022) Kat:3, Licht: 0,49606,3,3,5,09,12,6,0,0,0,1,0,0,0,1
"POINT (7.698506406000040 51.988698513000003)",Unfall 49644 (2022) Kat:3, Licht: 2,49644,3,6,3,09,21,7,1,2,1,0,0,0,0,0
"POINT (7.624649603000020 51.938967613000003)",Unfall 49667 (2022) Kat:3, Licht: 0,49667,3,6,3,09,07,4,0,0,0,1,0,1,0,0
"POINT (7.625833306000060 51.953558751000102)",Unfall 49723 (2022) Kat:3, Licht: 2,49723,3,1,0,09,02,6,0,2,0,0,0,0,0,1
"POINT (7.637486834000070 51.958798098000003)",Unfall 49862 (2022) Kat:3, Licht: 0,49862,3,7,0,09,16,4,0,0,1,1,0,0,0,0
"POINT (7.629773442000040 51.983605050000101)",Unfall 49921 (2022) Kat:3, Licht: 0,49921,3,4,6,09,12,6,0,0,0,1,1,0,0,0