WKT,Name,OBJECTID,UKATEGORIE,UTYP1,UART,UMONAT,USTUNDE,UWOCHENTAG,STRZUSTAND,ULICHTVERH,ISTRAD,ISTPKW,ISTFUSS,ISTKRAD,ISTGKFZ,ISTSONSTIG
"POINT (7.689385473000070 51.910170432000001)",Unfall 50044 (2022) Kat:3, Licht: 0,50044,3,2,5,09,14,5,0,0,1,1,0,0,0,0
"POINT (7.566278330000050 51.988654427000000)",Unfall 50106 (2022) Kat:3, Licht: 0,50106,3,1,0,09,17,6,1,0,0,1,0,0,0,0
"POINT (7.642925335000030 51.956455703000103)",Unfall 50117 (2022) Kat:3, Licht: 0,50117,3,6,0,09,14,4,1,0,1,0,0,0,0,0
"POINT (7.602856252000040 51.955295655999997)",Unfall 50164 (2022) Kat:3, Licht: 0,50164,3,2,5,09,17,4,0,0,1,1,0,0,0,0
"POINT (7.611673027000050 51.991291597000000)",Unfall 50229 (2022) Kat:3, Licht: 0,50229,3,6,5,09,11,4,0,0,1,0,0,0,0,0
"POINT (7.628160370000050 51.924967666000001)",Unfall 50349 (2022) Kat:3, Licht: 0,50349,3,1,0,09,17,1,1,0,0,0,0,1,0,0
"POINT (7.662816636000060 51.987549909999998)",Unfall 50367 (2022) Kat:3, Licht: 0,50367,3,6,0,09,14,5,0,0,1,0,0,0,0,0
"POINT (7.606584942000040 51.973534698000002)",Unfall 50394 (2022) Kat:3, Licht: 0,50394,3,3,5,09,14,3,0,0,1,1,0,0,0,0
"POINT (7.648217878000030 51.882619304000102)",Unfall 50403 (2022) Kat:2, Licht: 0,50403,2,6,4,09,18,5,0,0,1,0,0,0,0,0
"POINT (7.547739177000040 51.950821603000101)",Unfall 50418 (2022) Kat:3, Licht: 0,50418,3,6,2,09,15,7,1,0,0,1,0,0,1,0
"POINT (7.663925993000020 51.952660030000096)",Unfall 50478 (2022) Kat:3, Licht: 0,50478,3,2,0,09,18,4,0,0,0,1,0,0,0,1
"POINT (7.620774760000070 51.966650199000100)",Unfall 50496 (2022) Kat:3, Licht: 0,50496,3,6,1,09,14,6,0,0,0,1,0,1,0,0
"POINT (7.635572750000050 51.959531341000101)",Unfall 50514 (2022) Kat:3, Licht: 0,50514,3,4,0,09,13,7,0,0,1,0,1,0,0,0
"POINT (7.597881321000050 51.978593666999998)",Unfall 50538 (2022) Kat:3, Licht: 0,50538,3,3,0,09,12,3,0,0,1,0,0,0,0,1
"POINT (7.675941431000070 51.920769825000001)",Unfall 50544 (2022) Kat:3, Licht: 0,50544,3,6,2,09,14,5,0,0,0,1,0,0,0,1
"POINT (7.570898470000030 51.941422078000102)",Unfall 50556 (2022) Kat:3, Licht: 0,50556,3,2,5,09,16,7,1,0,0,1,0,0,0,0
"POINT (7.677852115000060 51.919044880999998)",Unfall 50592 (2022) Kat:3, Licht: 0,50592,3,2,5,09,14,5,0,0,1,1,0,0,0,0
"POINT (7.642566871000040 51.961846446999999)",Unfall 50673 (2022) Kat:3, Licht: 0,50673,3,4,6,10,16,4,0,0,1,0,1,0,0,0
"POINT (7.651793021000060 51.954872579000003)",Unfall 50764 (2022) Kat:3, Licht: 0,50764,3,6,2,10,17,5,0,0,0,1,0,0,0,0
"POINT (7.647023867000030 51.963743950000001)",Unfall 50791 (2022) Kat:3, Licht: 0,50791,3,1,0,10,14,3,0,0,1,0,0,0,0,0
"POINT (7.601610118000050 51.995080614000102)",Unfall 50809 (2022) Kat:2, Licht: 0,50809,2,3,5,10,14,4,0,0,1,1,0,0,0,0
"POINT (7.605468573000050 52.036961028000100)",Unfall 50868 (2022) Kat:3, Licht: 0,50868,3,6,2,10,13,6,0,0,0,1,0,0,0,1
"POINT (7.592166715000080 52.019552974000099)",Unfall 50921 (2022) Kat:3, Licht: 0,50921,3,6,3,10,14,7,1,0,0,1,0,0,0,0
"POINT (7.658823857000070 51.985723565999997)",Unfall 50961 (2022) Kat:3, Licht: 1,50961,3,3,5,10,09,5,0,1,1,1,0,0,0,0
"POINT (7.647135682000060 51.985708377000002)",Unfall 51136 (2022) Kat:3, Licht: 0,51136,3,3,5,10,16,2,0,0,1,1,0,0,0,0
"POINT (7.617787673000070 51.960739683000000)",Unfall 51188 (2022) Kat:3, Licht: 0,51188,3,6,0,10,09,4,0,0,1,0,0,0,0,0
"POINT (7.681277286000070 51.996891688000098)",Unfall 51219 (2022) Kat:3, Licht: 0,51219,3,3,5,10,14,4,0,0,0,0,0,0,0,1
"POINT (7.614265221000040 51.946835342999996)",Unfall 51243 (2022) Kat:3, Licht: 0,51243,3,6,2,10,16,6,0,0,0,1,0,1,0,1
"POINT (7.594726177000040 51.988571720000003)",Unfall 51305 (2022) Kat:3, Licht: 0,51305,3,3,5,10,14,5,0,0,1,1,0,0,0,0
"POINT (7.573467596000060 51.924978647000003)",Unfall 51334 (2022) Kat:2, Licht: 0,51334,2,6,2,10,15,5,0,0,0,1,0,1,0,0
"POINT (7.647413572000060 51.955213684000100)",Unfall 51356 (2022) Kat:3, Licht: 0,51356,3,7,0,10,16,6,0,0,1,1,0,0,0,0
"POINT (7.616455320000060 51.966711374000099)",Unfall 51480 (2022) Kat:3, Licht: 0,51480,3,6,3,10,13,4,0,0,1,0,0,0,0,0
"POINT (7.637294406000020 51.955632645999998)",Unfall 51487 (2022) Kat:3, Licht: 2,51487,3,1,0,10,20,5,0,2,1,0,0,0,0,0
"POINT (7.651392024000070 51.954894961000001)",Unfall 51503 (2022) Kat:3, Licht: 0,51503,3,2,3,10,14,3,0,0,1,1,0,0,0,0
"POINT (7.668399344000020 51.996710049999997)",Unfall 51598 (2022) Kat:2, Licht: 0,51598,2,1,0,10,15,4,0,0,1,0,0,0,0,0
"POINT (7.627035315000060 51.955804205000000)",Unfall 51655 (2022) Kat:3, Licht: 0,51655,3,7,0,10,14,6,0,0,0,0,0,0,0,1
"POINT (7.677852115000060 51.919044880999998)",Unfall 51702 (2022) Kat:3, Licht: 1,51702,3,3,0,10,20,1,0,1,0,1,0,0,0,1
"POINT (7.576344828000060 51.874727791000097)",Unfall 51704 (2022) Kat:3, Licht: 0,51704,3,6,2,10,13,3,0,0,0,1,0,0,1,0
"POINT (7.627742646000060 51.911680873000101)",Unfall 51707 (2022) Kat:3, Licht: 0,51707,3,2,5,10,16,6,1,0,1,1,0,0,0,0
"POINT (7.576030775000050 52.006810556000097)",Unfall 51716 (2022) Kat:3, Licht: 0,51716,3,6,2,10,11,7,1,0,0,1,0,0,0,0
"POINT (7.634471389000050 51.953017576000001)",Unfall 51732 (2022) Kat:3, Licht: 0,51732,3,6,6,10,16,6,0,0,1,0,1,0,0,0
"POINT (7.735434837000070 51.935360762000101)",Unfall 51761 (2022) Kat:2, Licht: 1,51761,2,6,2,10,21,2,0,1,0,1,0,1,0,0
"POINT (7.625496054000050 51.942350346000097)",Unfall 51787 (2022) Kat:3, Licht: 0,51787,3,3,5,10,16,4,0,0,1,1,0,0,0,0
"POINT (7.644675290000070 51.954251167000102)",Unfall 51823 (2022) Kat:3, Licht: 2,51823,3,1,0,10,23,5,0,2,1,0,0,0,0,0
"POINT (7.635141089000060 51.962025879000102)",Unfall 51848 (2022) Kat:3, Licht: 0,51848,3,6,0,10,14,7,0,0,1,0,0,0,0,0
"POINT (7.706721119000060 51.911521120000003)",Unfall 51871 (2022) Kat:3, Licht: 0,51871,3,2,5,10,14,6,0,0,0,1,0,0,0,0
"POINT (7.535693950000050 51.954486393000103)",Unfall 51882 (2022) Kat:3, Licht: 1,51882,3,2,5,10,07,4,0,1,1,1,0,0,0,0
"POINT (7.622443458000020 51.974690505000098)",Unfall 51888 (2022) Kat:3, Licht: 0,51888,3,1,0,10,09,3,1,0,1,0,0,0,0,0
"POINT (7.647501301000030 51.959939218999999)",Unfall 51931 (2022) Kat:3, Licht: 0,51931,3,2,4,10,13,2,0,0,1,1,0,0,0,0
"POINT (7.645744344000040 51.955499792000097)",Unfall 51937 (2022) Kat:3, Licht: 0,51937,3,6,2,10,14,4,0,0,0,1,0,0,0,0
"POINT (7.632874661000070 51.973232859000099)",Unfall 51953 (2022) Kat:3, Licht: 0,51953,3,2,5,10,13,2,0,0,1,1,0,0,0,0
"POINT (7.623554810000030 51.974719809000099)",Unfall 51964 (2022) Kat:3, Licht: 1,51964,3,7,0,10,07,3,1,1,1,0,0,0,0,0
"POINT (7.619937553000060 51.954685343000101)",Unfall 51987 (2022) Kat:3, Licht: 2,51987,3,1,0,10,01,6,1,2,1,0,0,0,0,0
"POINT (7.649914996000060 51.954985115000099)",Unfall 52012 (2022) Kat:3, Licht: 0,52012,3,5,0,10,12,2,0,0,0,1,0,0,0,0
"POINT (7.634106815000050 51.966467495000103)",Unfall 52062 (2022) Kat:3, Licht: 0,52062,3,2,4,10,16,5,0,0,1,0,0,1,0,0
"POINT (7.633470417000070 51.967439691999999)",Unfall 52183 (2022) Kat:3, Licht: 0,52183,3,6,2,10,08,3,1,0,0,1,0,1,0,0
"POINT (7.625849414000070 51.974520181999999)",Unfall 52211 (2022) Kat:3, Licht: 2,52211,3,1,0,10,22,7,1,2,0,0,0,0,0,1
"POINT (7.572244570000070 51.919408938000103)",Unfall 52215 (2022) Kat:3, Licht: 1,52215,3,7,1,10,07,4,0,1,0,1,0,0,0,1
"POINT (7.668654830000040 51.928706831000099)",Unfall 52221 (2022) Kat:3, Licht: 2,52221,3,7,2,10,19,7,0,2,0,1,0,1,0,0
"POINT (7.606784403000060 51.966465821000000)",Unfall 52222 (2022) Kat:3, Licht: 0,52222,3,3,5,10,14,3,0,0,1,1,0,0,0,0
"POINT (7.601959183000080 51.935359570000102)",Unfall 52316 (2022) Kat:3, Licht: 2,52316,3,3,5,10,22,5,0,2,0,1,0,0,0,0
"POINT (7.637609022000050 51.994798774000103)",Unfall 52361 (2022) Kat:3, Licht: 0,52361,3,2,5,10,18,4,0,0,1,1,0,0,0,0
"POINT (7.671309813000050 51.924892274999998)",Unfall 52434 (2022) Kat:3, Licht: 1,52434,3,1,0,10,07,3,1,1,1,0,0,0,0,0
"POINT (7.606584942000040 51.973534698000002)",Unfall 52448 (2022) Kat:2, Licht: 2,52448,2,2,5,10,20,4,0,2,0,0,0,0,0,1
"POINT (7.702225635000050 51.983215031999997)",Unfall 52463 (2022) Kat:3, Licht: 0,52463,3,5,4,10,15,1,0,0,0,1,0,0,0,0
"POINT (7.623642485000060 51.942861933000103)",Unfall 52503 (2022) Kat:3, Licht: 0,52503,3,2,5,10,10,2,1,0,1,1,0,0,0,0
"POINT (7.632805339000070 51.973084708999998)",Unfall 52554 (2022) Kat:3, Licht: 0,52554,3,1,0,10,13,6,0,0,1,0,0,0,0,0
"POINT (7.620822832000040 51.940326438000099)",Unfall 52558 (2022) Kat:3, Licht: 0,52558,3,4,5,10,15,4,0,0,1,0,1,0,0,0
"POINT (7.645523556000060 51.967953792000102)",Unfall 52605 (2022) Kat:3, Licht: 0,52605,3,7,0,10,12,7,0,0,1,0,0,0,0,0
"POINT (7.597610471000050 51.930195091000002)",Unfall 52619 (2022) Kat:3, Licht: 2,52619,3,1,8,10,06,4,1,2,0,1,0,0,0,0
"POINT (7.628815898000030 51.954806595999997)",Unfall 52689 (2022) Kat:3, Licht: 1,52689,3,3,5,10,18,6,0,1,1,1,0,0,0,0
"POINT (7.556701191000060 51.923303451000002)",Unfall 52730 (2022) Kat:2, Licht: 0,52730,2,6,3,10,09,6,1,0,0,1,0,0,1,0
"POINT (7.636589821000030 51.952893736000100)",Unfall 52764 (2022) Kat:3, Licht: 2,52764,3,2,6,10,06,7,1,2,0,1,1,0,0,0
"POINT (7.588667144000060 51.963629298999997)",Unfall 52794 (2022) Kat:3, Licht: 0,52794,3,6,5,10,14,5,0,0,1,0,0,0,0,0
"POINT (7.623897241000070 51.947601306000102)",Unfall 52810 (2022) Kat:3, Licht: 0,52810,3,4,6,10,16,5,1,0,1,1,1,0,0,0
"POINT (7.645471662000030 51.945206259000003)",Unfall 52817 (2022) Kat:3, Licht: 0,52817,3,2,3,10,10,6,0,0,1,1,0,0,0,0
"POINT (7.612482411000030 51.969117498999999)",Unfall 52876 (2022) Kat:2, Licht: 2,52876,2,3,0,10,20,6,1,2,0,1,0,1,0,0
"POINT (7.596644092000080 51.969904786000001)",Unfall 52888 (2022) Kat:3, Licht: 2,52888,3,7,9,10,21,7,1,2,0,0,0,0,0,1
"POINT (7.529361422000020 51.908507450000101)",Unfall 52894 (2022) Kat:3, Licht: 0,52894,3,7,0,10,12,6,1,0,0,1,0,0,1,0
"POINT (7.637674947000050 51.958721592000103)",Unfall 52898 (2022) Kat:3, Licht: 0,52898,3,2,6,10,16,3,0,0,0,1,1,0,0,0
"POINT (7.533963782000060 51.912283340999998)",Unfall 52903 (2022) Kat:2, Licht: 2,52903,2,6,0,10,23,4,0,2,0,1,0,0,1,0
"POINT (7.643566768000030 51.904058792000100)",Unfall 52931 (2022) Kat:3, Licht: 0,52931,3,3,5,10,16,6,1,0,0,1,0,0,0,0
"POINT (7.632805339000070 51.973084708999998)",Unfall 52972 (2022) Kat:3, Licht: 0,52972,3,2,5,10,15,4,0,0,1,1,0,0,0,0
"POINT (7.625242023000060 51.951720882000103)",Unfall 53036 (2022) Kat:3, Licht: 0,53036,3,6,3,10,14,4,0,0,1,0,0,0,0,0
"POINT (7.629947853000030 51.944891481000099)",Unfall 53052 (2022) Kat:3, Licht: 0,53052,3,1,0,10,11,2,1,0,1,0,0,0,0,0
"POINT (7.667324318000060 51.905964494999999)",Unfall 53234 (2022) Kat:3, Licht: 0,53234,3,3,1,10,16,4,0,0,1,0,0,0,0,0
"POINT (7.620145286000020 51.974610519000102)",Unfall 53239 (2022) Kat:3, Licht: 0,53239,3,1,0,10,08,3,1,0,1,0,0,0,0,0
"POINT (7.624344582000050 51.939388813999997)",Unfall 53287 (2022) Kat:3, Licht: 2,53287,3,2,5,10,19,6,1,2,1,1,0,0,0,0
"POINT (7.536952305000060 51.912854277000100)",Unfall 53304 (2022) Kat:3, Licht: 0,53304,3,6,3,10,08,2,0,0,0,1,0,0,1,0
"POINT (7.724308005000070 51.979470299000099)",Unfall 53448 (2022) Kat:3, Licht: 0,53448,3,7,2,10,18,7,1,0,0,1,0,0,0,0
"POINT (7.617853873000060 51.964709839000101)",Unfall 53458 (2022) Kat:3, Licht: 0,53458,3,6,3,10,11,6,0,0,0,1,0,0,1,0
"POINT (7.636961118000040 51.994893754000003)",Unfall 53469 (2022) Kat:3, Licht: 2,53469,3,1,8,10,19,7,1,2,1,0,0,0,0,0
"POINT (7.608189091000040 51.934421870999998)",Unfall 53562 (2022) Kat:3, Licht: 0,53562,3,6,2,11,07,6,0,0,0,1,0,0,0,0
"POINT (7.642460098000070 51.895435837000001)",Unfall 53661 (2022) Kat:3, Licht: 0,53661,3,3,5,11,14,5,0,0,0,1,0,1,0,0
"POINT (7.624425234000060 51.941982675000098)",Unfall 53675 (2022) Kat:3, Licht: 2,53675,3,1,0,11,23,3,1,2,1,0,0,0,0,0
"POINT (7.623831186000070 51.941354306000100)",Unfall 53684 (2022) Kat:3, Licht: 0,53684,3,5,1,11,09,2,0,0,0,1,0,0,0,1
"POINT (7.614479157000060 52.001868789000099)",Unfall 53800 (2022) Kat:3, Licht: 2,53800,3,1,8,11,04,1,2,2,0,1,0,0,0,0
"POINT (7.719782724000030 51.930532420000098)",Unfall 53817 (2022) Kat:3, Licht: 0,53817,3,3,5,11,08,7,0,0,1,1,0,0,0,0
"POINT (7.546982570000070 51.954158178000100)",Unfall 53844 (2022) Kat:3, Licht: 2,53844,3,6,2,11,06,4,0,2,0,1,0,0,0,0
"POINT (7.576324423000070 51.876795686999998)",Unfall 53849 (2022) Kat:3, Licht: 0,53849,3,6,2,11,07,5,1,0,0,1,0,0,0,1
"POINT (7.673754171000040 51.930018193000102)",Unfall 53867 (2022) Kat:3, Licht: 0,53867,3,3,5,11,12,6,0,0,1,1,0,0,0,0
"POINT (7.599115932000070 51.990751457000002)",Unfall 53893 (2022) Kat:3, Licht: 1,53893,3,3,5,11,07,6,1,1,1,1,0,0,0,0
"POINT (7.594641201000060 52.036518184999998)",Unfall 53956 (2022) Kat:3, Licht: 1,53956,3,3,5,11,07,5,0,1,0,1,0,0,1,0
"POINT (7.615116885000020 51.967293885000103)",Unfall 53982 (2022) Kat:3, Licht: 2,53982,3,6,2,11,17,2,0,2,0,1,0,0,0,0
"POINT (7.611841178000080 51.980168491000001)",Unfall 54001 (2022) Kat:3, Licht: 2,54001,3,6,2,11,17,5,0,2,0,1,0,0,0,0
"POINT (7.624246172000030 51.948694969000002)",Unfall 54085 (2022) Kat:3, Licht: 1,54085,3,3,3,11,18,2,1,1,1,0,0,0,0,0
"POINT (7.626286169000020 51.909608227000000)",Unfall 54116 (2022) Kat:3, Licht: 2,54116,3,6,4,10,19,1,0,2,1,0,0,0,0,1
"POINT (7.627742646000060 51.911680873000101)",Unfall 54193 (2022) Kat:3, Licht: 0,54193,3,3,5,11,13,6,1,0,1,1,0,0,0,0
"POINT (7.570912808000060 51.916965443999999)",Unfall 54232 (2022) Kat:2, Licht: 0,54232,2,1,0,11,10,2,0,0,1,0,0,0,0,0
"POINT (7.601718745000030 51.994919025000101)",Unfall 54264 (2022) Kat:2, Licht: 2,54264,2,1,0,11,17,4,0,2,1,0,0,0,0,0
"POINT (7.609255066000060 51.878870259999999)",Unfall 54326 (2022) Kat:3, Licht: 0,54326,3,2,4,11,15,5,0,0,1,1,0,0,0,0
"POINT (7.611956896000040 51.978704949000097)",Unfall 54442 (2022) Kat:3, Licht: 0,54442,3,6,2,11,13,6,1,0,0,1,0,0,0,0
"POINT (7.658604276000060 51.933804535000000)",Unfall 54459 (2022) Kat:3, Licht: 2,54459,3,6,0,11,16,4,0,2,1,0,0,0,0,0
"POINT (7.632661589000070 51.953738934999997)",Unfall 54481 (2022) Kat:3, Licht: 2,54481,3,3,3,11,18,4,0,2,1,0,0,0,0,1
"POINT (7.632661589000070 51.953738934999997)",Unfall 54535 (2022) Kat:2, Licht: 2,54535,2,1,9,10,00,1,0,2,0,0,0,0,0,1
"POINT (7.608328532000030 51.950459666000000)",Unfall 54557 (2022) Kat:3, Licht: 0,54557,3,7,0,11,12,6,0,0,0,0,1,0,0,1
"POINT (7.622321183000050 51.893943692000100)",Unfall 54577 (2022) Kat:3, Licht: 0,54577,3,3,5,11,15,4,0,0,1,1,0,0,0,0
"POINT (7.666032754000070 51.993097976999998)",Unfall 54601 (2022) Kat:3, Licht: 0,54601,3,6,2,11,15,2,0,0,0,1,0,1,0,0
"POINT (7.545326157000030 51.924857131000103)",Unfall 54612 (2022) Kat:2, Licht: 0,54612,2,6,4,11,16,6,0,0,0,1,0,0,0,0
"POINT (7.601718745000030 51.994919025000101)",Unfall 54678 (2022) Kat:3, Licht: 2,54678,3,7,2,11,19,5,0,2,1,0,0,0,0,1
"POINT (7.588655597000070 51.965413486000003)",Unfall 54753 (2022) Kat:3, Licht: 0,54753,3,2,0,11,12,2,0,0,1,0,0,0,0,1
"POINT (7.609369641000060 51.940738535999998)",Unfall 54829 (2022) Kat:3, Licht: 0,54829,3,3,5,11,14,5,0,0,1,1,0,0,0,0
"POINT (7.712982180000040 51.910991174000102)",Unfall 54844 (2022) Kat:3, Licht: 0,54844,3,6,6,10,16,2,0,0,1,0,1,0,0,0
"POINT (7.622598722000020 51.896294829000098)",Unfall 54953 (2022) Kat:2, Licht: 0,54953,2,1,0,11,07,2,0,0,0,0,1,0,0,1
"POINT (7.634230245000030 51.965605193000002)",Unfall 54976 (2022) Kat:2, Licht: 0,54976,2,1,0,11,09,1,0,0,1,0,0,0,0,0
"POINT (7.627035315000060 51.955804205000000)",Unfall 54993 (2022) Kat:3, Licht: 0,54993,3,3,5,11,13,4,0,0,1,1,0,0,0,0
"POINT (7.624170088000030 51.948462771999999)",Unfall 55044 (2022) Kat:3, Licht: 2,55044,3,2,0,11,18,4,0,2,1,1,0,0,0,0
"POINT (7.588152173000030 51.970377214000102)",Unfall 55066 (2022) Kat:3, Licht: 0,55066,3,3,5,11,09,6,0,0,1,1,0,0,0,0
"POINT (7.647023867000030 51.963743950000001)",Unfall 55072 (2022) Kat:3, Licht: 2,55072,3,2,5,11,17,3,0,2,0,1,0,0,0,0
"POINT (7.688273991000070 51.909609531999998)",Unfall 55079 (2022) Kat:3, Licht: 2,55079,3,3,5,11,18,2,0,2,0,1,0,0,0,0
"POINT (7.618477335000020 51.966639864999998)",Unfall 55103 (2022) Kat:3, Licht: 2,55103,3,4,6,11,17,4,0,2,0,1,1,0,0,0
"POINT (7.615116885000020 51.967293885000103)",Unfall 55111 (2022) Kat:3, Licht: 0,55111,3,1,0,11,13,7,0,0,1,0,0,0,0,0
"POINT (7.617611551000040 51.961878196000001)",Unfall 55131 (2022) Kat:3, Licht: 0,55131,3,1,0,11,08,4,1,0,1,0,0,0,0,0
"POINT (7.686807648000070 51.992767260000100)",Unfall 55160 (2022) Kat:3, Licht: 0,55160,3,1,0,11,07,3,1,0,1,0,0,0,0,0
"POINT (7.726978803000070 51.914557840999997)",Unfall 55181 (2022) Kat:3, Licht: 2,55181,3,7,0,11,23,6,0,2,1,0,0,0,0,0
"POINT (7.648651297000070 51.992945493999997)",Unfall 55251 (2022) Kat:3, Licht: 0,55251,3,2,6,11,12,5,0,0,0,0,1,0,0,1
"POINT (7.612565530000040 51.969877195999999)",Unfall 55300 (2022) Kat:3, Licht: 2,55300,3,3,0,11,06,5,1,2,1,1,0,0,0,1
"POINT (7.647097138000050 51.943899698000102)",Unfall 55348 (2022) Kat:3, Licht: 0,55348,3,6,2,10,12,2,0,0,0,1,0,0,0,1
"POINT (7.617767988000030 51.860888815000102)",Unfall 55404 (2022) Kat:3, Licht: 0,55404,3,3,5,11,08,5,1,0,0,1,0,0,0,0
"POINT (7.635280759000070 51.961443412000101)",Unfall 55436 (2022) Kat:2, Licht: 2,55436,2,1,9,11,01,6,0,2,0,0,0,0,0,1
"POINT (7.636287701000070 51.961910662999998)",Unfall 55514 (2022) Kat:3, Licht: 0,55514,3,6,2,11,08,6,0,0,1,0,0,0,0,0
"POINT (7.549162730000030 51.945275025000100)",Unfall 55517 (2022) Kat:3, Licht: 1,55517,3,7,9,10,17,2,0,1,0,1,0,0,0,0
"POINT (7.691921560000030 51.945114076000003)",Unfall 55524 (2022) Kat:3, Licht: 2,55524,3,6,1,11,17,5,0,2,0,1,0,0,1,0
"POINT (7.634982973000040 51.959748044999998)",Unfall 55557 (2022) Kat:3, Licht: 0,55557,3,3,3,11,07,4,0,0,1,0,0,0,0,1
"POINT (7.636905299000030 51.950924902000096)",Unfall 55561 (2022) Kat:3, Licht: 2,55561,3,2,5,11,17,4,0,2,1,1,0,0,0,0
"POINT (7.619369357000040 51.952868785000099)",Unfall 55617 (2022) Kat:3, Licht: 2,55617,3,6,1,11,21,6,1,2,0,1,0,0,0,0
"POINT (7.662694574000060 51.932358587000103)",Unfall 55665 (2022) Kat:3, Licht: 2,55665,3,2,5,11,07,4,1,2,1,1,0,0,0,0
"POINT (7.623269584000070 51.974713494000099)",Unfall 55697 (2022) Kat:3, Licht: 0,55697,3,6,1,11,16,1,0,0,1,0,0,0,0,0
"POINT (7.611848865000070 51.982305966000098)",Unfall 55708 (2022) Kat:3, Licht: 0,55708,3,2,3,11,13,2,0,0,1,1,0,0,0,0
"POINT (7.626149370000060 51.936610584000100)",Unfall 55710 (2022) Kat:3, Licht: 0,55710,3,6,2,11,13,6,0,0,0,1,0,0,0,0
"POINT (7.645379115000030 51.967732177000102)",Unfall 55717 (2022) Kat:2, Licht: 0,55717,2,2,0,11,10,5,0,0,1,1,0,0,0,0
"POINT (7.608065875000020 51.974010057000001)",Unfall 55761 (2022) Kat:3, Licht: 1,55761,3,2,4,11,14,2,1,1,1,1,0,0,0,0
"POINT (7.652601026000070 51.965591824000100)",Unfall 55858 (2022) Kat:3, Licht: 0,55858,3,3,5,11,14,5,0,0,0,1,0,0,0,0
"POINT (7.630051534000070 51.973684048000102)",Unfall 55901 (2022) Kat:3, Licht: 0,55901,3,2,0,11,08,2,1,0,1,1,0,0,0,0
"POINT (7.546374771000050 51.964905512000001)",Unfall 55920 (2022) Kat:3, Licht: 1,55920,3,6,2,11,08,7,1,1,0,1,0,0,1,0
"POINT (7.550802802000020 51.982474384000099)",Unfall 55929 (2022) Kat:3, Licht: 0,55929,3,2,1,11,08,4,1,0,0,1,0,0,0,0
"POINT (7.655673265000080 51.966830557999998)",Unfall 55990 (2022) Kat:3, Licht: 0,55990,3,6,2,11,13,3,1,0,0,1,0,0,0,0
"POINT (7.653221054000030 51.938704467000001)",Unfall 56032 (2022) Kat:3, Licht: 0,56032,3,2,5,11,16,4,0,0,0,1,0,0,0,1
"POINT (7.649904951000050 51.941292464000099)",Unfall 56042 (2022) Kat:3, Licht: 0,56042,3,4,6,11,15,3,0,0,0,1,1,0,0,0
"POINT (7.625496054000050 51.942350346000097)",Unfall 56045 (2022) Kat:3, Licht: 2,56045,3,4,6,11,20,6,1,2,0,1,1,0,0,0
"POINT (7.594726177000040 51.988571720000003)",Unfall 56101 (2022) Kat:3, Licht: 1,56101,3,3,5,11,16,4,1,1,0,1,0,0,0,0
"POINT (7.612186518000040 51.993388847000098)",Unfall 56120 (2022) Kat:3, Licht: 0,56120,3,3,5,11,10,4,0,0,0,1,0,0,0,0
"POINT (7.579380538000070 51.960290076000000)",Unfall 56130 (2022) Kat:3, Licht: 2,56130,3,6,0,11,07,2,1,2,1,0,0,0,0,0
"POINT (7.624344582000050 51.939388813999997)",Unfall 56133 (2022) Kat:3, Licht: 1,56133,3,3,5,11,08,6,0,1,1,1,0,0,0,0
"POINT (7.631331492000070 51.953994937000097)",Unfall 56195 (2022) Kat:3, Licht: 0,56195,3,2,5,11,08,4,0,0,0,1,0,0,0,1
"POINT (7.627998265000030 51.965009173000098)",Unfall 56222 (2022) Kat:2, Licht: 2,56222,2,1,0,11,17,7,0,2,1,0,0,0,0,0
"POINT (7.606564204000050 51.930498227000001)",Unfall 56243 (2022) Kat:3, Licht: 2,56243,3,2,5,11,07,2,1,2,1,1,0,0,0,0
"POINT (7.644986233000050 51.954540141000102)",Unfall 56325 (2022) Kat:3, Licht: 1,56325,3,2,5,11,07,6,1,1,1,1,0,0,0,0
"POINT (7.638150773000060 51.902467846000000)",Unfall 56348 (2022) Kat:3, Licht: 0,56348,3,2,5,12,14,5,0,0,1,1,0,0,0,0
"POINT (7.624430401000040 51.949229901000102)",Unfall 56352 (2022) Kat:3, Licht: 2,56352,3,1,0,12,22,5,0,2,0,0,0,0,0,1
"POINT (7.617611551000040 51.961878196000001)",Unfall 56375 (2022) Kat:3, Licht: 0,56375,3,2,5,11,16,3,0,0,1,0,0,0,0,1
"POINT (7.601759853000030 51.966659907000100)",Unfall 56434 (2022) Kat:3, Licht: 0,56434,3,3,5,11,12,6,1,0,1,1,0,0,0,0
"POINT (7.612040675000060 51.943956066000098)",Unfall 56466 (2022) Kat:2, Licht: 0,56466,2,2,5,11,10,2,1,0,1,1,0,0,0,0
"POINT (7.658827922000060 51.985739631999998)",Unfall 56630 (2022) Kat:3, Licht: 2,56630,3,3,5,11,06,4,1,2,1,1,0,0,0,0
"POINT (7.611557492000030 51.983703197000096)",Unfall 56681 (2022) Kat:3, Licht: 2,56681,3,2,5,11,19,4,1,2,1,1,0,0,0,0
"POINT (7.692309428000040 51.944983981000100)",Unfall 56697 (2022) Kat:3, Licht: 2,56697,3,2,5,11,07,3,1,2,0,1,0,1,0,0
"POINT (7.637340904000040 51.903474578999997)",Unfall 56730 (2022) Kat:3, Licht: 0,56730,3,2,0,11,15,5,1,0,1,1,0,0,0,0
"POINT (7.609255066000060 51.878870259999999)",Unfall 56749 (2022) Kat:3, Licht: 2,56749,3,3,0,11,17,3,0,2,1,1,0,0,0,0