WKT,Name,OBJECTID,UKATEGORIE,UTYP1,UART,UMONAT,USTUNDE,UWOCHENTAG,STRZUSTAND,ULICHTVERH,ISTRAD,ISTPKW,ISTFUSS,ISTKRAD,ISTGKFZ,ISTSONSTIG
"POINT (7.524365032000050 51.915593838000099)",Unfall 182213 (2022) Kat:2, Licht: 0,182213,2,4,6,11,17,3,0,0,0,1,1,0,0,0
"POINT (7.573318977000040 51.922240539000001)",Unfall 182307 (2022) Kat:3, Licht: 2,182307,3,2,6,11,18,3,0,2,0,1,1,0,0,0
"POINT (7.621361370000050 51.986755750999997)",Unfall 182321 (2022) Kat:3, Licht: 0,182321,3,3,5,10,16,3,0,0,1,0,0,0,0,0
"POINT (7.645297726000020 51.971616192000099)",Unfall 182340 (2022) Kat:3, Licht: 2,182340,3,3,5,11,17,3,0,2,1,1,0,0,0,0
"POINT (7.614905231000020 51.938807490999999)",Unfall 182354 (2022) Kat:3, Licht: 0,182354,3,3,5,11,07,5,0,0,1,1,0,0,0,0
"POINT (7.603193414000030 51.918751245000102)",Unfall 182438 (2022) Kat:2, Licht: 0,182438,2,1,9,10,15,2,1,0,0,1,0,0,0,0
"POINT (7.633117052000050 51.969929952000001)",Unfall 182515 (2022) Kat:3, Licht: 0,182515,3,4,6,10,16,5,0,0,0,1,1,0,0,0
"POINT (7.623361297000030 51.966848722000101)",Unfall 182529 (2022) Kat:3, Licht: 2,182529,3,1,0,10,19,2,1,2,1,0,0,0,0,0
"POINT (7.651086535000050 51.951095889000001)",Unfall 182544 (2022) Kat:3, Licht: 0,182544,3,7,0,10,17,3,0,0,1,0,1,0,0,0
"POINT (7.638685509000030 51.957248055000001)",Unfall 182550 (2022) Kat:2, Licht: 2,182550,2,5,0,11,00,1,0,2,0,1,0,0,0,1
"POINT (7.609150468000050 51.968025253000100)",Unfall 182611 (2022) Kat:3, Licht: 2,182611,3,1,0,11,19,7,0,2,1,1,0,0,0,0
"POINT (7.630633397000050 51.932694578000103)",Unfall 182713 (2022) Kat:3, Licht: 1,182713,3,3,5,11,16,6,0,1,1,1,0,0,0,0
"POINT (7.600705292000040 51.941565013000101)",Unfall 182724 (2022) Kat:3, Licht: 0,182724,3,6,4,11,14,3,0,0,1,1,0,0,0,0
"POINT (7.742991224000040 51.993841829000097)",Unfall 182802 (2022) Kat:3, Licht: 0,182802,3,1,9,11,09,1,0,0,0,1,0,0,0,0
"POINT (7.633533520000070 51.960224981000103)",Unfall 182836 (2022) Kat:3, Licht: 0,182836,3,1,0,10,13,3,0,0,1,0,0,0,0,0
"POINT (7.612062492000060 52.000660215000003)",Unfall 182862 (2022) Kat:3, Licht: 0,182862,3,4,3,10,12,5,0,0,1,0,1,0,0,0
"POINT (7.672366572000040 51.949504886000099)",Unfall 182874 (2022) Kat:3, Licht: 0,182874,3,6,4,10,16,1,0,0,1,1,0,0,0,0
"POINT (7.631640167000060 51.956112386000001)",Unfall 182947 (2022) Kat:3, Licht: 0,182947,3,3,5,10,13,3,0,0,1,1,0,0,0,0
"POINT (7.654026609000030 51.962485819999998)",Unfall 183014 (2022) Kat:3, Licht: 0,183014,3,2,5,10,13,2,0,0,1,1,0,0,0,0
"POINT (7.597467462000050 51.936625713000097)",Unfall 183029 (2022) Kat:3, Licht: 2,183029,3,2,1,10,19,2,1,2,0,1,0,0,0,1
"POINT (7.630130532000070 51.960567615000102)",Unfall 183038 (2022) Kat:3, Licht: 2,183038,3,3,5,10,20,5,0,2,1,1,0,0,0,0
"POINT (7.560968672000060 51.970660051000003)",Unfall 183046 (2022) Kat:3, Licht: 2,183046,3,1,0,11,00,6,1,2,0,0,0,0,0,1
"POINT (7.615040211000060 51.916720793000103)",Unfall 183114 (2022) Kat:3, Licht: 0,183114,3,6,4,10,15,7,0,0,1,0,0,0,0,0
"POINT (7.627676286000050 51.961454705999998)",Unfall 183286 (2022) Kat:3, Licht: 0,183286,3,4,6,11,12,7,0,0,1,0,1,0,0,0
"POINT (7.643812770000070 51.967780591000100)",Unfall 183350 (2022) Kat:3, Licht: 2,183350,3,4,6,11,22,1,0,2,0,1,1,0,0,0
"POINT (7.669585174000080 51.926832892999997)",Unfall 183366 (2022) Kat:3, Licht: 0,183366,3,3,5,11,16,2,0,0,1,1,0,0,0,0
"POINT (7.627316548000070 51.944333428000000)",Unfall 183375 (2022) Kat:3, Licht: 2,183375,3,5,1,11,16,4,0,2,1,1,0,0,0,0
"POINT (7.651686996000020 51.968165584000097)",Unfall 183391 (2022) Kat:2, Licht: 0,183391,2,6,2,11,13,5,1,0,1,1,0,0,0,0
"POINT (7.619522217000050 51.946616178000099)",Unfall 183394 (2022) Kat:3, Licht: 1,183394,3,7,0,12,07,5,1,1,1,0,0,0,0,0
"POINT (7.640749904000070 51.971542577999998)",Unfall 183495 (2022) Kat:3, Licht: 0,183495,3,3,0,11,08,6,1,0,1,0,0,0,0,0
"POINT (7.566326750000030 51.924619974999999)",Unfall 183639 (2022) Kat:3, Licht: 0,183639,3,3,0,11,13,5,0,0,1,1,0,0,0,0
"POINT (7.642564935000050 51.937058321999999)",Unfall 183640 (2022) Kat:3, Licht: 0,183640,3,2,5,11,15,3,0,0,1,1,0,0,0,0
"POINT (7.527200355000050 51.923191207000102)",Unfall 183671 (2022) Kat:3, Licht: 2,183671,3,2,6,11,19,7,0,2,0,1,1,0,0,0
"POINT (7.709883607000050 51.987192118000102)",Unfall 183700 (2022) Kat:3, Licht: 0,183700,3,3,5,11,15,2,0,0,1,1,0,0,0,0
"POINT (7.623714038000060 51.966290330000000)",Unfall 183710 (2022) Kat:3, Licht: 0,183710,3,2,3,11,09,5,1,0,1,1,0,0,0,0
"POINT (7.632806838000020 51.928513752000100)",Unfall 183772 (2022) Kat:3, Licht: 0,183772,3,3,5,11,15,2,1,0,1,1,0,0,0,0
"POINT (7.609067879000070 51.937972819999999)",Unfall 183799 (2022) Kat:3, Licht: 0,183799,3,2,6,11,18,3,0,0,0,1,1,0,0,0
"POINT (7.555294628000070 51.994601589000098)",Unfall 183800 (2022) Kat:3, Licht: 0,183800,3,5,0,11,15,2,0,0,1,1,0,0,0,0
"POINT (7.659186479000030 51.966810365000100)",Unfall 183857 (2022) Kat:3, Licht: 0,183857,3,1,5,12,16,5,0,0,1,0,0,0,0,0
"POINT (7.598818565000040 51.997532093000103)",Unfall 183915 (2022) Kat:3, Licht: 1,183915,3,4,6,11,07,2,1,1,0,1,1,0,0,0
"POINT (7.635494022000050 51.970234660000102)",Unfall 183996 (2022) Kat:3, Licht: 2,183996,3,5,1,11,02,1,0,2,1,1,0,0,0,0
"POINT (7.599713729000030 51.997062320000097)",Unfall 184014 (2022) Kat:2, Licht: 2,184014,2,4,6,11,06,2,1,2,0,1,1,0,0,0
"POINT (7.630633397000050 51.932694578000103)",Unfall 184018 (2022) Kat:3, Licht: 2,184018,3,3,5,11,01,1,1,2,1,1,0,0,0,0
"POINT (7.632401761000040 51.965062609000000)",Unfall 184077 (2022) Kat:3, Licht: 0,184077,3,5,1,11,09,3,0,0,1,1,0,0,0,0
"POINT (7.645617648000040 51.909224562000098)",Unfall 184085 (2022) Kat:3, Licht: 0,184085,3,7,0,11,12,4,0,0,1,0,1,0,0,0
"POINT (7.608571651000030 51.989395713000100)",Unfall 184160 (2022) Kat:3, Licht: 0,184160,3,2,5,11,14,4,1,0,0,1,0,0,0,0
"POINT (7.617157846000050 51.948965267000098)",Unfall 184172 (2022) Kat:3, Licht: 0,184172,3,1,0,11,16,6,1,0,1,0,0,0,0,0
"POINT (7.576368538000050 51.965863208000002)",Unfall 184215 (2022) Kat:3, Licht: 0,184215,3,3,5,11,12,3,0,0,0,1,0,0,0,0
"POINT (7.679635025000040 51.931859401000096)",Unfall 184223 (2022) Kat:3, Licht: 0,184223,3,1,0,11,13,6,1,0,1,0,0,0,0,0
"POINT (7.629072078000040 51.959833308000000)",Unfall 184469 (2022) Kat:3, Licht: 2,184469,3,7,0,12,19,2,1,2,0,1,1,0,0,0
"POINT (7.639853433000040 51.952279384000100)",Unfall 184582 (2022) Kat:2, Licht: 2,184582,2,7,2,12,07,4,1,2,0,1,0,0,0,1
"POINT (7.627729734000070 51.963693469000098)",Unfall 184608 (2022) Kat:3, Licht: 0,184608,3,4,0,12,12,6,0,0,1,0,1,0,0,0
"POINT (7.628689805000020 51.905535393000001)",Unfall 184832 (2022) Kat:3, Licht: 2,184832,3,3,5,12,08,6,1,2,1,1,0,0,0,0
"POINT (7.630189899000070 51.960529479999998)",Unfall 184870 (2022) Kat:3, Licht: 0,184870,3,5,1,12,12,7,1,0,0,1,0,0,0,1
"POINT (7.659725499000050 51.967667665000100)",Unfall 184931 (2022) Kat:3, Licht: 0,184931,3,2,0,12,16,7,0,0,1,1,0,0,0,0
"POINT (7.635758597000060 51.960263318000003)",Unfall 184935 (2022) Kat:3, Licht: 0,184935,3,6,3,12,12,6,1,0,0,1,0,0,0,1
"POINT (7.633827041000070 51.955968446999997)",Unfall 184951 (2022) Kat:3, Licht: 2,184951,3,4,6,12,23,4,0,2,0,1,1,0,0,0
"POINT (7.661152286000060 51.964856246000103)",Unfall 185125 (2022) Kat:3, Licht: 1,185125,3,1,0,12,05,2,2,1,0,1,0,0,0,0
"POINT (7.600243061000070 51.996341845000103)",Unfall 185144 (2022) Kat:3, Licht: 1,185144,3,5,1,12,15,5,1,1,0,1,0,0,0,0
"POINT (7.635473876000050 51.980260428000101)",Unfall 185163 (2022) Kat:3, Licht: 2,185163,3,7,8,12,19,5,0,2,0,1,0,0,0,0
"POINT (7.611833834000038 51.982500723000044)",Unfall 22360 (2023) Kat:3, Licht: 2,22360,3,4,6,01,19,2,1,2,0,1,1,0,0,0
"POINT (7.688250352000068 51.909596455000042)",Unfall 22405 (2023) Kat:3, Licht: 2,22405,3,7,7,01,05,1,0,2,1,0,0,0,0,0
"POINT (7.697032310000054 51.973959898000032)",Unfall 24192 (2023) Kat:2, Licht: 2,24192,2,6,4,01,02,1,0,2,1,0,0,0,0,0
"POINT (7.641528271000027 51.956978100000072)",Unfall 24985 (2023) Kat:3, Licht: 0,24985,3,2,5,01,15,3,0,0,1,1,0,0,0,0
"POINT (7.743329488000029 51.933149673000059)",Unfall 25617 (2023) Kat:3, Licht: 2,25617,3,7,0,01,07,2,1,2,0,1,0,0,0,0
"POINT (7.611445104000040 51.985302047000062)",Unfall 25618 (2023) Kat:3, Licht: 1,25618,3,3,0,01,07,2,0,1,1,1,0,0,0,0
"POINT (7.633776737000062 51.962090595000063)",Unfall 25723 (2023) Kat:3, Licht: 2,25723,3,2,5,01,18,1,0,2,1,1,0,0,0,0
"POINT (7.626931640000066 51.956020482000042)",Unfall 25775 (2023) Kat:3, Licht: 0,25775,3,5,1,01,10,7,1,0,1,0,1,0,0,0
"POINT (7.566267295000046 51.972922765000078)",Unfall 25776 (2023) Kat:3, Licht: 2,25776,3,3,5,01,20,7,1,2,0,1,0,0,0,0
"POINT (7.595341020000035 51.931973783000046)",Unfall 25974 (2023) Kat:3, Licht: 2,25974,3,4,0,01,21,5,0,2,0,1,1,0,0,0
"POINT (7.625809367000045 51.953487731000052)",Unfall 25975 (2023) Kat:3, Licht: 0,25975,3,6,0,01,12,5,1,0,0,0,0,0,0,1
"POINT (7.634605952000072 51.964552987000047)",Unfall 25976 (2023) Kat:3, Licht: 2,25976,3,6,4,01,16,5,1,2,0,1,0,0,0,0
"POINT (7.650710710000055 51.964863886000046)",Unfall 26109 (2023) Kat:2, Licht: 0,26109,2,2,5,01,16,4,0,0,1,1,0,0,0,0
"POINT (7.619204440000033 51.974565179000081)",Unfall 26110 (2023) Kat:3, Licht: 1,26110,3,3,0,01,07,4,1,1,1,0,1,0,0,0
"POINT (7.609390930000075 51.940763748000052)",Unfall 26111 (2023) Kat:3, Licht: 2,26111,3,2,6,01,07,4,1,2,0,1,1,0,0,0
"POINT (7.642424989000062 51.895480575000079)",Unfall 26243 (2023) Kat:3, Licht: 2,26243,3,3,0,01,07,3,0,2,1,1,0,0,0,0
"POINT (7.626785044000030 51.987215131000028)",Unfall 26245 (2023) Kat:3, Licht: 2,26245,3,6,4,01,18,3,1,2,1,0,0,0,0,0
"POINT (7.623898676000067 51.941849084000069)",Unfall 26246 (2023) Kat:3, Licht: 2,26246,3,2,6,01,19,3,1,2,0,1,1,0,0,0
"POINT (7.644986233000054 51.954540141000052)",Unfall 26363 (2023) Kat:3, Licht: 2,26363,3,2,5,01,19,2,1,2,1,1,0,0,0,0
"POINT (7.623743413000057 51.965947256000049)",Unfall 26511 (2023) Kat:3, Licht: 2,26511,3,1,0,01,01,7,1,2,1,0,0,0,0,0
"POINT (7.627229851000038 51.955797426000061)",Unfall 26512 (2023) Kat:3, Licht: 2,26512,3,7,5,01,19,7,0,2,1,1,0,0,0,0
"POINT (7.634160236000071 51.959669565000070)",Unfall 26513 (2023) Kat:3, Licht: 0,26513,3,1,0,01,14,7,0,0,1,0,0,0,0,0
"POINT (7.645912834000058 51.966885381000054)",Unfall 26583 (2023) Kat:3, Licht: 2,26583,3,6,0,01,17,6,0,2,1,0,0,0,0,0
"POINT (7.624951780000060 51.950850939000077)",Unfall 26660 (2023) Kat:3, Licht: 0,26660,3,2,5,01,15,5,0,0,1,1,0,0,0,0
"POINT (7.542122032000066 51.924774176000028)",Unfall 26747 (2023) Kat:3, Licht: 1,26747,3,3,5,01,15,4,1,1,0,1,0,0,0,0
"POINT (7.601775457000031 51.966738143000043)",Unfall 26858 (2023) Kat:3, Licht: 0,26858,3,2,5,02,09,1,1,0,1,1,0,0,0,0
"POINT (7.634982973000035 51.959748045000026)",Unfall 26896 (2023) Kat:3, Licht: 2,26896,3,1,0,02,04,7,0,2,1,0,0,0,0,0
"POINT (7.546040647000041 51.958636626000043)",Unfall 26958 (2023) Kat:2, Licht: 2,26958,2,7,8,02,06,6,0,2,0,0,0,0,1,0
"POINT (7.519352470000058 52.001554658000032)",Unfall 26959 (2023) Kat:3, Licht: 2,26959,3,6,2,02,07,6,1,2,0,1,0,0,0,0
"POINT (7.673502438000071 51.922967851000067)",Unfall 27024 (2023) Kat:2, Licht: 2,27024,2,6,8,02,06,5,1,2,1,0,0,0,0,0
"POINT (7.673428495000053 51.923028635000037)",Unfall 27025 (2023) Kat:3, Licht: 2,27025,3,6,8,02,05,5,1,2,1,0,0,0,0,0
"POINT (7.649984073000041 51.964656374000072)",Unfall 27132 (2023) Kat:2, Licht: 2,27132,2,3,5,02,19,4,1,2,1,1,0,0,0,0
"POINT (7.586253339000052 51.985451881000074)",Unfall 27207 (2023) Kat:3, Licht: 2,27207,3,6,2,01,06,3,0,2,0,1,0,0,0,0
"POINT (7.609420022000052 51.940798200000074)",Unfall 27208 (2023) Kat:3, Licht: 1,27208,3,6,2,01,16,3,1,1,0,1,0,0,0,0
"POINT (7.610223284000028 51.967576918000077)",Unfall 27284 (2023) Kat:2, Licht: 2,27284,2,1,0,01,18,2,0,2,1,0,0,0,0,0
"POINT (7.541887925000026 51.990891734000058)",Unfall 27286 (2023) Kat:3, Licht: 2,27286,3,2,5,01,06,2,1,2,0,1,0,0,0,0
"POINT (7.639393410000025 51.957983525000031)",Unfall 27288 (2023) Kat:3, Licht: 0,27288,3,3,5,01,16,2,0,0,1,0,0,0,0,1
"POINT (7.680746912000075 51.916382999000064)",Unfall 27289 (2023) Kat:3, Licht: 2,27289,3,7,7,01,07,2,1,2,1,0,0,0,0,1
"POINT (7.647004570000036 51.955281672000069)",Unfall 27290 (2023) Kat:3, Licht: 0,27290,3,4,6,01,17,2,1,0,0,0,1,0,0,1
"POINT (7.619011072000035 51.974555143000032)",Unfall 27291 (2023) Kat:3, Licht: 2,27291,3,2,6,01,07,2,1,2,0,1,1,0,0,0
"POINT (7.627023813000051 51.931362074000049)",Unfall 27293 (2023) Kat:3, Licht: 0,27293,3,2,3,01,11,2,1,0,1,1,0,0,0,0
"POINT (7.667598206000036 51.928326301000027)",Unfall 27294 (2023) Kat:3, Licht: 2,27294,3,2,5,01,06,2,1,2,1,1,0,0,0,0
"POINT (7.608616597000037 51.935443060000068)",Unfall 27414 (2023) Kat:3, Licht: 0,27414,3,2,5,01,09,7,0,0,1,1,0,0,0,0
"POINT (7.635808332000067 51.971666945000038)",Unfall 27460 (2023) Kat:3, Licht: 0,27460,3,3,5,01,15,6,0,0,1,1,0,0,0,0
"POINT (7.647036008000043 51.963716201000068)",Unfall 27546 (2023) Kat:3, Licht: 2,27546,3,2,5,01,06,5,1,2,0,1,0,0,0,0
"POINT (7.542976026000076 51.954851948000055)",Unfall 27547 (2023) Kat:3, Licht: 2,27547,3,7,0,01,06,5,2,2,0,1,0,0,0,0
"POINT (7.618963858000029 51.939994142000046)",Unfall 27807 (2023) Kat:2, Licht: 0,27807,2,7,0,01,12,2,2,0,1,1,0,0,0,0
"POINT (7.624153401000058 51.940876252000066)",Unfall 27808 (2023) Kat:3, Licht: 0,27808,3,3,5,01,13,2,0,0,1,1,0,0,0,0
"POINT (7.619881306000025 51.954930133000062)",Unfall 27809 (2023) Kat:3, Licht: 0,27809,3,2,5,01,08,2,1,0,1,1,0,0,0,0
"POINT (7.594707818000074 51.988569162000033)",Unfall 27810 (2023) Kat:3, Licht: 0,27810,3,7,0,01,09,2,1,0,1,0,0,0,0,0
"POINT (7.509597322000047 51.952908023000077)",Unfall 27879 (2023) Kat:3, Licht: 0,27879,3,3,5,01,15,1,1,0,0,1,0,0,0,0
"POINT (7.587442185000043 51.937353270000074)",Unfall 27880 (2023) Kat:3, Licht: 0,27880,3,2,0,01,13,1,1,0,1,1,0,0,0,0
"POINT (7.580798808000054 51.988375019000046)",Unfall 27921 (2023) Kat:3, Licht: 2,27921,3,6,4,01,18,7,1,2,0,1,0,0,0,0
"POINT (7.625668973000074 51.953077281000049)",Unfall 27922 (2023) Kat:3, Licht: 0,27922,3,6,2,01,12,7,0,0,1,0,0,0,0,0
"POINT (7.674412044000064 51.970327127000076)",Unfall 27971 (2023) Kat:3, Licht: 0,27971,3,6,1,01,15,6,0,0,0,1,0,0,0,0
"POINT (7.526620606000051 51.923634676000063)",Unfall 27972 (2023) Kat:3, Licht: 0,27972,3,4,6,01,13,6,0,0,0,1,1,0,0,0
"POINT (7.702977100000055 51.981419178000067)",Unfall 28087 (2023) Kat:3, Licht: 2,28087,3,4,6,01,07,5,2,2,0,1,1,0,0,0
"POINT (7.649791368000024 51.941182513000058)",Unfall 28266 (2023) Kat:3, Licht: 2,28266,3,2,5,01,06,4,1,2,0,1,0,0,0,0
"POINT (7.531757809000055 51.956680587000051)",Unfall 28267 (2023) Kat:3, Licht: 2,28267,3,3,5,01,07,4,0,2,1,1,0,0,0,0
"POINT (7.608124099000065 51.972456914000077)",Unfall 28371 (2023) Kat:3, Licht: 1,28371,3,4,0,01,17,3,0,1,1,0,1,0,0,0
"POINT (7.626553721000050 51.955466069000067)",Unfall 28372 (2023) Kat:3, Licht: 0,28372,3,7,0,01,14,3,0,0,0,1,0,0,0,0
"POINT (7.658827922000057 51.985739632000048)",Unfall 28373 (2023) Kat:3, Licht: 0,28373,3,3,5,01,08,3,0,0,1,1,0,0,0,0
"POINT (7.635770560000026 51.901072387000056)",Unfall 28519 (2023) Kat:3, Licht: 0,28519,3,3,5,03,17,2,0,0,1,1,0,0,0,0
"POINT (7.627697663000049 51.955188854000028)",Unfall 28570 (2023) Kat:3, Licht: 2,28570,3,7,8,03,03,1,0,2,0,0,0,0,0,1
"POINT (7.662090052000053 51.994908022000061)",Unfall 28600 (2023) Kat:3, Licht: 0,28600,3,3,4,03,16,7,0,0,1,1,0,0,0,0
"POINT (7.618977215000029 51.974553370000081)",Unfall 28698 (2023) Kat:3, Licht: 0,28698,3,6,2,03,15,2,0,0,0,1,0,0,0,0
"POINT (7.686082271000032 51.972468223000078)",Unfall 28711 (2023) Kat:3, Licht: 0,28711,3,7,1,03,17,5,0,0,0,1,0,0,0,0
"POINT (7.639213907000055 51.901137385000027)",Unfall 28797 (2023) Kat:3, Licht: 0,28797,3,7,0,03,12,4,0,0,0,1,0,0,0,1
"POINT (7.552819077000038 51.932996239000033)",Unfall 28817 (2023) Kat:2, Licht: 2,28817,2,7,3,03,20,2,1,2,0,0,0,0,1,1
"POINT (7.626599517000045 51.932407047000027)",Unfall 28956 (2023) Kat:3, Licht: 0,28956,3,6,2,02,15,2,0,0,0,1,0,0,0,0
"POINT (7.608120370000051 51.974020358000075)",Unfall 28995 (2023) Kat:3, Licht: 0,28995,3,3,5,03,18,4,0,0,1,1,0,0,0,0
"POINT (7.716132797000057 51.978235552000058)",Unfall 29037 (2023) Kat:3, Licht: 0,29037,3,7,5,02,10,1,0,0,0,1,0,0,0,0
"POINT (7.617533938000065 51.939774554000053)",Unfall 29071 (2023) Kat:3, Licht: 0,29071,3,6,0,02,17,7,0,0,1,1,0,0,0,0
"POINT (7.647191063000037 51.943552962000069)",Unfall 29134 (2023) Kat:3, Licht: 2,29134,3,3,0,02,05,6,0,2,1,1,0,0,0,0
"POINT (7.675075492000076 51.949531198000045)",Unfall 29225 (2023) Kat:3, Licht: 2,29225,3,2,6,02,05,5,1,2,0,1,1,0,0,0
"POINT (7.636905299000034 51.950924902000054)",Unfall 29226 (2023) Kat:3, Licht: 0,29226,3,2,5,02,12,5,1,0,1,1,0,0,0,0
"POINT (7.622495880000031 51.974692079000079)",Unfall 29322 (2023) Kat:3, Licht: 0,29322,3,6,3,02,15,4,0,0,1,0,0,0,0,0
"POINT (7.631669907000060 51.973320145000059)",Unfall 29323 (2023) Kat:3, Licht: 1,29323,3,6,0,02,07,4,1,1,1,0,0,0,0,0
"POINT (7.625460583000063 51.952462945000036)",Unfall 29324 (2023) Kat:3, Licht: 0,29324,3,2,5,02,16,4,0,0,1,0,0,0,0,1
"POINT (7.574021872000060 51.889027267000074)",Unfall 29404 (2023) Kat:3, Licht: 0,29404,3,6,2,02,14,3,1,0,0,1,0,0,0,0
"POINT (7.614657137000052 52.002755295000043)",Unfall 29405 (2023) Kat:3, Licht: 0,29405,3,2,5,02,16,3,1,0,1,1,0,0,0,0
"POINT (7.560348480000073 51.952968290000058)",Unfall 29407 (2023) Kat:3, Licht: 1,29407,3,6,2,02,07,3,1,1,0,1,0,0,0,0
"POINT (7.639776999000048 51.975115864000031)",Unfall 29408 (2023) Kat:3, Licht: 2,29408,3,3,5,02,18,3,0,2,1,1,0,0,0,0
"POINT (7.659732961000032 51.934502734000034)",Unfall 29478 (2023) Kat:3, Licht: 0,29478,3,1,2,03,16,7,0,0,0,1,0,0,0,0
"POINT (7.631331492000072 51.953994937000061)",Unfall 29642 (2023) Kat:2, Licht: 2,29642,2,2,6,02,20,6,1,2,0,1,1,0,0,0
"POINT (7.557820014000072 51.871646388000045)",Unfall 29657 (2023) Kat:3, Licht: 0,29657,3,6,4,02,07,5,1,0,0,1,0,0,0,0
"POINT (7.557391027000051 51.949961872000074)",Unfall 29734 (2023) Kat:2, Licht: 1,29734,2,3,5,02,07,5,0,1,1,0,0,1,0,0
"POINT (7.664795325000057 51.931024245000060)",Unfall 29806 (2023) Kat:3, Licht: 0,29806,3,2,6,03,14,6,0,0,0,1,1,0,0,0
"POINT (7.648250820000044 51.991927853000050)",Unfall 29824 (2023) Kat:3, Licht: 0,29824,3,6,2,02,09,4,0,0,0,1,0,0,0,1
"POINT (7.634447987000044 51.959739510000077)",Unfall 29825 (2023) Kat:3, Licht: 2,29825,3,6,4,02,17,4,0,2,1,0,0,0,0,0
"POINT (7.619828097000038 51.954949522000049)",Unfall 29827 (2023) Kat:3, Licht: 2,29827,3,6,1,02,06,4,0,2,0,1,0,0,0,0
"POINT (7.612574931000040 51.971306906000052)",Unfall 29828 (2023) Kat:3, Licht: 0,29828,3,7,6,02,14,4,0,0,0,1,1,0,0,0
"POINT (7.626174103000039 51.954708346000075)",Unfall 29897 (2023) Kat:3, Licht: 0,29897,3,7,0,02,14,2,0,0,1,1,1,0,0,0
"POINT (7.649784958000055 51.941186607000077)",Unfall 29942 (2023) Kat:3, Licht: 0,29942,3,7,5,02,13,3,0,0,0,1,0,0,1,0
"POINT (7.631950694000068 51.937711276000073)",Unfall 29943 (2023) Kat:3, Licht: 0,29943,3,6,2,02,16,3,0,0,0,1,0,0,0,0
"POINT (7.654272119000041 51.931320720000031)",Unfall 29977 (2023) Kat:2, Licht: 1,29977,2,3,5,02,18,1,1,1,1,1,0,0,0,0
"POINT (7.549135030000059 51.945377303000043)",Unfall 30076 (2023) Kat:3, Licht: 0,30076,3,6,0,02,10,2,0,0,0,1,0,0,0,0
"POINT (7.603988452000067 51.994091652000066)",Unfall 30078 (2023) Kat:3, Licht: 0,30078,3,2,3,02,13,2,0,0,1,1,0,0,0,0
"POINT (7.589019358000030 51.983840006000037)",Unfall 30240 (2023) Kat:3, Licht: 0,30240,3,6,2,02,16,7,0,0,0,1,0,0,0,0
"POINT (7.632694723000043 51.953725269000074)",Unfall 30265 (2023) Kat:3, Licht: 0,30265,3,2,5,02,17,2,1,0,1,1,0,0,0,0
"POINT (7.619838444000038 51.954994070000055)",Unfall 30316 (2023) Kat:2, Licht: 2,30316,2,3,5,03,19,1,0,2,0,1,0,0,0,1
"POINT (7.567423077000058 51.996369404000063)",Unfall 30338 (2023) Kat:3, Licht: 0,30338,3,7,0,02,13,6,0,0,0,1,0,0,0,0
"POINT (7.543460760000073 51.992183257000079)",Unfall 30340 (2023) Kat:3, Licht: 1,30340,3,2,5,02,07,6,0,1,0,1,0,0,0,0
"POINT (7.724357849000057 51.914610625000080)",Unfall 30341 (2023) Kat:2, Licht: 0,30341,2,7,1,02,15,6,0,0,0,1,0,0,0,0
"POINT (7.588810464000062 51.965280043000064)",Unfall 30343 (2023) Kat:3, Licht: 0,30343,3,2,5,02,07,6,0,0,1,1,0,0,0,0
"POINT (7.647414137000055 51.959018082000057)",Unfall 30467 (2023) Kat:2, Licht: 0,30467,2,6,2,02,09,5,0,0,0,1,0,0,0,0
"POINT (7.638125566000042 51.958549232000053)",Unfall 30666 (2023) Kat:2, Licht: 0,30666,2,2,5,02,14,3,0,0,1,1,0,0,0,0
"POINT (7.548539520000077 51.947587500000054)",Unfall 30678 (2023) Kat:2, Licht: 2,30678,2,6,3,02,22,1,0,2,0,1,0,0,0,0
"POINT (7.640251306000039 51.957556514000032)",Unfall 30808 (2023) Kat:3, Licht: 2,30808,3,2,2,02,20,2,0,2,1,0,0,1,0,0
"POINT (7.629264171000045 51.925622290000035)",Unfall 30810 (2023) Kat:3, Licht: 2,30810,3,3,5,02,18,2,0,2,1,1,0,0,0,0
"POINT (7.616902667000033 51.949869888000080)",Unfall 30851 (2023) Kat:3, Licht: 0,30851,3,3,5,03,08,2,0,0,1,0,0,0,0,1
"POINT (7.612511591000043 51.972248948000072)",Unfall 30852 (2023) Kat:3, Licht: 2,30852,3,4,6,03,19,2,1,2,0,1,1,0,0,0
"POINT (7.698874032000049 51.988615847000062)",Unfall 30973 (2023) Kat:2, Licht: 2,30973,2,1,6,03,18,7,1,2,0,1,1,0,0,0
"POINT (7.644472062000034 51.894573599000068)",Unfall 30974 (2023) Kat:2, Licht: 2,30974,2,6,4,03,19,7,1,2,0,1,0,0,0,0
"POINT (7.553397053000026 51.932056180000075)",Unfall 31063 (2023) Kat:3, Licht: 0,31063,3,6,3,03,09,6,0,0,0,1,0,0,0,0
"POINT (7.592330458000049 51.930284315000051)",Unfall 31064 (2023) Kat:3, Licht: 0,31064,3,2,4,03,08,6,0,0,0,1,0,0,1,0
"POINT (7.614412405000053 51.967237404000059)",Unfall 31065 (2023) Kat:3, Licht: 2,31065,3,4,6,03,20,6,1,2,0,0,1,0,0,1