WKT,Name,OBJECTID,UKATEGORIE,UTYP1,UART,UMONAT,USTUNDE,UWOCHENTAG,STRZUSTAND,ULICHTVERH,ISTRAD,ISTPKW,ISTFUSS,ISTKRAD,ISTGKFZ,ISTSONSTIG
"POINT (7.603732429000047 51.885655148000069)",Unfall 31149 (2023) Kat:3, Licht: 0,31149,3,6,3,03,16,5,0,0,1,1,0,0,0,0
"POINT (7.591272446000062 51.891772701000036)",Unfall 31150 (2023) Kat:3, Licht: 0,31150,3,2,0,03,14,5,0,0,0,1,0,0,0,1
"POINT (7.642302027000028 51.961813697000082)",Unfall 31151 (2023) Kat:3, Licht: 0,31151,3,2,5,03,15,5,0,0,1,1,0,0,0,0
"POINT (7.588015196000072 51.984428903000037)",Unfall 31225 (2023) Kat:3, Licht: 0,31225,3,6,2,03,07,4,0,0,0,1,0,0,0,0
"POINT (7.556936767000025 51.915156950000039)",Unfall 31311 (2023) Kat:3, Licht: 0,31311,3,6,2,03,08,3,2,0,0,1,0,0,0,0
"POINT (7.658175804000052 51.975429968000071)",Unfall 31312 (2023) Kat:3, Licht: 0,31312,3,3,5,03,16,3,0,0,1,1,0,0,0,0
"POINT (7.636326783000072 51.972501100000045)",Unfall 31396 (2023) Kat:3, Licht: 2,31396,3,2,5,03,05,2,0,2,0,0,0,0,0,1
"POINT (7.705188732000067 51.976563042000066)",Unfall 31478 (2023) Kat:3, Licht: 2,31478,3,3,5,03,21,1,0,2,0,1,0,0,0,0
"POINT (7.577453534000028 51.889667546000055)",Unfall 31523 (2023) Kat:2, Licht: 0,31523,2,3,5,03,16,7,0,0,1,1,0,0,0,0
"POINT (7.637969917000021 51.949921577000055)",Unfall 31602 (2023) Kat:3, Licht: 2,31602,3,2,0,03,21,6,1,2,1,1,0,0,0,0
"POINT (7.645568246000039 51.967629835000082)",Unfall 31603 (2023) Kat:3, Licht: 2,31603,3,2,6,03,18,6,1,2,0,1,1,0,0,0
"POINT (7.586211445000060 51.927556365000044)",Unfall 31604 (2023) Kat:3, Licht: 0,31604,3,2,5,03,14,6,1,0,1,1,0,0,0,0
"POINT (7.645492600000068 51.945185149000054)",Unfall 31605 (2023) Kat:2, Licht: 1,31605,2,2,5,03,17,6,1,1,1,1,0,0,0,0
"POINT (7.705161757000042 51.976554807000070)",Unfall 31606 (2023) Kat:2, Licht: 0,31606,2,7,9,03,12,6,1,0,0,1,0,0,0,0
"POINT (7.580398023000043 51.987996457000065)",Unfall 31815 (2023) Kat:3, Licht: 0,31815,3,6,1,03,08,4,1,0,0,1,0,0,0,0
"POINT (7.606572660000040 51.930518576000054)",Unfall 31876 (2023) Kat:3, Licht: 2,31876,3,4,6,03,20,4,1,2,0,1,1,0,0,0
"POINT (7.595366686000034 51.976772194000034)",Unfall 31934 (2023) Kat:3, Licht: 0,31934,3,6,2,03,07,3,1,0,0,1,0,0,0,0
"POINT (7.586199856000064 51.985482933000071)",Unfall 31935 (2023) Kat:3, Licht: 0,31935,3,6,2,03,09,3,0,0,0,1,0,0,0,0
"POINT (7.624185852000039 51.941936651000049)",Unfall 32032 (2023) Kat:3, Licht: 2,32032,3,7,0,04,00,1,0,2,0,0,0,0,0,1
"POINT (7.630844156000023 51.946012355000050)",Unfall 32166 (2023) Kat:3, Licht: 2,32166,3,7,0,04,04,5,0,2,0,0,0,0,0,1
"POINT (7.631298215000072 51.921381443000030)",Unfall 32167 (2023) Kat:2, Licht: 0,32167,2,2,5,04,14,5,0,0,1,1,0,0,0,0
"POINT (7.635976734000053 51.959379958000056)",Unfall 32340 (2023) Kat:3, Licht: 0,32340,3,6,3,04,19,3,0,0,1,0,0,0,0,0
"POINT (7.656736783000042 51.967022218000068)",Unfall 32441 (2023) Kat:3, Licht: 0,32441,3,7,6,04,07,2,0,0,1,0,1,0,0,0
"POINT (7.630819134000035 51.922477791000063)",Unfall 32443 (2023) Kat:3, Licht: 0,32443,3,6,2,04,16,2,0,0,0,1,0,0,0,1
"POINT (7.636936117000062 51.950908059000028)",Unfall 32507 (2023) Kat:3, Licht: 0,32507,3,2,0,04,08,4,0,0,1,1,0,0,0,0
"POINT (7.647556078000036 51.961964132000048)",Unfall 32519 (2023) Kat:3, Licht: 0,32519,3,7,3,04,14,1,0,0,0,1,0,0,0,0
"POINT (7.638180297000076 51.952997436000032)",Unfall 32572 (2023) Kat:3, Licht: 0,32572,3,2,9,04,08,7,1,0,0,1,0,0,0,0
"POINT (7.641429057000039 51.961736577000067)",Unfall 32573 (2023) Kat:3, Licht: 0,32573,3,7,0,04,08,7,1,0,1,1,0,0,0,0
"POINT (7.547573184000044 51.951551905000031)",Unfall 32647 (2023) Kat:3, Licht: 0,32647,3,1,2,03,14,6,1,0,0,1,0,0,0,0
"POINT (7.628755653000042 51.954827345000069)",Unfall 32648 (2023) Kat:3, Licht: 0,32648,3,6,3,03,13,6,1,0,1,1,0,0,0,0
"POINT (7.665508550000027 51.905861180000045)",Unfall 32759 (2023) Kat:3, Licht: 0,32759,3,6,2,03,17,5,0,0,0,1,0,0,0,1
"POINT (7.680942522000066 52.021441870000046)",Unfall 32760 (2023) Kat:3, Licht: 2,32760,3,1,8,03,06,5,0,2,0,1,0,0,0,0
"POINT (7.635082681000029 51.963372459000027)",Unfall 32761 (2023) Kat:3, Licht: 0,32761,3,1,2,03,14,5,1,0,0,1,0,0,0,0
"POINT (7.585317482000050 51.892807238000046)",Unfall 32859 (2023) Kat:3, Licht: 0,32859,3,7,0,03,13,4,1,0,0,0,0,1,0,0
"POINT (7.647095944000057 51.985624983000037)",Unfall 32860 (2023) Kat:3, Licht: 2,32860,3,3,5,03,20,4,0,2,1,1,0,0,0,0
"POINT (7.656398797000065 51.969868703000031)",Unfall 32861 (2023) Kat:3, Licht: 0,32861,3,6,2,03,07,4,0,0,0,1,0,0,0,0
"POINT (7.603118749000032 51.922011824000037)",Unfall 32862 (2023) Kat:3, Licht: 2,32862,3,6,4,03,05,4,0,2,1,0,0,0,0,1
"POINT (7.625395490000074 51.936223695000081)",Unfall 32948 (2023) Kat:3, Licht: 1,32948,3,6,1,03,06,3,0,1,0,1,0,0,1,0
"POINT (7.629221287000064 51.944290683000077)",Unfall 32949 (2023) Kat:3, Licht: 0,32949,3,2,3,03,12,3,0,0,1,1,0,0,0,0
"POINT (7.633459756000036 51.907565077000072)",Unfall 32950 (2023) Kat:3, Licht: 0,32950,3,2,3,03,17,3,0,0,1,1,0,0,0,0
"POINT (7.542085794000059 51.924772964000056)",Unfall 33061 (2023) Kat:3, Licht: 0,33061,3,2,2,03,15,2,1,0,0,1,0,0,0,0
"POINT (7.528015622000055 51.928407609000033)",Unfall 33179 (2023) Kat:2, Licht: 2,33179,2,1,0,03,21,1,1,2,1,0,0,0,0,0
"POINT (7.632738495000069 51.914768269000035)",Unfall 33180 (2023) Kat:3, Licht: 0,33180,3,6,2,03,14,1,1,0,0,1,0,0,0,0
"POINT (7.536018141000056 51.924613846000057)",Unfall 33230 (2023) Kat:3, Licht: 0,33230,3,3,5,03,15,7,1,0,0,1,0,0,0,0
"POINT (7.613560303000042 51.967216226000062)",Unfall 33231 (2023) Kat:3, Licht: 2,33231,3,1,8,03,23,7,0,2,1,0,0,0,0,0
"POINT (7.681354040000031 51.929333886000052)",Unfall 33245 (2023) Kat:3, Licht: 0,33245,3,7,0,04,09,1,0,0,0,0,0,0,0,1
"POINT (7.628920468000047 51.926888724000037)",Unfall 33321 (2023) Kat:3, Licht: 0,33321,3,3,5,03,13,6,0,0,1,0,0,0,0,1
"POINT (7.588430718000041 51.970551561000036)",Unfall 33322 (2023) Kat:3, Licht: 0,33322,3,3,5,03,17,6,1,0,1,1,0,0,0,0
"POINT (7.637989019000031 51.958603371000038)",Unfall 33432 (2023) Kat:3, Licht: 0,33432,3,3,5,03,13,5,1,0,1,0,0,0,0,1
"POINT (7.612230918000023 51.967259125000055)",Unfall 33521 (2023) Kat:2, Licht: 0,33521,2,3,0,03,10,4,0,0,1,1,0,0,0,0
"POINT (7.616034764000062 51.974419377000061)",Unfall 33522 (2023) Kat:3, Licht: 0,33522,3,6,3,03,07,4,0,0,1,0,0,0,0,0
"POINT (7.586687309000069 51.927717876000031)",Unfall 33582 (2023) Kat:3, Licht: 0,33582,3,2,0,03,11,6,1,0,0,1,0,0,0,1
"POINT (7.612803348000057 51.939839071000051)",Unfall 33619 (2023) Kat:3, Licht: 0,33619,3,5,0,03,15,3,0,0,1,0,0,0,0,1
"POINT (7.671913231000076 51.999431916000049)",Unfall 33620 (2023) Kat:3, Licht: 2,33620,3,7,5,03,20,3,1,2,0,1,0,1,0,0
"POINT (7.645903614000076 51.955470351000031)",Unfall 33774 (2023) Kat:3, Licht: 0,33774,3,6,3,05,13,4,0,0,1,0,0,0,0,0
"POINT (7.626021948000073 51.954191825000066)",Unfall 33775 (2023) Kat:3, Licht: 0,33775,3,5,1,05,16,4,0,0,0,1,0,1,0,0
"POINT (7.645716908000054 51.944963274000031)",Unfall 33776 (2023) Kat:3, Licht: 0,33776,3,3,5,05,12,4,0,0,1,1,0,0,0,0
"POINT (7.623980481000046 51.899550780000027)",Unfall 33847 (2023) Kat:3, Licht: 0,33847,3,3,5,05,07,4,0,0,1,0,0,0,0,0
"POINT (7.623568642000066 51.946511249000082)",Unfall 33876 (2023) Kat:3, Licht: 0,33876,3,2,2,05,10,3,0,0,1,0,0,0,0,0
"POINT (7.624582980000071 51.955611694000027)",Unfall 33877 (2023) Kat:3, Licht: 0,33877,3,3,5,05,15,3,0,0,1,1,0,0,0,0
"POINT (7.615175826000041 51.967317040000069)",Unfall 33878 (2023) Kat:3, Licht: 0,33878,3,2,2,05,12,3,0,0,0,1,0,1,0,0
"POINT (7.562924187000021 52.024490738000054)",Unfall 33879 (2023) Kat:3, Licht: 0,33879,3,1,8,05,13,3,0,0,0,1,0,0,0,0
"POINT (7.609433984000020 51.940814761000070)",Unfall 34024 (2023) Kat:3, Licht: 0,34024,3,2,5,04,15,1,0,0,1,1,0,0,0,0
"POINT (7.612391071000047 51.973792114000048)",Unfall 34089 (2023) Kat:3, Licht: 0,34089,3,6,2,05,10,3,0,0,0,1,0,0,0,0
"POINT (7.636120482000024 51.972078707000037)",Unfall 34113 (2023) Kat:3, Licht: 0,34113,3,2,5,04,15,7,0,0,1,1,0,0,0,0
"POINT (7.702100456000039 51.920804963000080)",Unfall 34114 (2023) Kat:2, Licht: 2,34114,2,7,9,04,21,7,0,2,1,0,0,0,0,0
"POINT (7.676259884000046 51.970671490000029)",Unfall 34115 (2023) Kat:3, Licht: 0,34115,3,2,5,04,09,7,0,0,1,1,0,0,0,0
"POINT (7.641412055000046 51.948059480000040)",Unfall 34116 (2023) Kat:2, Licht: 0,34116,2,1,0,04,16,7,0,0,1,0,0,0,0,0
"POINT (7.541452331000073 51.955211595000037)",Unfall 34117 (2023) Kat:2, Licht: 2,34117,2,7,0,04,22,7,0,2,1,0,0,0,0,0
"POINT (7.604675746000055 52.043621907000045)",Unfall 34175 (2023) Kat:3, Licht: 0,34175,3,3,5,04,13,6,0,0,0,1,0,0,0,0
"POINT (7.623177744000031 51.897943263000059)",Unfall 34266 (2023) Kat:3, Licht: 0,34266,3,2,5,05,12,3,0,0,1,1,0,0,0,0
"POINT (7.612556758000039 51.969559075000063)",Unfall 34279 (2023) Kat:3, Licht: 0,34279,3,6,3,04,17,5,0,0,1,0,0,0,0,0
"POINT (7.645502476000047 51.945175190000043)",Unfall 34445 (2023) Kat:2, Licht: 1,34445,2,2,5,04,06,3,0,1,1,1,0,0,0,0
"POINT (7.612115423000034 51.939944504000039)",Unfall 34446 (2023) Kat:3, Licht: 0,34446,3,3,5,04,13,3,0,0,1,0,0,1,0,0
"POINT (7.667250107000029 51.955292725000049)",Unfall 34447 (2023) Kat:3, Licht: 0,34447,3,6,4,04,08,3,0,0,0,0,0,0,1,0
"POINT (7.614986682000051 51.967273493000050)",Unfall 34544 (2023) Kat:3, Licht: 0,34544,3,6,1,04,12,2,1,0,0,1,0,0,0,0
"POINT (7.664957689000062 51.930885207000074)",Unfall 34646 (2023) Kat:3, Licht: 0,34646,3,3,5,04,12,1,0,0,1,1,0,0,0,0
"POINT (7.666163645000040 51.929896268000050)",Unfall 34815 (2023) Kat:3, Licht: 0,34815,3,6,2,04,07,6,0,0,0,1,0,1,0,0
"POINT (7.623623513000041 51.942942744000050)",Unfall 34816 (2023) Kat:3, Licht: 0,34816,3,2,5,04,18,6,0,0,1,1,0,0,0,0
"POINT (7.631136539000067 51.947244983000076)",Unfall 34924 (2023) Kat:3, Licht: 2,34924,3,7,0,04,00,5,0,2,1,1,0,0,0,0
"POINT (7.612668405000022 51.974279998000043)",Unfall 34925 (2023) Kat:3, Licht: 0,34925,3,2,0,04,06,5,0,0,0,0,0,0,0,1
"POINT (7.588126644000056 51.970421286000033)",Unfall 34926 (2023) Kat:3, Licht: 0,34926,3,2,5,04,12,5,0,0,1,1,0,0,0,0
"POINT (7.630641553000032 51.899617941000031)",Unfall 35049 (2023) Kat:3, Licht: 0,35049,3,6,6,04,11,4,0,0,0,0,1,0,0,1
"POINT (7.581343592000053 51.960489296000048)",Unfall 35050 (2023) Kat:3, Licht: 0,35050,3,6,4,04,19,4,0,0,1,0,0,0,0,0
"POINT (7.678857554000047 51.948824154000079)",Unfall 35051 (2023) Kat:2, Licht: 0,35051,2,6,2,04,09,4,0,0,0,1,0,0,0,0
"POINT (7.552676368000050 51.933396839000068)",Unfall 35069 (2023) Kat:2, Licht: 2,35069,2,6,3,05,21,2,0,2,0,1,0,0,0,0
"POINT (7.603975194000043 51.924241933000076)",Unfall 35321 (2023) Kat:3, Licht: 0,35321,3,1,0,04,16,2,0,0,1,0,0,0,0,0
"POINT (7.715811765000069 51.911249515000065)",Unfall 35449 (2023) Kat:3, Licht: 0,35449,3,2,5,04,07,6,0,0,1,0,0,0,0,1
"POINT (7.670395656000039 51.999808270000074)",Unfall 35468 (2023) Kat:3, Licht: 2,35468,3,1,0,04,22,7,0,2,1,0,0,0,0,0
"POINT (7.612315302000070 51.976197448000050)",Unfall 35469 (2023) Kat:3, Licht: 0,35469,3,6,0,04,16,7,1,0,0,0,0,1,0,0
"POINT (7.659717751000073 51.984300823000069)",Unfall 35550 (2023) Kat:3, Licht: 0,35550,3,3,5,04,07,4,0,0,1,1,0,0,0,0
"POINT (7.633344478000026 51.972997390000046)",Unfall 35669 (2023) Kat:3, Licht: 0,35669,3,6,3,04,16,5,0,0,0,1,0,1,0,0
"POINT (7.617724349000071 51.965137793000054)",Unfall 35790 (2023) Kat:3, Licht: 2,35790,3,7,0,04,01,7,0,2,1,0,0,0,0,0
"POINT (7.583658409000066 51.926710326000034)",Unfall 35872 (2023) Kat:3, Licht: 0,35872,3,7,3,04,17,3,0,0,0,1,0,1,0,0
"POINT (7.624169391000066 51.940815571000030)",Unfall 35873 (2023) Kat:3, Licht: 0,35873,3,6,2,04,07,3,1,0,0,1,0,0,0,0
"POINT (7.636374322000052 51.972489705000044)",Unfall 35964 (2023) Kat:3, Licht: 2,35964,3,3,5,04,00,6,0,2,0,1,0,0,0,0
"POINT (7.599065719000066 51.990818275000038)",Unfall 36082 (2023) Kat:3, Licht: 0,36082,3,6,2,05,19,1,1,0,0,1,0,0,0,0
"POINT (7.565191072000061 51.906149694000078)",Unfall 36161 (2023) Kat:3, Licht: 0,36161,3,6,3,05,07,7,0,0,0,1,0,0,0,1
"POINT (7.677231794000022 51.930240745000049)",Unfall 36162 (2023) Kat:3, Licht: 1,36162,3,1,8,05,05,7,0,1,0,1,0,0,0,0
"POINT (7.629974432000040 51.964133416000038)",Unfall 36163 (2023) Kat:3, Licht: 0,36163,3,4,0,05,15,7,0,0,1,0,1,0,0,0
"POINT (7.665769566000051 51.930215321000048)",Unfall 36164 (2023) Kat:2, Licht: 0,36164,2,1,9,05,07,7,0,0,0,0,0,1,0,0
"POINT (7.635712302000059 51.901037478000035)",Unfall 36272 (2023) Kat:3, Licht: 0,36272,3,3,5,05,07,6,0,0,1,1,0,0,0,0
"POINT (7.605403530000046 51.937657926000043)",Unfall 36273 (2023) Kat:3, Licht: 0,36273,3,6,0,05,14,6,0,0,0,1,0,1,0,0
"POINT (7.656401763000076 51.969877933000078)",Unfall 36397 (2023) Kat:3, Licht: 0,36397,3,3,5,05,13,5,0,0,1,1,0,0,0,0
"POINT (7.663209321000068 51.988274353000065)",Unfall 36430 (2023) Kat:3, Licht: 0,36430,3,6,1,05,16,5,1,0,0,1,0,0,0,0
"POINT (7.675630492000039 51.949711638000053)",Unfall 36497 (2023) Kat:3, Licht: 2,36497,3,2,6,05,23,4,1,2,0,1,1,0,0,0
"POINT (7.642450652000036 51.895447874000070)",Unfall 36615 (2023) Kat:3, Licht: 0,36615,3,3,5,05,14,3,0,0,0,1,0,0,0,0
"POINT (7.608287369000038 51.939662212000030)",Unfall 36616 (2023) Kat:3, Licht: 0,36616,3,7,6,05,16,3,1,0,0,1,1,0,0,0
"POINT (7.704496516000063 51.977753654000026)",Unfall 36617 (2023) Kat:3, Licht: 0,36617,3,3,5,05,16,3,0,0,0,1,0,0,1,0
"POINT (7.667244955000058 51.928952521000042)",Unfall 36618 (2023) Kat:3, Licht: 0,36618,3,2,3,05,15,3,1,0,1,1,0,0,0,0
"POINT (7.636540093000065 51.973533603000078)",Unfall 36700 (2023) Kat:3, Licht: 0,36700,3,3,5,05,07,2,0,0,1,1,0,0,0,0
"POINT (7.647033313000065 51.963722363000045)",Unfall 36701 (2023) Kat:3, Licht: 0,36701,3,2,4,05,07,2,0,0,0,1,0,0,0,0
"POINT (7.627241313000070 51.943246626000075)",Unfall 36702 (2023) Kat:3, Licht: 0,36702,3,2,5,05,12,2,0,0,1,1,0,0,0,0
"POINT (7.639082948000066 51.902842580000026)",Unfall 36703 (2023) Kat:3, Licht: 0,36703,3,2,4,05,10,2,0,0,1,0,0,0,0,1
"POINT (7.602780422000023 51.968862935000061)",Unfall 36704 (2023) Kat:3, Licht: 0,36704,3,6,5,05,15,2,1,0,1,0,0,0,0,0
"POINT (7.612401802000022 51.952421116000039)",Unfall 36705 (2023) Kat:3, Licht: 0,36705,3,4,0,05,07,2,0,0,0,0,1,0,0,1
"POINT (7.619200027000034 51.952633777000074)",Unfall 36817 (2023) Kat:3, Licht: 0,36817,3,3,5,05,16,1,0,0,1,0,0,1,0,0
"POINT (7.593200173000071 52.039658829000075)",Unfall 36818 (2023) Kat:3, Licht: 0,36818,3,6,2,05,13,1,0,0,0,0,0,1,0,0
"POINT (7.601808023000046 51.994890567000027)",Unfall 36897 (2023) Kat:2, Licht: 2,36897,2,7,0,05,22,7,0,2,0,0,0,0,0,1
"POINT (7.675576793000062 51.921123224000041)",Unfall 36940 (2023) Kat:3, Licht: 1,36940,3,7,0,05,22,6,0,1,1,1,0,0,0,0
"POINT (7.627035315000057 51.955804205000049)",Unfall 37013 (2023) Kat:3, Licht: 0,37013,3,6,2,05,13,6,0,0,0,1,0,0,0,0
"POINT (7.554932897000072 51.978830077000055)",Unfall 37014 (2023) Kat:3, Licht: 0,37014,3,6,0,05,07,6,0,0,1,0,0,0,0,0
"POINT (7.718412275000048 51.916098750000060)",Unfall 37015 (2023) Kat:3, Licht: 0,37015,3,4,6,05,11,6,0,0,1,0,1,0,0,0
"POINT (7.601771637000070 51.994953215000066)",Unfall 37016 (2023) Kat:3, Licht: 0,37016,3,3,5,05,17,6,1,0,1,1,0,0,0,0
"POINT (7.688226970000073 51.909583522000048)",Unfall 37018 (2023) Kat:3, Licht: 2,37018,3,2,9,05,00,6,0,2,0,1,0,0,0,0
"POINT (7.662835043000030 51.932266028000072)",Unfall 37152 (2023) Kat:3, Licht: 0,37152,3,6,1,05,14,5,0,0,0,1,0,0,0,0
"POINT (7.641641473000050 51.956935279000049)",Unfall 37153 (2023) Kat:3, Licht: 0,37153,3,6,1,05,07,5,0,0,1,0,0,0,0,0
"POINT (7.670395656000039 51.999808270000074)",Unfall 37221 (2023) Kat:3, Licht: 0,37221,3,6,1,05,15,2,0,0,0,1,0,0,0,0
"POINT (7.589277263000042 51.928638103000026)",Unfall 37222 (2023) Kat:3, Licht: 0,37222,3,6,4,05,14,2,0,0,1,0,0,0,0,0
"POINT (7.620512963000067 51.940260464000062)",Unfall 37305 (2023) Kat:2, Licht: 0,37305,2,7,0,05,13,1,0,0,0,0,0,0,0,1
"POINT (7.702416343000039 51.991063688000054)",Unfall 37306 (2023) Kat:2, Licht: 0,37306,2,1,0,05,17,1,0,0,0,0,0,0,0,1
"POINT (7.626916173000041 51.955535051000027)",Unfall 37307 (2023) Kat:3, Licht: 0,37307,3,2,1,05,15,1,0,0,1,1,0,0,0,0
"POINT (7.694917791000023 51.911056175000056)",Unfall 37397 (2023) Kat:3, Licht: 0,37397,3,3,5,05,13,7,0,0,1,1,0,0,0,0
"POINT (7.714867691000052 51.935611635000043)",Unfall 37398 (2023) Kat:3, Licht: 0,37398,3,2,3,05,12,7,0,0,1,1,0,0,0,0
"POINT (7.679729689000055 51.988261358000045)",Unfall 37399 (2023) Kat:3, Licht: 0,37399,3,6,2,05,18,7,0,0,0,1,0,0,0,0
"POINT (7.642317477000063 51.961815488000070)",Unfall 37400 (2023) Kat:3, Licht: 0,37400,3,3,0,05,17,7,0,0,1,1,0,0,0,0
"POINT (7.602182532000029 52.031287670000040)",Unfall 37510 (2023) Kat:3, Licht: 0,37510,3,6,2,05,11,6,0,0,0,1,0,0,0,0
"POINT (7.594947011000045 51.890986090000069)",Unfall 37512 (2023) Kat:2, Licht: 0,37512,2,1,0,05,16,6,0,0,1,0,0,0,0,0
"POINT (7.588672923000047 51.986948957000038)",Unfall 37513 (2023) Kat:3, Licht: 0,37513,3,6,4,05,18,6,0,0,0,1,0,0,0,1
"POINT (7.656333916000051 51.969667120000054)",Unfall 37546 (2023) Kat:3, Licht: 0,37546,3,7,0,05,10,6,0,0,1,0,1,0,0,0
"POINT (7.646888202000071 51.943731573000036)",Unfall 37740 (2023) Kat:3, Licht: 0,37740,3,6,2,05,12,4,0,0,1,0,0,0,0,0
"POINT (7.617974272000026 51.974506733000055)",Unfall 37829 (2023) Kat:3, Licht: 0,37829,3,1,0,05,19,3,0,0,1,0,0,0,0,0
"POINT (7.576014980000025 51.972341674000063)",Unfall 37830 (2023) Kat:3, Licht: 0,37830,3,6,4,05,12,3,0,0,1,0,0,0,0,0
"POINT (7.630198540000038 51.954329752000035)",Unfall 37831 (2023) Kat:3, Licht: 0,37831,3,3,5,05,13,3,0,0,1,1,0,0,0,0
"POINT (7.642586026000060 51.956577968000033)",Unfall 37915 (2023) Kat:3, Licht: 0,37915,3,2,3,05,16,2,0,0,1,0,0,0,0,0
"POINT (7.671710463000068 51.924533339000050)",Unfall 37916 (2023) Kat:3, Licht: 0,37916,3,6,2,05,16,2,0,0,0,1,0,0,0,0
"POINT (7.623717364000072 51.965957225000068)",Unfall 37917 (2023) Kat:3, Licht: 0,37917,3,1,0,05,19,2,1,0,0,0,0,1,0,0
"POINT (7.592972434000046 52.040162730000077)",Unfall 38034 (2023) Kat:3, Licht: 0,38034,3,3,5,05,15,1,0,0,1,0,0,1,0,0
"POINT (7.606564204000051 51.930498227000044)",Unfall 38035 (2023) Kat:2, Licht: 0,38035,2,2,3,05,14,1,0,0,1,1,0,0,0,0
"POINT (7.645549847000041 51.981735978000074)",Unfall 38110 (2023) Kat:3, Licht: 0,38110,3,6,2,05,12,7,0,0,0,1,0,0,0,0
"POINT (7.588962297000023 52.017140291000032)",Unfall 38438 (2023) Kat:3, Licht: 0,38438,3,6,2,05,14,4,0,0,0,1,0,0,0,0
"POINT (7.612814735000029 51.967220214000065)",Unfall 38440 (2023) Kat:3, Licht: 0,38440,3,6,0,05,17,4,0,0,1,0,0,0,0,0
"POINT (7.588672162000023 51.965462032000062)",Unfall 38441 (2023) Kat:3, Licht: 0,38441,3,2,0,05,11,4,0,0,1,1,0,0,0,0
"POINT (7.542151042000057 51.924775146000059)",Unfall 38442 (2023) Kat:3, Licht: 0,38442,3,2,1,05,15,4,0,0,0,1,0,0,0,0
"POINT (7.712075608000021 51.994940682000049)",Unfall 38596 (2023) Kat:3, Licht: 0,38596,3,2,0,05,12,3,0,0,1,0,0,0,1,0
"POINT (7.606498818000034 51.930330861000073)",Unfall 38597 (2023) Kat:2, Licht: 0,38597,2,1,0,05,08,3,1,0,1,0,0,0,0,0
"POINT (7.619816166000021 51.957896693000066)",Unfall 38598 (2023) Kat:3, Licht: 0,38598,3,6,3,05,07,3,0,0,1,0,0,0,0,0
"POINT (7.587667393000061 51.928050607000046)",Unfall 38639 (2023) Kat:3, Licht: 0,38639,3,2,5,05,14,2,0,0,0,1,0,0,0,1
"POINT (7.613417648000052 51.968445426000073)",Unfall 38681 (2023) Kat:3, Licht: 0,38681,3,2,5,05,12,3,0,0,1,0,0,0,0,0
"POINT (7.590040713000064 52.017744718000074)",Unfall 38737 (2023) Kat:3, Licht: 0,38737,3,6,2,05,11,2,0,0,0,1,0,0,0,0
"POINT (7.647636157000022 51.942963260000056)",Unfall 38739 (2023) Kat:3, Licht: 0,38739,3,6,2,05,18,2,0,0,0,1,0,1,0,0
"POINT (7.621786638000060 51.993561436000050)",Unfall 38742 (2023) Kat:3, Licht: 0,38742,3,2,5,05,17,2,0,0,1,1,0,0,0,0
"POINT (7.604767272000061 51.884872768000037)",Unfall 38846 (2023) Kat:3, Licht: 0,38846,3,5,4,06,16,4,0,0,0,1,0,0,0,1
"POINT (7.644163763000051 51.979269370000054)",Unfall 38847 (2023) Kat:3, Licht: 0,38847,3,5,1,06,19,4,0,0,0,1,0,0,0,1
"POINT (7.646690144000047 51.964647750000040)",Unfall 38848 (2023) Kat:3, Licht: 1,38848,3,3,5,06,22,4,0,1,1,1,0,0,0,0
"POINT (7.602412323000067 51.935496906000026)",Unfall 38849 (2023) Kat:3, Licht: 0,38849,3,3,5,06,14,4,0,0,1,1,0,0,0,0
"POINT (7.631317331000048 51.953998678000062)",Unfall 38850 (2023) Kat:3, Licht: 0,38850,3,6,3,06,07,4,0,0,1,0,0,0,0,0
"POINT (7.573060438000027 51.891650539000068)",Unfall 38970 (2023) Kat:3, Licht: 0,38970,3,7,2,06,18,3,0,0,0,1,0,0,1,0
"POINT (7.639960371000029 51.953115632000049)",Unfall 38971 (2023) Kat:2, Licht: 0,38971,2,4,6,06,08,3,0,0,1,0,1,0,0,0
"POINT (7.557550697000067 52.033258541000066)",Unfall 38972 (2023) Kat:3, Licht: 0,38972,3,1,2,06,15,3,0,0,0,1,0,0,0,0
"POINT (7.625888469000074 51.955741512000031)",Unfall 39094 (2023) Kat:3, Licht: 0,39094,3,1,0,06,08,2,0,0,0,0,0,0,0,1
"POINT (7.526753239000072 51.943873542000063)",Unfall 39095 (2023) Kat:3, Licht: 0,39095,3,2,2,06,15,2,0,0,0,1,0,1,0,0
"POINT (7.564339562000043 51.974334163000037)",Unfall 39096 (2023) Kat:2, Licht: 0,39096,2,3,5,06,15,2,0,0,0,1,0,0,0,0
"POINT (7.632747627000072 51.914731473000074)",Unfall 39297 (2023) Kat:3, Licht: 0,39297,3,6,2,06,19,7,0,0,0,1,0,1,0,0
"POINT (7.602118398000073 52.030833948000065)",Unfall 39379 (2023) Kat:2, Licht: 0,39379,2,6,2,06,15,6,0,0,0,1,0,0,0,0
"POINT (7.588152284000046 51.970376465000072)",Unfall 39380 (2023) Kat:3, Licht: 0,39380,3,2,3,06,07,6,0,0,1,1,0,0,0,0
"POINT (7.666448616000025 51.929479863000040)",Unfall 39381 (2023) Kat:3, Licht: 0,39381,3,7,0,06,14,6,0,0,1,0,0,0,0,0
"POINT (7.630675220000057 51.945730552000043)",Unfall 39475 (2023) Kat:3, Licht: 0,39475,3,1,9,06,11,1,0,0,0,0,0,0,0,1