WKT,Name,OBJECTID,UKATEGORIE,UTYP1,UART,UMONAT,USTUNDE,UWOCHENTAG,STRZUSTAND,ULICHTVERH,ISTRAD,ISTPKW,ISTFUSS,ISTKRAD,ISTGKFZ,ISTSONSTIG
"POINT (7.629041631000064 51.944161508000036)",Unfall 39611 (2023) Kat:3, Licht: 0,39611,3,1,0,06,18,4,0,0,1,0,0,0,0,0
"POINT (7.605506026000057 51.974165250000055)",Unfall 39660 (2023) Kat:3, Licht: 0,39660,3,6,0,06,12,7,0,0,0,1,0,0,0,0
"POINT (7.645751574000030 51.955508733000045)",Unfall 39741 (2023) Kat:3, Licht: 0,39741,3,7,0,06,15,3,0,0,0,1,0,0,0,1
"POINT (7.619231812000066 51.952677446000052)",Unfall 39742 (2023) Kat:3, Licht: 0,39742,3,1,0,06,07,3,0,0,1,0,0,0,0,0
"POINT (7.625931932000071 51.955667254000048)",Unfall 39856 (2023) Kat:3, Licht: 0,39856,3,6,3,06,12,2,0,0,1,1,0,0,0,0
"POINT (7.624570290000065 51.938522299000056)",Unfall 39857 (2023) Kat:3, Licht: 0,39857,3,6,1,06,17,2,0,0,0,1,0,0,0,0
"POINT (7.623831531000064 51.941352995000045)",Unfall 40287 (2023) Kat:3, Licht: 0,40287,3,6,2,06,18,6,0,0,0,1,0,0,0,0
"POINT (7.552538596000034 51.934459071000049)",Unfall 40440 (2023) Kat:3, Licht: 0,40440,3,1,2,06,07,5,0,0,0,0,0,0,1,1
"POINT (7.632432853000068 51.913553092000029)",Unfall 40441 (2023) Kat:3, Licht: 0,40441,3,7,6,06,18,5,0,0,0,0,1,0,0,1
"POINT (7.619759460000068 51.955289753000045)",Unfall 40442 (2023) Kat:3, Licht: 0,40442,3,6,2,06,08,5,0,0,0,1,0,0,0,1
"POINT (7.626181181000049 51.954732369000055)",Unfall 40613 (2023) Kat:3, Licht: 0,40613,3,6,3,05,14,4,0,0,1,1,0,0,0,0
"POINT (7.698775037000075 51.986728577000065)",Unfall 40785 (2023) Kat:3, Licht: 0,40785,3,3,5,05,17,3,0,0,0,1,0,0,0,0
"POINT (7.602670662000037 51.969053406000057)",Unfall 40786 (2023) Kat:3, Licht: 0,40786,3,3,5,05,13,3,0,0,1,1,0,0,0,0
"POINT (7.646811497000044 51.984770436000076)",Unfall 40916 (2023) Kat:3, Licht: 2,40916,3,1,0,06,02,7,0,2,0,0,0,0,0,1
"POINT (7.626802731000055 51.931893134000063)",Unfall 40997 (2023) Kat:3, Licht: 0,40997,3,3,5,06,12,6,0,0,1,1,0,0,0,0
"POINT (7.624644350000040 51.949863386000061)",Unfall 40998 (2023) Kat:3, Licht: 0,40998,3,3,5,06,16,6,0,0,1,0,0,0,0,0
"POINT (7.601697643000023 51.965171054000052)",Unfall 40999 (2023) Kat:2, Licht: 0,40999,2,3,5,06,15,6,0,0,1,1,0,0,0,0
"POINT (7.648038679000024 51.883675090000054)",Unfall 41000 (2023) Kat:3, Licht: 2,41000,3,7,7,06,22,6,0,2,0,1,0,0,0,0
"POINT (7.626788410000074 51.931927536000046)",Unfall 41104 (2023) Kat:3, Licht: 0,41104,3,3,0,06,11,5,0,0,1,0,0,0,0,0
"POINT (7.673903214000063 51.988496986000030)",Unfall 41105 (2023) Kat:3, Licht: 0,41105,3,7,1,06,16,5,1,0,0,1,0,0,0,0
"POINT (7.655858095000042 51.968222345000072)",Unfall 41106 (2023) Kat:3, Licht: 0,41106,3,3,5,06,18,5,1,0,0,1,0,0,0,0
"POINT (7.636317282000050 51.972503378000056)",Unfall 41107 (2023) Kat:3, Licht: 0,41107,3,7,5,06,15,5,1,0,1,1,0,0,0,0
"POINT (7.560329499000034 51.952967257000068)",Unfall 41212 (2023) Kat:3, Licht: 0,41212,3,3,5,06,07,4,0,0,1,0,0,0,0,0
"POINT (7.611741617000064 51.983695202000035)",Unfall 41213 (2023) Kat:3, Licht: 0,41213,3,3,4,06,17,4,0,0,1,1,0,0,0,0
"POINT (7.685216758000024 51.994326497000031)",Unfall 41214 (2023) Kat:3, Licht: 0,41214,3,5,1,06,08,4,0,0,1,1,0,0,0,0
"POINT (7.634273895000035 51.959702658000026)",Unfall 41215 (2023) Kat:3, Licht: 0,41215,3,6,3,06,18,4,0,0,1,0,0,0,0,0
"POINT (7.626104104000035 51.956102511000040)",Unfall 41216 (2023) Kat:3, Licht: 0,41216,3,3,3,06,19,4,0,0,1,1,0,0,0,0
"POINT (7.612209638000024 51.993481839000026)",Unfall 41282 (2023) Kat:3, Licht: 0,41282,3,6,2,06,14,4,0,0,0,1,0,0,1,0
"POINT (7.659686940000029 51.934533407000060)",Unfall 41354 (2023) Kat:3, Licht: 0,41354,3,2,3,06,08,3,1,0,0,1,0,0,0,1
"POINT (7.763660961000028 51.928145676000042)",Unfall 41355 (2023) Kat:2, Licht: 0,41355,2,6,2,06,06,3,0,0,0,1,0,0,0,0
"POINT (7.651217234000057 51.905104927000082)",Unfall 41356 (2023) Kat:3, Licht: 0,41356,3,2,5,06,11,3,0,0,1,1,0,0,0,0
"POINT (7.671870918000025 51.969895025000028)",Unfall 41357 (2023) Kat:3, Licht: 0,41357,3,6,2,06,17,3,0,0,0,1,0,0,0,0
"POINT (7.582042702000024 51.960532353000076)",Unfall 41358 (2023) Kat:3, Licht: 0,41358,3,3,5,06,13,3,0,0,1,1,0,0,0,0
"POINT (7.624157960000048 51.948425761000067)",Unfall 41381 (2023) Kat:3, Licht: 0,41381,3,5,0,06,16,3,0,0,0,1,0,0,0,0
"POINT (7.546195841000042 51.957284908000076)",Unfall 41491 (2023) Kat:3, Licht: 0,41491,3,6,3,06,15,2,0,0,0,1,0,0,1,0
"POINT (7.623693468000056 51.941882564000082)",Unfall 41492 (2023) Kat:3, Licht: 0,41492,3,2,3,06,14,2,0,0,0,1,0,0,0,1
"POINT (7.638184125000066 51.949943663000056)",Unfall 41493 (2023) Kat:3, Licht: 0,41493,3,2,0,06,18,2,0,0,0,1,0,0,0,1
"POINT (7.625158143000021 51.955652406000070)",Unfall 41494 (2023) Kat:3, Licht: 0,41494,3,5,3,06,14,2,0,0,1,0,0,0,0,1
"POINT (7.566033574000073 51.973119455000074)",Unfall 41607 (2023) Kat:3, Licht: 0,41607,3,2,2,06,16,1,0,0,0,1,0,0,0,0
"POINT (7.659698231000050 51.934525881000070)",Unfall 41608 (2023) Kat:3, Licht: 0,41608,3,3,5,06,12,1,0,0,0,1,0,0,0,0
"POINT (7.643793521000021 51.962100757000030)",Unfall 41698 (2023) Kat:3, Licht: 2,41698,3,1,0,06,00,7,0,2,0,0,0,0,0,1
"POINT (7.642148670000040 51.992407332000028)",Unfall 41699 (2023) Kat:3, Licht: 0,41699,3,3,5,06,16,7,0,0,1,1,0,0,0,0
"POINT (7.633228309000060 51.967802988000074)",Unfall 41769 (2023) Kat:3, Licht: 0,41769,3,6,4,06,17,3,0,0,1,0,0,0,0,0
"POINT (7.601851441000065 51.994872524000073)",Unfall 41846 (2023) Kat:3, Licht: 0,41846,3,3,5,06,16,6,0,0,0,1,0,0,0,1
"POINT (7.631653699000026 51.919993034000072)",Unfall 41847 (2023) Kat:3, Licht: 0,41847,3,7,0,06,16,6,0,0,1,0,0,0,0,0
"POINT (7.679765132000057 51.988309089000040)",Unfall 41848 (2023) Kat:3, Licht: 0,41848,3,3,5,06,08,6,0,0,1,1,0,0,0,0
"POINT (7.567686148000064 51.955737104000036)",Unfall 41849 (2023) Kat:3, Licht: 0,41849,3,2,4,06,18,6,0,0,1,1,0,0,0,0
"POINT (7.560929776000023 51.914721063000059)",Unfall 42030 (2023) Kat:3, Licht: 0,42030,3,7,3,06,16,5,0,0,0,1,0,0,0,0
"POINT (7.647556078000036 51.961964132000048)",Unfall 42032 (2023) Kat:2, Licht: 0,42032,2,3,5,06,08,5,0,0,1,1,0,0,0,0
"POINT (7.542498356000067 51.954965101000028)",Unfall 42168 (2023) Kat:3, Licht: 0,42168,3,6,4,07,12,3,0,0,0,1,0,0,0,1
"POINT (7.594365245000063 51.965056158000039)",Unfall 42169 (2023) Kat:3, Licht: 0,42169,3,2,3,07,14,3,0,0,1,1,0,0,0,0
"POINT (7.588145603000044 51.970421572000078)",Unfall 42350 (2023) Kat:3, Licht: 0,42350,3,3,0,07,14,1,0,0,1,1,0,0,0,0
"POINT (7.644201102000068 51.953830563000054)",Unfall 42351 (2023) Kat:3, Licht: 2,42351,3,6,3,07,00,1,0,2,1,1,0,0,0,0
"POINT (7.636905299000034 51.950924902000054)",Unfall 42417 (2023) Kat:3, Licht: 2,42417,3,2,0,07,22,7,0,2,0,1,0,1,0,0
"POINT (7.619000785000026 51.952578721000066)",Unfall 42418 (2023) Kat:3, Licht: 0,42418,3,2,5,07,15,7,0,0,1,0,0,0,0,1
"POINT (7.674037736000059 51.906372765000071)",Unfall 42419 (2023) Kat:3, Licht: 0,42419,3,7,5,07,17,7,0,0,0,0,0,0,0,1
"POINT (7.611397734000036 51.989207002000057)",Unfall 42420 (2023) Kat:3, Licht: 0,42420,3,3,5,07,15,7,0,0,0,1,0,0,0,0
"POINT (7.538413388000038 51.912950556000055)",Unfall 42497 (2023) Kat:3, Licht: 0,42497,3,6,2,07,10,6,0,0,0,1,0,0,0,0
"POINT (7.614228379000053 51.946791039000061)",Unfall 42498 (2023) Kat:2, Licht: 0,42498,2,1,0,07,14,6,0,0,0,0,0,1,0,0
"POINT (7.721124518000067 51.979044315000067)",Unfall 42499 (2023) Kat:3, Licht: 0,42499,3,3,5,07,06,6,0,0,1,1,0,0,0,0
"POINT (7.696977905000040 51.973953177000055)",Unfall 42634 (2023) Kat:3, Licht: 0,42634,3,3,5,07,16,5,0,0,1,1,0,0,0,0
"POINT (7.635459740000044 51.962000701000079)",Unfall 42734 (2023) Kat:3, Licht: 0,42734,3,2,0,07,07,4,1,0,1,1,0,0,0,0
"POINT (7.633775436000064 51.962090787000079)",Unfall 42815 (2023) Kat:3, Licht: 0,42815,3,3,5,07,21,3,0,0,1,1,0,0,0,0
"POINT (7.626438271000040 51.956171747000042)",Unfall 42869 (2023) Kat:3, Licht: 0,42869,3,3,0,07,20,5,0,0,0,0,0,1,0,1
"POINT (7.640759396000021 51.971208374000071)",Unfall 42918 (2023) Kat:3, Licht: 0,42918,3,4,0,07,13,2,0,0,1,0,1,0,0,0
"POINT (7.682026599000039 51.996324127000037)",Unfall 42919 (2023) Kat:3, Licht: 1,42919,3,7,0,07,04,2,0,1,0,0,0,1,0,0
"POINT (7.651286715000026 51.905123180000032)",Unfall 43037 (2023) Kat:3, Licht: 0,43037,3,2,4,07,09,7,0,0,1,1,0,0,0,0
"POINT (7.700914339000065 51.923137643000075)",Unfall 43071 (2023) Kat:2, Licht: 0,43071,2,1,0,07,15,7,1,0,1,0,0,0,0,0
"POINT (7.637387488000059 51.903416673000038)",Unfall 43162 (2023) Kat:3, Licht: 0,43162,3,6,2,06,12,6,0,0,0,1,0,0,0,0
"POINT (7.660150979000036 51.953948273000037)",Unfall 43163 (2023) Kat:3, Licht: 0,43163,3,7,0,06,11,6,0,0,0,0,0,0,0,1
"POINT (7.673532106000039 51.970161121000046)",Unfall 43263 (2023) Kat:3, Licht: 0,43263,3,6,2,07,12,2,0,0,0,1,0,0,0,1
"POINT (7.659268322000059 51.934587546000046)",Unfall 43356 (2023) Kat:3, Licht: 2,43356,3,7,6,06,23,4,0,2,0,1,1,0,0,0
"POINT (7.634099871000046 51.969849641000053)",Unfall 43357 (2023) Kat:3, Licht: 0,43357,3,2,5,06,15,4,0,0,1,1,0,0,0,0
"POINT (7.584459006000031 51.935575498000048)",Unfall 43358 (2023) Kat:3, Licht: 0,43358,3,3,5,06,08,4,0,0,1,1,0,0,0,0
"POINT (7.619769260000055 51.957657530000063)",Unfall 43444 (2023) Kat:3, Licht: 0,43444,3,1,3,06,12,3,0,0,1,0,0,0,0,0
"POINT (7.600827637000066 51.944780674000071)",Unfall 43548 (2023) Kat:3, Licht: 0,43548,3,3,5,06,06,2,0,0,1,0,0,0,0,0
"POINT (7.628930092000076 51.926866345000064)",Unfall 43549 (2023) Kat:3, Licht: 0,43549,3,3,3,06,15,2,0,0,1,1,0,0,0,0
"POINT (7.742655127000035 51.917071679000060)",Unfall 43550 (2023) Kat:2, Licht: 0,43550,2,3,5,06,15,2,0,0,1,1,0,0,0,0
"POINT (7.693632538000031 51.973550238000030)",Unfall 43551 (2023) Kat:2, Licht: 0,43551,2,3,2,06,12,2,0,0,1,0,0,0,1,0
"POINT (7.632675925000058 51.953733021000062)",Unfall 43679 (2023) Kat:2, Licht: 2,43679,2,7,0,06,01,1,0,2,1,0,0,0,0,0
"POINT (7.597049516000027 51.929159331000051)",Unfall 43761 (2023) Kat:3, Licht: 0,43761,3,6,2,08,16,5,1,0,0,1,0,0,0,0
"POINT (7.638973075000024 51.958187792000047)",Unfall 43841 (2023) Kat:3, Licht: 0,43841,3,1,2,08,16,4,1,0,1,1,0,0,0,0
"POINT (7.628514697000071 51.964682560000028)",Unfall 43930 (2023) Kat:3, Licht: 0,43930,3,2,5,08,18,3,0,0,1,0,0,0,0,1
"POINT (7.539815671000042 51.913176887000077)",Unfall 44146 (2023) Kat:3, Licht: 0,44146,3,6,2,07,12,7,0,0,0,1,0,0,0,0
"POINT (7.623716005000063 51.941863535000039)",Unfall 44147 (2023) Kat:3, Licht: 0,44147,3,6,2,07,17,7,1,0,0,1,0,0,0,0
"POINT (7.626351353000075 51.909680067000068)",Unfall 44148 (2023) Kat:3, Licht: 0,44148,3,1,8,07,14,7,0,0,0,0,0,1,0,0
"POINT (7.626385034000066 51.955391200000065)",Unfall 44221 (2023) Kat:3, Licht: 0,44221,3,2,3,07,13,6,0,0,1,1,0,0,0,0
"POINT (7.602771459000053 51.935592588000077)",Unfall 44330 (2023) Kat:3, Licht: 0,44330,3,6,2,07,16,5,1,0,0,1,0,0,0,0
"POINT (7.618112742000051 51.998263204000068)",Unfall 44331 (2023) Kat:3, Licht: 0,44331,3,3,5,07,12,5,1,0,1,1,0,0,0,0
"POINT (7.602774353000029 51.956761549000078)",Unfall 44437 (2023) Kat:3, Licht: 0,44437,3,6,2,07,14,4,1,0,0,1,0,0,0,0
"POINT (7.636977375000072 51.950885508000056)",Unfall 44515 (2023) Kat:3, Licht: 0,44515,3,2,5,07,15,6,0,0,1,1,0,0,0,0
"POINT (7.629583278000041 51.996237302000054)",Unfall 44632 (2023) Kat:3, Licht: 2,44632,3,1,0,08,23,5,1,2,1,0,0,0,0,0
"POINT (7.632835748000048 51.973079852000069)",Unfall 44642 (2023) Kat:3, Licht: 0,44642,3,3,0,07,17,2,0,0,1,1,0,0,0,0
"POINT (7.547546918000023 51.950591350000082)",Unfall 44757 (2023) Kat:3, Licht: 2,44757,3,6,3,07,21,1,1,2,0,1,0,0,0,0
"POINT (7.623660517000076 51.942785130000061)",Unfall 44812 (2023) Kat:3, Licht: 0,44812,3,6,1,07,10,7,0,0,0,1,0,0,1,0
"POINT (7.634847337000053 51.906155702000035)",Unfall 45099 (2023) Kat:3, Licht: 0,45099,3,6,2,07,11,4,0,0,1,1,0,0,0,0
"POINT (7.640317283000059 51.899755823000078)",Unfall 45103 (2023) Kat:3, Licht: 0,45103,3,7,0,07,11,6,0,0,0,1,0,0,0,0
"POINT (7.633678959000065 51.967126227000051)",Unfall 45198 (2023) Kat:3, Licht: 0,45198,3,3,5,07,08,4,0,0,1,1,0,0,0,0
"POINT (7.568976829000064 51.994753685000035)",Unfall 45207 (2023) Kat:3, Licht: 0,45207,3,1,7,07,08,3,0,0,0,0,0,1,0,0
"POINT (7.592415626000047 51.930297538000048)",Unfall 45208 (2023) Kat:3, Licht: 0,45208,3,1,0,07,20,3,0,0,0,0,0,1,0,0
"POINT (7.638279793000038 51.958474414000079)",Unfall 45209 (2023) Kat:3, Licht: 0,45209,3,1,0,07,08,3,0,0,0,0,0,0,0,1
"POINT (7.566288032000045 51.972905313000069)",Unfall 45275 (2023) Kat:3, Licht: 0,45275,3,3,0,08,12,4,0,0,1,0,0,0,0,0
"POINT (7.553121705000024 51.932146693000050)",Unfall 45325 (2023) Kat:3, Licht: 0,45325,3,6,2,07,10,2,0,0,0,1,0,0,1,0
"POINT (7.632525896000061 51.958405736000032)",Unfall 45326 (2023) Kat:3, Licht: 0,45326,3,6,3,07,18,2,1,0,0,1,0,1,0,0
"POINT (7.610001923000027 51.974209018000067)",Unfall 45329 (2023) Kat:3, Licht: 0,45329,3,1,0,07,08,2,0,0,1,0,0,0,0,0
"POINT (7.616826014000026 51.949647769000080)",Unfall 45330 (2023) Kat:3, Licht: 0,45330,3,4,0,07,07,2,0,0,1,0,1,0,0,0
"POINT (7.631022822000034 51.957019022000054)",Unfall 45331 (2023) Kat:3, Licht: 0,45331,3,6,1,07,20,2,0,0,0,1,0,0,0,0
"POINT (7.559643124000047 51.988971647000028)",Unfall 45509 (2023) Kat:3, Licht: 0,45509,3,1,0,08,19,5,1,0,0,0,0,1,0,1
"POINT (7.617611551000039 51.961878196000043)",Unfall 45530 (2023) Kat:3, Licht: 0,45530,3,2,5,07,11,7,0,0,1,1,0,0,0,0
"POINT (7.526757248000024 51.943850741000062)",Unfall 45531 (2023) Kat:3, Licht: 0,45531,3,3,5,07,14,7,0,0,0,1,0,0,0,0
"POINT (7.503193589000034 51.951304547000063)",Unfall 45532 (2023) Kat:3, Licht: 0,45532,3,1,8,07,15,7,0,0,0,0,0,1,0,0
"POINT (7.625178820000031 51.951509901000065)",Unfall 45533 (2023) Kat:3, Licht: 0,45533,3,1,1,07,12,7,0,0,1,1,0,0,0,0
"POINT (7.627032226000040 51.955793732000075)",Unfall 45610 (2023) Kat:3, Licht: 0,45610,3,3,0,08,17,4,1,0,1,1,0,0,0,0
"POINT (7.617745515000024 51.964546311000049)",Unfall 45766 (2023) Kat:3, Licht: 0,45766,3,3,5,07,13,5,0,0,1,1,0,0,0,0
"POINT (7.623663898000075 51.942770726000049)",Unfall 45799 (2023) Kat:2, Licht: 0,45799,2,7,6,07,10,7,0,0,0,1,1,0,0,0
"POINT (7.664260020000029 51.905790125000067)",Unfall 45903 (2023) Kat:3, Licht: 2,45903,3,7,5,07,23,4,0,2,0,1,0,1,0,0
"POINT (7.615407001000051 51.948232395000048)",Unfall 45904 (2023) Kat:3, Licht: 0,45904,3,3,5,07,16,4,0,0,1,0,0,0,0,0
"POINT (7.523847822000050 51.998390884000059)",Unfall 46103 (2023) Kat:3, Licht: 0,46103,3,1,8,08,11,7,1,0,0,1,0,0,0,0
"POINT (7.633137332000047 51.967972447000079)",Unfall 46104 (2023) Kat:3, Licht: 0,46104,3,6,2,08,13,7,1,0,0,1,0,1,0,0
"POINT (7.647161933000064 51.943447939000066)",Unfall 46105 (2023) Kat:2, Licht: 2,46105,2,3,5,08,00,7,0,2,1,1,0,0,0,0
"POINT (7.640637864000041 51.899354399000060)",Unfall 46106 (2023) Kat:3, Licht: 0,46106,3,7,2,08,13,7,1,0,0,1,0,1,0,0
"POINT (7.571348058000069 52.001230559000078)",Unfall 46201 (2023) Kat:3, Licht: 0,46201,3,1,2,08,15,6,0,0,0,1,0,0,0,0
"POINT (7.637405210000054 51.956074738000041)",Unfall 46205 (2023) Kat:3, Licht: 0,46205,3,7,6,08,12,6,0,0,0,0,1,0,0,1
"POINT (7.615582856000060 52.014911663000078)",Unfall 46206 (2023) Kat:2, Licht: 0,46206,2,2,4,08,15,6,0,0,1,0,0,0,0,1
"POINT (7.598719807000066 51.943241468000053)",Unfall 46207 (2023) Kat:2, Licht: 2,46207,2,1,9,08,23,6,0,2,0,1,0,0,0,0
"POINT (7.665728301000058 51.930248738000046)",Unfall 46208 (2023) Kat:3, Licht: 0,46208,3,2,5,08,13,6,0,0,1,1,0,0,0,0
"POINT (7.638216953000040 51.958512998000060)",Unfall 46490 (2023) Kat:3, Licht: 0,46490,3,2,5,08,13,4,0,0,1,1,0,0,0,0
"POINT (7.617678994000073 51.965276099000050)",Unfall 46491 (2023) Kat:3, Licht: 0,46491,3,6,3,08,07,4,0,0,0,0,0,0,1,1
"POINT (7.585978183000066 51.970914102000052)",Unfall 46492 (2023) Kat:2, Licht: 2,46492,2,1,8,08,22,4,0,2,0,0,0,1,0,0
"POINT (7.596784321000030 51.928693984000063)",Unfall 46623 (2023) Kat:3, Licht: 0,46623,3,1,3,08,13,3,0,0,0,1,0,0,0,0
"POINT (7.695178392000059 51.905430693000028)",Unfall 46624 (2023) Kat:3, Licht: 0,46624,3,6,0,08,07,3,0,0,1,0,0,0,0,0
"POINT (7.613231523000024 51.974296822000042)",Unfall 46625 (2023) Kat:3, Licht: 0,46625,3,2,5,08,16,3,0,0,0,1,0,0,0,1
"POINT (7.647869370000024 51.987845110000080)",Unfall 46626 (2023) Kat:3, Licht: 0,46626,3,3,5,08,15,3,0,0,1,1,0,0,0,0
"POINT (7.588869779000049 51.965228167000078)",Unfall 46627 (2023) Kat:3, Licht: 0,46627,3,3,0,08,13,3,1,0,1,1,0,0,0,0
"POINT (7.647908221000023 51.904568209000047)",Unfall 46664 (2023) Kat:3, Licht: 0,46664,3,3,5,08,15,6,0,0,1,1,0,0,0,0
"POINT (7.646196022000026 51.982964457000037)",Unfall 46726 (2023) Kat:3, Licht: 0,46726,3,3,5,08,11,2,0,0,0,1,0,0,0,0
"POINT (7.560515954000039 51.915558006000026)",Unfall 46850 (2023) Kat:2, Licht: 0,46850,2,1,8,08,19,1,1,0,0,1,0,0,0,0
"POINT (7.666513789000021 51.951826899000082)",Unfall 46941 (2023) Kat:3, Licht: 0,46941,3,6,2,08,18,7,1,0,0,1,0,0,0,0
"POINT (7.612571315000025 51.971360686000082)",Unfall 46942 (2023) Kat:3, Licht: 0,46942,3,7,0,08,17,7,1,0,0,1,0,0,0,1
"POINT (7.573557876000052 51.890353336000032)",Unfall 47036 (2023) Kat:3, Licht: 0,47036,3,6,1,08,15,6,0,0,0,1,0,0,0,0
"POINT (7.633418684000048 51.959194243000070)",Unfall 47037 (2023) Kat:3, Licht: 0,47037,3,2,3,08,16,6,0,0,1,1,0,0,0,0
"POINT (7.612536323000029 51.969243164000034)",Unfall 47038 (2023) Kat:3, Licht: 0,47038,3,2,5,08,18,6,0,0,1,1,0,0,0,0
"POINT (7.657279850000066 51.972583911000072)",Unfall 47226 (2023) Kat:3, Licht: 0,47226,3,6,3,08,17,7,0,0,1,0,0,0,0,0
"POINT (7.655812124000022 51.968121629000052)",Unfall 47260 (2023) Kat:1, Licht: 0,47260,1,6,6,08,17,1,0,0,0,0,1,0,0,1
"POINT (7.648691784000050 51.955068498000060)",Unfall 47333 (2023) Kat:3, Licht: 0,47333,3,3,5,08,12,6,1,0,0,1,0,1,0,0
"POINT (7.649493513000039 51.904771641000082)",Unfall 47334 (2023) Kat:3, Licht: 0,47334,3,6,1,08,17,6,0,0,0,1,0,0,0,0
"POINT (7.641937344000041 51.956823356000029)",Unfall 47335 (2023) Kat:3, Licht: 0,47335,3,6,0,08,19,6,0,0,1,1,0,0,0,0
"POINT (7.623554810000030 51.974719809000078)",Unfall 47336 (2023) Kat:2, Licht: 0,47336,2,3,5,08,16,6,0,0,0,1,0,0,0,1
"POINT (7.669033106000029 51.997723458000053)",Unfall 47337 (2023) Kat:3, Licht: 0,47337,3,7,2,08,15,6,0,0,0,1,0,0,0,0
"POINT (7.630861289000052 51.946059796000043)",Unfall 47594 (2023) Kat:3, Licht: 0,47594,3,2,5,08,10,4,0,0,1,1,0,0,0,0
"POINT (7.625548946000038 51.952741388000049)",Unfall 47595 (2023) Kat:3, Licht: 0,47595,3,2,5,08,10,4,0,0,0,1,0,1,0,0
"POINT (7.623951528000021 51.947774613000036)",Unfall 47596 (2023) Kat:3, Licht: 0,47596,3,3,0,08,08,4,0,0,0,1,0,0,0,1
"POINT (7.581484038000042 52.011373558000059)",Unfall 47728 (2023) Kat:2, Licht: 2,47728,2,6,2,08,00,3,0,2,0,1,0,0,0,1
"POINT (7.619486229000074 51.955942324000034)",Unfall 47729 (2023) Kat:3, Licht: 0,47729,3,7,2,08,16,3,0,0,1,0,0,0,0,0
"POINT (7.626336485000024 51.956163885000080)",Unfall 47730 (2023) Kat:3, Licht: 0,47730,3,1,0,08,09,3,0,0,1,0,0,0,0,0
"POINT (7.624402131000068 51.898229568000033)",Unfall 47844 (2023) Kat:2, Licht: 0,47844,2,4,6,08,16,2,0,0,0,1,1,0,0,0
"POINT (7.643557621000070 51.969409121000069)",Unfall 47845 (2023) Kat:3, Licht: 0,47845,3,6,2,08,12,2,0,0,0,1,0,0,0,0
"POINT (7.642068659000074 51.903848723000067)",Unfall 48062 (2023) Kat:3, Licht: 0,48062,3,3,5,08,19,7,0,0,0,1,0,0,0,1
"POINT (7.647034873000052 51.963718796000080)",Unfall 48168 (2023) Kat:3, Licht: 0,48168,3,2,1,08,15,6,0,0,1,1,0,0,0,0
"POINT (7.648307055000032 51.882106496000063)",Unfall 48169 (2023) Kat:3, Licht: 0,48169,3,1,0,08,16,6,0,0,1,0,0,0,0,0
"POINT (7.638421800000060 51.902128695000044)",Unfall 48329 (2023) Kat:3, Licht: 0,48329,3,2,5,08,18,5,0,0,1,1,0,0,0,0
"POINT (7.638662192000027 51.901827873000059)",Unfall 48330 (2023) Kat:3, Licht: 0,48330,3,2,5,08,17,5,0,0,1,0,0,1,0,0
"POINT (7.623467126000037 51.942775237000035)",Unfall 48331 (2023) Kat:3, Licht: 0,48331,3,2,5,08,15,5,0,0,1,1,0,0,0,0
"POINT (7.553479805000052 52.035495916000059)",Unfall 48332 (2023) Kat:3, Licht: 0,48332,3,6,2,08,13,5,0,0,0,1,0,0,0,0
"POINT (7.603222176000031 51.922265352000068)",Unfall 48334 (2023) Kat:3, Licht: 2,48334,3,1,8,08,00,5,0,2,0,0,0,1,0,0
"POINT (7.668693617000031 51.969312622000075)",Unfall 48586 (2023) Kat:3, Licht: 0,48586,3,6,4,08,13,3,0,0,1,0,0,0,0,0
"POINT (7.636187025000027 51.952864330000068)",Unfall 48587 (2023) Kat:3, Licht: 0,48587,3,6,0,08,15,3,0,0,0,1,0,0,0,1
"POINT (7.609719349000045 51.938150754000048)",Unfall 48588 (2023) Kat:3, Licht: 0,48588,3,6,2,08,14,3,0,0,0,1,0,0,0,0
"POINT (7.630906446000040 51.995718747000069)",Unfall 48693 (2023) Kat:3, Licht: 0,48693,3,1,0,08,19,4,0,0,1,0,0,0,0,0
"POINT (7.588088978000030 51.970423838000045)",Unfall 48745 (2023) Kat:3, Licht: 0,48745,3,3,5,08,13,2,0,0,0,1,0,0,0,1
"POINT (7.659966552000071 51.934125127000073)",Unfall 48850 (2023) Kat:3, Licht: 0,48850,3,6,5,09,17,3,0,0,1,0,0,0,0,0
"POINT (7.647503476000054 51.959956761000058)",Unfall 48891 (2023) Kat:3, Licht: 0,48891,3,2,3,09,09,2,0,0,1,1,0,0,0,0
"POINT (7.621786638000060 51.993561436000050)",Unfall 48892 (2023) Kat:3, Licht: 0,48892,3,3,5,09,07,2,0,0,1,0,0,1,0,0
"POINT (7.626091740000049 51.956094938000035)",Unfall 48893 (2023) Kat:3, Licht: 0,48893,3,6,0,09,10,2,0,0,0,1,0,1,0,0
"POINT (7.624669812000036 51.949942954000051)",Unfall 49001 (2023) Kat:3, Licht: 0,49001,3,6,0,09,13,1,0,0,1,0,0,0,0,0
"POINT (7.590205160000039 51.965319347000047)",Unfall 49002 (2023) Kat:3, Licht: 2,49002,3,1,0,09,02,1,0,2,0,0,0,0,0,1
"POINT (7.560013073000050 51.952950051000073)",Unfall 49093 (2023) Kat:3, Licht: 0,49093,3,6,6,09,09,7,0,0,1,0,1,0,0,0
"POINT (7.575653910000028 52.006439236000062)",Unfall 49216 (2023) Kat:3, Licht: 0,49216,3,6,2,09,16,6,0,0,0,1,0,0,0,1