WKT,Name,OBJECTID,UKATEGORIE,UTYP1,UART,UMONAT,USTUNDE,UWOCHENTAG,STRZUSTAND,ULICHTVERH,ISTRAD,ISTPKW,ISTFUSS,ISTKRAD,ISTGKFZ,ISTSONSTIG
"POINT (7.586795271000028 52.015302041000041)",Unfall 49218 (2023) Kat:3, Licht: 0,49218,3,6,2,09,12,6,0,0,0,1,0,0,0,0
"POINT (7.562663887000042 51.915486571000031)",Unfall 49219 (2023) Kat:3, Licht: 0,49219,3,6,2,09,07,6,0,0,0,1,0,0,0,0
"POINT (7.611556370000073 51.983719160000078)",Unfall 49220 (2023) Kat:3, Licht: 0,49220,3,2,5,09,10,6,0,0,1,1,0,0,0,0
"POINT (7.672409122000033 51.970211735000078)",Unfall 49357 (2023) Kat:3, Licht: 0,49357,3,6,2,09,09,5,0,0,0,1,0,0,0,0
"POINT (7.647761359000071 51.904550342000050)",Unfall 49358 (2023) Kat:3, Licht: 0,49358,3,2,5,09,18,5,0,0,1,1,0,0,0,0
"POINT (7.629583278000041 51.996237302000054)",Unfall 49359 (2023) Kat:3, Licht: 0,49359,3,2,5,09,17,5,0,0,0,1,0,0,0,0
"POINT (7.601692342000035 51.965136704000031)",Unfall 49360 (2023) Kat:3, Licht: 0,49360,3,1,0,09,14,5,0,0,1,0,0,0,0,0
"POINT (7.624313334000021 51.955614244000060)",Unfall 49361 (2023) Kat:2, Licht: 0,49361,2,6,2,09,19,5,0,0,1,1,0,0,0,0
"POINT (7.643846894000035 51.962115655000048)",Unfall 49511 (2023) Kat:3, Licht: 1,49511,3,3,5,09,21,4,0,1,1,1,0,0,0,0
"POINT (7.606502638000052 51.973582852000050)",Unfall 49512 (2023) Kat:3, Licht: 0,49512,3,3,5,09,08,4,0,0,1,1,0,0,0,0
"POINT (7.606564204000051 51.930498227000044)",Unfall 49514 (2023) Kat:3, Licht: 0,49514,3,2,0,09,14,4,0,0,0,1,0,0,0,1
"POINT (7.556142257000033 51.924590245000047)",Unfall 49661 (2023) Kat:2, Licht: 0,49661,2,6,1,09,07,3,0,0,0,1,0,0,0,0
"POINT (7.621206616000052 52.043590498000071)",Unfall 49662 (2023) Kat:3, Licht: 0,49662,3,7,0,09,07,3,0,0,0,0,0,1,0,1
"POINT (7.728349991000073 51.921304145000079)",Unfall 49663 (2023) Kat:3, Licht: 0,49663,3,3,5,09,06,3,0,0,1,0,0,0,0,0
"POINT (7.617611551000039 51.961878196000043)",Unfall 49664 (2023) Kat:3, Licht: 0,49664,3,7,0,09,06,3,1,0,0,0,0,1,0,0
"POINT (7.577985523000052 51.892855853000071)",Unfall 49665 (2023) Kat:3, Licht: 1,49665,3,3,3,09,07,3,0,1,1,1,0,0,0,0
"POINT (7.648356134000039 51.992950423000082)",Unfall 49666 (2023) Kat:3, Licht: 0,49666,3,3,0,09,17,3,0,0,1,1,0,0,0,0
"POINT (7.673749950000058 51.922764387000029)",Unfall 49667 (2023) Kat:1, Licht: 0,49667,1,1,9,09,16,3,0,0,0,1,0,0,0,0
"POINT (7.589579454000045 51.928777091000029)",Unfall 49668 (2023) Kat:2, Licht: 0,49668,2,2,5,09,13,3,0,0,1,1,0,0,0,0
"POINT (7.626597966000077 51.931909052000037)",Unfall 49793 (2023) Kat:3, Licht: 0,49793,3,7,2,09,14,7,0,0,0,1,0,0,0,0
"POINT (7.617347758000051 51.993103142000052)",Unfall 49832 (2023) Kat:3, Licht: 0,49832,3,2,5,09,16,6,0,0,1,1,0,0,0,0
"POINT (7.636137085000030 51.952860685000076)",Unfall 49842 (2023) Kat:3, Licht: 2,49842,3,1,0,09,03,2,0,2,0,0,0,0,0,1
"POINT (7.634832081000070 51.900596746000076)",Unfall 49843 (2023) Kat:3, Licht: 0,49843,3,3,5,09,17,2,0,0,1,1,0,0,0,0
"POINT (7.551658648000057 51.925000295000075)",Unfall 49844 (2023) Kat:3, Licht: 0,49844,3,7,2,09,15,2,0,0,0,1,0,0,0,0
"POINT (7.640005369000050 51.900146387000063)",Unfall 49845 (2023) Kat:3, Licht: 0,49845,3,2,0,09,15,2,0,0,0,1,0,0,0,0
"POINT (7.632214181000052 51.973203991000048)",Unfall 49846 (2023) Kat:3, Licht: 0,49846,3,6,1,09,11,2,0,0,0,1,0,0,0,0
"POINT (7.636191031000067 51.972535219000065)",Unfall 49999 (2023) Kat:3, Licht: 0,49999,3,6,1,09,18,1,0,0,0,1,0,0,0,0
"POINT (7.631843373000038 51.950442605000035)",Unfall 50001 (2023) Kat:2, Licht: 2,50001,2,6,3,09,01,1,0,2,1,0,0,0,0,0
"POINT (7.643693050000024 51.956179063000036)",Unfall 50153 (2023) Kat:3, Licht: 0,50153,3,7,0,09,14,6,0,0,1,0,0,0,0,0
"POINT (7.601775355000029 51.966737695000063)",Unfall 50486 (2023) Kat:3, Licht: 0,50486,3,6,2,08,07,4,0,0,0,1,0,1,0,0
"POINT (7.631752885000026 51.919324308000057)",Unfall 50669 (2023) Kat:3, Licht: 0,50669,3,6,2,08,15,3,0,0,0,1,0,0,0,0
"POINT (7.651967892000073 51.903069306000077)",Unfall 50671 (2023) Kat:3, Licht: 0,50671,3,7,2,08,15,3,0,0,0,1,0,0,0,0
"POINT (7.619663791000050 51.957348212000056)",Unfall 50672 (2023) Kat:3, Licht: 2,50672,3,1,0,08,00,3,0,2,0,0,0,0,0,1
"POINT (7.637069380000071 51.994881680000049)",Unfall 50673 (2023) Kat:3, Licht: 0,50673,3,3,5,08,07,3,0,0,1,0,0,0,0,1
"POINT (7.624959277000073 51.950875580000059)",Unfall 50674 (2023) Kat:3, Licht: 0,50674,3,2,5,08,19,3,0,0,1,1,0,0,0,0
"POINT (7.646775073000072 51.957028587000082)",Unfall 50755 (2023) Kat:3, Licht: 0,50755,3,2,5,09,17,2,0,0,1,1,0,0,0,0
"POINT (7.633351441000059 51.959143374000064)",Unfall 50759 (2023) Kat:3, Licht: 0,50759,3,7,2,09,09,2,0,0,1,1,0,0,0,0
"POINT (7.637646047000032 51.961825952000027)",Unfall 50815 (2023) Kat:3, Licht: 0,50815,3,7,6,08,14,2,0,0,1,0,1,0,0,0
"POINT (7.626091158000065 51.954426765000051)",Unfall 50816 (2023) Kat:3, Licht: 0,50816,3,6,2,08,18,2,0,0,1,1,0,0,0,1
"POINT (7.613524956000049 51.974306308000052)",Unfall 50864 (2023) Kat:3, Licht: 0,50864,3,3,5,09,15,2,0,0,1,1,0,0,0,0
"POINT (7.626052951000077 51.933325672000080)",Unfall 50904 (2023) Kat:3, Licht: 0,50904,3,6,3,09,09,6,0,0,1,0,0,0,0,0
"POINT (7.601324426000076 51.976554403000080)",Unfall 50905 (2023) Kat:3, Licht: 0,50905,3,3,5,09,14,6,0,0,1,1,0,0,0,0
"POINT (7.648259769000049 51.992945345000066)",Unfall 50906 (2023) Kat:3, Licht: 0,50906,3,4,6,09,15,6,0,0,0,0,1,0,0,1
"POINT (7.605961341000068 51.949829616000045)",Unfall 50907 (2023) Kat:3, Licht: 0,50907,3,6,3,09,13,6,0,0,1,0,0,0,0,0
"POINT (7.687540695000052 51.993010120000065)",Unfall 51023 (2023) Kat:3, Licht: 0,51023,3,2,5,09,09,5,0,0,1,1,0,0,0,0
"POINT (7.648229290000074 51.991155640000045)",Unfall 51024 (2023) Kat:3, Licht: 0,51024,3,4,0,09,17,5,0,0,0,0,1,0,0,1
"POINT (7.609420022000052 51.940798200000074)",Unfall 51025 (2023) Kat:3, Licht: 2,51025,3,3,6,09,19,5,1,2,0,1,1,0,0,0
"POINT (7.624840731000063 51.937524182000061)",Unfall 51026 (2023) Kat:3, Licht: 0,51026,3,7,1,09,12,5,0,0,0,1,0,0,0,0
"POINT (7.610004960000026 51.934721660000037)",Unfall 51120 (2023) Kat:3, Licht: 0,51120,3,7,2,09,14,4,0,0,0,1,0,1,0,0
"POINT (7.605834159000040 51.928729785000030)",Unfall 51121 (2023) Kat:3, Licht: 0,51121,3,7,0,09,16,4,0,0,1,0,0,0,0,0
"POINT (7.645568246000039 51.967629835000082)",Unfall 51122 (2023) Kat:3, Licht: 0,51122,3,2,3,09,08,4,0,0,1,1,0,0,0,0
"POINT (7.626303588000042 51.932661211000038)",Unfall 51123 (2023) Kat:3, Licht: 0,51123,3,6,3,09,16,4,0,0,1,0,0,0,0,0
"POINT (7.674317633000044 52.006928883000057)",Unfall 51124 (2023) Kat:3, Licht: 0,51124,3,6,2,09,14,4,0,0,0,1,0,0,0,0
"POINT (7.588319332000026 51.970491540000069)",Unfall 51125 (2023) Kat:3, Licht: 0,51125,3,3,5,09,12,4,0,0,1,1,0,0,0,0
"POINT (7.558957148000047 51.988651945000072)",Unfall 51228 (2023) Kat:3, Licht: 1,51228,3,7,8,09,06,3,1,1,0,1,0,0,0,1
"POINT (7.591980350000028 51.939584853000042)",Unfall 51229 (2023) Kat:3, Licht: 2,51229,3,3,0,09,05,3,1,2,0,1,0,1,0,0
"POINT (7.628794645000028 51.943998209000029)",Unfall 51230 (2023) Kat:3, Licht: 0,51230,3,7,3,09,09,3,0,0,1,1,0,0,0,0
"POINT (7.608999124000036 51.974140437000074)",Unfall 51231 (2023) Kat:1, Licht: 0,51231,1,3,5,09,13,3,0,0,1,1,0,0,0,0
"POINT (7.628944485000034 51.926832869000066)",Unfall 51341 (2023) Kat:3, Licht: 0,51341,3,3,5,09,07,2,0,0,0,1,0,0,0,1
"POINT (7.625643402000037 51.902944774000048)",Unfall 51342 (2023) Kat:3, Licht: 0,51342,3,3,5,09,17,2,0,0,0,0,1,0,0,1
"POINT (7.630647529000044 51.945686494000029)",Unfall 51463 (2023) Kat:3, Licht: 2,51463,3,7,2,09,02,1,0,2,1,0,0,0,0,0
"POINT (7.614645972000062 52.002692250000052)",Unfall 51464 (2023) Kat:2, Licht: 0,51464,2,3,0,09,10,1,1,0,1,0,0,0,0,0
"POINT (7.646194452000032 51.982960750000075)",Unfall 51564 (2023) Kat:3, Licht: 0,51564,3,3,5,09,11,7,0,0,1,1,0,0,0,0
"POINT (7.614439716000049 51.967855067000073)",Unfall 51565 (2023) Kat:3, Licht: 0,51565,3,6,0,09,17,7,0,0,1,0,0,0,0,0
"POINT (7.635937065000064 51.901172163000069)",Unfall 51702 (2023) Kat:3, Licht: 0,51702,3,6,6,09,19,6,0,0,1,0,1,0,0,0
"POINT (7.632717689000060 51.973102324000081)",Unfall 51703 (2023) Kat:3, Licht: 0,51703,3,7,0,09,17,6,0,0,1,0,0,0,0,0
"POINT (7.604168272000038 51.948502680000047)",Unfall 51704 (2023) Kat:3, Licht: 0,51704,3,6,2,09,14,6,0,0,0,1,0,0,0,1
"POINT (7.632065403000070 51.917773790000069)",Unfall 51705 (2023) Kat:3, Licht: 0,51705,3,1,2,09,14,6,0,0,0,1,0,1,0,0
"POINT (7.600271859000031 51.934791853000036)",Unfall 51944 (2023) Kat:3, Licht: 0,51944,3,3,5,09,18,2,0,0,1,1,0,0,0,0
"POINT (7.572664388000021 51.893082830000026)",Unfall 51978 (2023) Kat:3, Licht: 0,51978,3,1,8,09,13,4,0,0,0,1,0,0,0,0
"POINT (7.626799610000035 51.987196622000056)",Unfall 51979 (2023) Kat:3, Licht: 0,51979,3,6,1,09,18,4,0,0,1,0,0,0,0,0
"POINT (7.636036113000046 51.959357708000027)",Unfall 52140 (2023) Kat:3, Licht: 2,52140,3,7,6,10,00,1,0,2,0,1,1,0,0,0
"POINT (7.647013799000035 51.943537573000071)",Unfall 52180 (2023) Kat:2, Licht: 1,52180,2,2,5,10,06,7,0,1,0,1,0,0,0,1
"POINT (7.623430846000076 51.942929993000064)",Unfall 52277 (2023) Kat:3, Licht: 0,52277,3,6,0,10,14,6,0,0,1,1,0,0,0,0
"POINT (7.617873099000064 51.963446497000064)",Unfall 52370 (2023) Kat:2, Licht: 1,52370,2,7,7,10,18,5,0,1,1,0,0,0,0,0
"POINT (7.640418176000026 51.961732958000027)",Unfall 52371 (2023) Kat:2, Licht: 0,52371,2,1,9,10,14,5,0,0,1,0,0,0,0,0
"POINT (7.628382710000039 51.943768588000069)",Unfall 52372 (2023) Kat:3, Licht: 2,52372,3,7,7,10,21,5,0,2,0,1,0,0,0,1
"POINT (7.555428180000035 51.984624807000046)",Unfall 52831 (2023) Kat:3, Licht: 0,52831,3,1,2,09,14,6,0,0,0,0,0,0,1,1
"POINT (7.531241434000037 51.924472064000042)",Unfall 52832 (2023) Kat:3, Licht: 2,52832,3,7,0,09,23,6,0,2,1,0,0,0,0,1
"POINT (7.636905299000034 51.950924902000054)",Unfall 52833 (2023) Kat:3, Licht: 0,52833,3,2,5,09,13,6,0,0,1,1,0,0,0,0
"POINT (7.677311088000067 51.955235507000054)",Unfall 52834 (2023) Kat:2, Licht: 0,52834,2,3,4,09,16,6,0,0,1,1,0,0,0,0
"POINT (7.556350690000045 51.924638076000065)",Unfall 52943 (2023) Kat:2, Licht: 0,52943,2,6,7,09,08,5,0,0,0,1,0,0,1,0
"POINT (7.601291211000046 51.976573463000079)",Unfall 53076 (2023) Kat:3, Licht: 0,53076,3,2,6,09,15,4,0,0,0,1,1,0,0,0
"POINT (7.721094902000061 51.978988803000050)",Unfall 53077 (2023) Kat:3, Licht: 0,53077,3,2,4,09,17,4,0,0,1,1,0,0,0,0
"POINT (7.581871202000059 51.987765963000072)",Unfall 53211 (2023) Kat:3, Licht: 0,53211,3,1,9,09,17,3,0,0,0,1,0,1,0,0
"POINT (7.618241283000032 52.026408611000079)",Unfall 53213 (2023) Kat:3, Licht: 0,53213,3,2,5,09,07,3,0,0,0,1,0,1,0,0
"POINT (7.654272119000041 51.931320720000031)",Unfall 53215 (2023) Kat:3, Licht: 0,53215,3,2,5,09,14,3,0,0,1,1,0,0,0,0
"POINT (7.625576697000042 51.935502375000056)",Unfall 53365 (2023) Kat:3, Licht: 0,53365,3,7,2,09,16,2,0,0,0,1,0,0,0,0
"POINT (7.645754716000056 51.945184580000046)",Unfall 53366 (2023) Kat:3, Licht: 0,53366,3,1,0,09,15,2,0,0,1,0,0,0,0,0
"POINT (7.612387821000027 51.952413919000037)",Unfall 53633 (2023) Kat:3, Licht: 2,53633,3,7,0,09,22,7,0,2,0,1,0,0,0,1
"POINT (7.617447539000068 51.950420598000051)",Unfall 53752 (2023) Kat:3, Licht: 0,53752,3,2,5,10,12,6,0,0,1,0,0,0,0,1
"POINT (7.636987112000043 51.903914355000040)",Unfall 53753 (2023) Kat:3, Licht: 2,53753,3,5,3,10,18,6,1,2,0,1,0,1,0,0
"POINT (7.609684603000062 51.940288413000076)",Unfall 53871 (2023) Kat:3, Licht: 0,53871,3,7,0,10,16,5,0,0,1,1,0,0,0,0
"POINT (7.612971553000023 51.967219484000054)",Unfall 53872 (2023) Kat:3, Licht: 0,53872,3,2,6,10,18,5,0,0,0,1,1,0,0,0
"POINT (7.619843095000022 51.955014095000081)",Unfall 53873 (2023) Kat:3, Licht: 0,53873,3,6,2,10,16,5,0,0,1,0,0,0,0,0
"POINT (7.647869370000024 51.987845110000080)",Unfall 53964 (2023) Kat:3, Licht: 1,53964,3,3,5,10,07,4,0,1,1,1,0,0,0,0
"POINT (7.635972763000041 51.901193553000041)",Unfall 53965 (2023) Kat:3, Licht: 2,53965,3,7,9,10,03,4,1,2,0,1,0,0,0,0
"POINT (7.636905299000034 51.950924902000054)",Unfall 54054 (2023) Kat:3, Licht: 0,54054,3,2,3,10,10,3,0,0,1,1,0,0,0,0
"POINT (7.623925884000073 51.947692748000065)",Unfall 54178 (2023) Kat:3, Licht: 0,54178,3,4,6,10,15,2,0,0,1,0,1,0,0,0
"POINT (7.604767272000061 51.884872768000037)",Unfall 54296 (2023) Kat:3, Licht: 2,54296,3,3,5,10,19,1,1,2,1,1,0,0,0,0
"POINT (7.626002794000044 51.954126803000065)",Unfall 54349 (2023) Kat:3, Licht: 0,54349,3,7,3,10,16,7,0,0,1,1,0,0,0,0
"POINT (7.716578395000056 51.933015677000071)",Unfall 54446 (2023) Kat:3, Licht: 2,54446,3,1,0,10,18,6,1,2,0,0,0,1,0,0
"POINT (7.639144849000047 51.901223850000065)",Unfall 54447 (2023) Kat:2, Licht: 0,54447,2,6,2,10,14,6,1,0,0,1,0,0,0,0
"POINT (7.589083351000056 51.965363501000070)",Unfall 54448 (2023) Kat:3, Licht: 0,54448,3,3,5,10,11,6,1,0,1,1,0,0,0,0
"POINT (7.626528996000047 51.956170806000046)",Unfall 54449 (2023) Kat:3, Licht: 0,54449,3,7,0,10,17,6,1,0,1,1,0,0,0,0
"POINT (7.679378358000065 51.929694815000062)",Unfall 54450 (2023) Kat:3, Licht: 0,54450,3,7,8,10,11,6,1,0,0,1,0,0,0,0
"POINT (7.647332371000061 51.955227718000060)",Unfall 54451 (2023) Kat:3, Licht: 0,54451,3,6,2,10,15,6,1,0,0,1,0,0,0,0
"POINT (7.570439551000050 51.909572310000044)",Unfall 54463 (2023) Kat:3, Licht: 1,54463,3,6,2,10,18,1,1,1,0,1,0,0,0,0
"POINT (7.642586026000060 51.956577968000033)",Unfall 54524 (2023) Kat:3, Licht: 0,54524,3,3,5,10,12,6,1,0,0,1,0,0,0,0
"POINT (7.618963749000045 51.974552665000033)",Unfall 54591 (2023) Kat:3, Licht: 0,54591,3,1,3,10,16,5,1,0,1,0,0,0,0,0
"POINT (7.615582856000060 52.014911663000078)",Unfall 54969 (2023) Kat:3, Licht: 2,54969,3,3,5,10,06,2,0,2,1,1,0,0,0,0
"POINT (7.633431765000068 51.959204138000075)",Unfall 54970 (2023) Kat:3, Licht: 0,54970,3,6,2,10,10,2,0,0,0,1,0,0,0,0
"POINT (7.674057698000070 51.906373957000028)",Unfall 55087 (2023) Kat:3, Licht: 2,55087,3,4,6,10,20,1,1,2,0,0,1,0,0,1
"POINT (7.630019481000033 51.964118225000050)",Unfall 55088 (2023) Kat:3, Licht: 0,55088,3,7,6,10,17,1,1,0,1,0,1,0,0,0
"POINT (7.625639688000035 51.902490591000060)",Unfall 55090 (2023) Kat:3, Licht: 0,55090,3,2,0,10,16,1,0,0,1,1,0,0,0,0
"POINT (7.637643972000035 51.994791557000042)",Unfall 55160 (2023) Kat:3, Licht: 0,55160,3,7,2,10,15,5,1,0,0,1,0,0,0,0
"POINT (7.628966371000047 51.926781970000036)",Unfall 55257 (2023) Kat:3, Licht: 2,55257,3,6,4,10,06,6,1,2,1,0,0,0,0,0
"POINT (7.667331647000026 51.969018076000054)",Unfall 55258 (2023) Kat:3, Licht: 0,55258,3,7,0,10,15,6,0,0,0,0,0,0,0,1
"POINT (7.684483998000076 51.947553588000062)",Unfall 55259 (2023) Kat:3, Licht: 2,55259,3,6,2,10,07,6,1,2,0,1,0,0,0,0
"POINT (7.631331492000072 51.953994937000061)",Unfall 55391 (2023) Kat:3, Licht: 2,55391,3,2,5,10,22,5,1,2,0,1,0,0,0,0
"POINT (7.629139771000041 51.926378699000054)",Unfall 55392 (2023) Kat:3, Licht: 0,55392,3,1,0,10,15,5,1,0,0,0,0,1,0,0
"POINT (7.589579454000045 51.928777091000029)",Unfall 55393 (2023) Kat:3, Licht: 1,55393,3,7,1,10,17,5,1,1,0,1,0,0,0,0
"POINT (7.626647786000035 51.955483795000077)",Unfall 55394 (2023) Kat:3, Licht: 0,55394,3,3,5,10,13,5,1,0,1,1,0,0,0,0
"POINT (7.617455141000050 51.966503872000033)",Unfall 55395 (2023) Kat:2, Licht: 2,55395,2,1,0,10,01,5,0,2,1,0,0,0,0,1
"POINT (7.598755416000074 51.943256222000059)",Unfall 55527 (2023) Kat:3, Licht: 0,55527,3,6,3,10,14,4,0,0,1,0,0,0,0,0
"POINT (7.625456706000023 51.903673994000030)",Unfall 55528 (2023) Kat:3, Licht: 0,55528,3,7,5,10,14,4,0,0,1,1,0,0,0,0
"POINT (7.625888386000042 51.953738424000051)",Unfall 55531 (2023) Kat:3, Licht: 0,55531,3,2,0,10,08,4,0,0,1,0,0,0,0,0
"POINT (7.611557492000031 51.983703197000068)",Unfall 55532 (2023) Kat:3, Licht: 2,55532,3,6,2,10,21,4,0,2,0,1,0,0,0,0
"POINT (7.632941021000022 51.913822137000068)",Unfall 55675 (2023) Kat:3, Licht: 0,55675,3,6,3,10,17,3,0,0,1,0,0,0,0,0
"POINT (7.567677911000033 51.955734369000027)",Unfall 55698 (2023) Kat:3, Licht: 0,55698,3,7,1,10,16,3,0,0,0,1,0,0,0,0
"POINT (7.643991846000063 51.962168814000051)",Unfall 55831 (2023) Kat:2, Licht: 0,55831,2,7,0,10,13,2,1,0,0,0,0,1,0,0
"POINT (7.571070089000045 51.974029482000049)",Unfall 55832 (2023) Kat:3, Licht: 0,55832,3,3,5,10,09,2,1,0,0,1,0,0,0,1
"POINT (7.593360288000042 51.970242248000034)",Unfall 55834 (2023) Kat:3, Licht: 1,55834,3,7,0,10,07,2,1,1,0,0,0,1,0,0
"POINT (7.610456354000064 51.974221136000040)",Unfall 55835 (2023) Kat:3, Licht: 0,55835,3,6,1,10,14,2,0,0,0,1,0,0,0,0
"POINT (7.595348764000050 51.976723875000062)",Unfall 55957 (2023) Kat:3, Licht: 0,55957,3,1,0,11,14,4,0,0,1,1,0,0,0,0
"POINT (7.608904226000050 51.880011448000062)",Unfall 56050 (2023) Kat:3, Licht: 2,56050,3,2,5,11,17,3,0,2,1,1,0,0,0,0
"POINT (7.615116269000055 51.967360571000029)",Unfall 56051 (2023) Kat:3, Licht: 2,56051,3,2,0,11,20,3,0,2,1,1,0,0,0,0
"POINT (7.601772907000054 51.935198872000058)",Unfall 56052 (2023) Kat:3, Licht: 0,56052,3,6,2,11,13,3,0,0,0,1,0,0,0,0
"POINT (7.602733611000076 51.935761858000035)",Unfall 56053 (2023) Kat:3, Licht: 0,56053,3,1,2,11,07,3,1,0,0,1,0,0,0,0
"POINT (7.676951533000022 51.969637471000055)",Unfall 56169 (2023) Kat:3, Licht: 0,56169,3,3,5,11,09,2,0,0,1,1,0,0,0,0
"POINT (7.633214869000028 51.953469672000040)",Unfall 56326 (2023) Kat:3, Licht: 0,56326,3,2,3,11,10,7,0,0,1,0,0,0,0,1
"POINT (7.655482844000062 51.932177612000032)",Unfall 56406 (2023) Kat:2, Licht: 0,56406,2,1,0,11,11,6,0,0,1,0,0,0,0,0
"POINT (7.602627542000050 51.975805342000058)",Unfall 56407 (2023) Kat:3, Licht: 2,56407,3,7,3,11,20,6,0,2,0,1,0,0,0,1
"POINT (7.633806041000071 51.962086276000036)",Unfall 56500 (2023) Kat:3, Licht: 0,56500,3,3,0,11,11,5,0,0,1,1,0,0,0,0
"POINT (7.626151474000039 51.954631527000060)",Unfall 56501 (2023) Kat:3, Licht: 0,56501,3,7,0,11,16,5,0,0,1,1,0,0,0,1
"POINT (7.635626140000056 51.938498618000040)",Unfall 56510 (2023) Kat:3, Licht: 0,56510,3,6,2,11,16,3,0,0,0,1,0,0,0,0
"POINT (7.676020140000048 51.950164342000051)",Unfall 56572 (2023) Kat:3, Licht: 0,56572,3,3,5,11,07,2,0,0,1,1,0,0,0,0
"POINT (7.601718746000074 51.994919025000058)",Unfall 56607 (2023) Kat:2, Licht: 2,56607,2,1,9,11,05,4,1,2,0,1,0,0,0,0
"POINT (7.565686808000066 51.915602473000035)",Unfall 56676 (2023) Kat:3, Licht: 2,56676,3,7,0,10,07,3,0,2,0,1,0,0,0,0
"POINT (7.608065875000023 51.974010057000044)",Unfall 56678 (2023) Kat:3, Licht: 0,56678,3,3,5,10,14,3,0,0,1,1,0,0,0,0
"POINT (7.608120370000051 51.974020358000075)",Unfall 56679 (2023) Kat:3, Licht: 2,56679,3,2,5,10,17,3,1,2,1,1,0,0,0,0
"POINT (7.754044963000069 51.929576275000045)",Unfall 56680 (2023) Kat:3, Licht: 0,56680,3,6,2,10,13,3,1,0,0,1,0,0,0,0
"POINT (7.611843043000022 51.982381396000051)",Unfall 56681 (2023) Kat:3, Licht: 2,56681,3,3,4,10,19,3,1,2,1,1,0,0,0,0
"POINT (7.617611551000039 51.961878196000043)",Unfall 56682 (2023) Kat:3, Licht: 0,56682,3,2,1,10,17,3,1,0,1,1,0,0,0,0
"POINT (7.616546091000032 51.974442412000030)",Unfall 56823 (2023) Kat:3, Licht: 0,56823,3,3,5,10,14,2,0,0,0,1,0,0,0,0
"POINT (7.536088350000057 51.993439482000042)",Unfall 56825 (2023) Kat:3, Licht: 2,56825,3,6,2,10,17,2,1,2,0,1,0,0,0,0
"POINT (7.601718746000074 51.994919025000058)",Unfall 56827 (2023) Kat:3, Licht: 0,56827,3,3,5,10,09,2,0,0,1,1,0,0,0,0
"POINT (7.637596144000042 51.958762861000082)",Unfall 56828 (2023) Kat:3, Licht: 2,56828,3,3,0,10,18,2,1,2,1,0,0,0,0,1
"POINT (7.631491250000067 51.957398773000079)",Unfall 56830 (2023) Kat:3, Licht: 2,56830,3,2,0,10,20,2,1,2,1,1,0,0,0,0
"POINT (7.634126905000073 51.959654104000037)",Unfall 56976 (2023) Kat:3, Licht: 2,56976,3,3,5,10,02,1,1,2,1,1,0,0,0,0
"POINT (7.617715968000027 51.961273628000072)",Unfall 57049 (2023) Kat:3, Licht: 2,57049,3,7,0,10,02,7,1,2,0,0,0,0,0,1
"POINT (7.624959277000073 51.950875580000059)",Unfall 57050 (2023) Kat:3, Licht: 0,57050,3,3,0,10,15,7,1,0,1,1,0,0,0,0
"POINT (7.595607766000057 51.979930847000048)",Unfall 57051 (2023) Kat:3, Licht: 0,57051,3,7,2,10,16,7,1,0,0,1,0,0,0,0
"POINT (7.603103057000055 51.953014475000032)",Unfall 57106 (2023) Kat:3, Licht: 0,57106,3,1,0,11,16,6,0,0,1,0,0,0,0,0
"POINT (7.626233830000047 51.954903353000077)",Unfall 57133 (2023) Kat:2, Licht: 0,57133,2,6,3,11,11,7,0,0,1,0,0,0,0,0
"POINT (7.569570221000049 51.956422408000037)",Unfall 57134 (2023) Kat:3, Licht: 2,57134,3,1,9,11,22,7,1,2,0,0,0,0,0,1
"POINT (7.512049649000062 51.923389221000036)",Unfall 57135 (2023) Kat:3, Licht: 0,57135,3,7,0,11,10,7,1,0,0,1,1,0,0,0
"POINT (7.645660966000037 51.904301035000060)",Unfall 57222 (2023) Kat:3, Licht: 0,57222,3,2,5,11,09,6,1,0,1,1,0,0,0,0
"POINT (7.595612672000073 51.969992245000071)",Unfall 57223 (2023) Kat:3, Licht: 2,57223,3,6,0,11,07,6,1,2,1,0,0,0,0,0
"POINT (7.638589579000040 51.902656650000040)",Unfall 57224 (2023) Kat:3, Licht: 2,57224,3,2,0,11,22,6,1,2,0,1,0,0,0,1
"POINT (7.626856082000074 51.955564942000080)",Unfall 57351 (2023) Kat:3, Licht: 2,57351,3,2,5,11,18,5,1,2,1,1,0,0,0,0
"POINT (7.611484422000046 51.987272466000036)",Unfall 57352 (2023) Kat:2, Licht: 2,57352,2,6,3,11,19,5,1,2,0,1,0,0,0,0
"POINT (7.589966833000062 51.965334622000057)",Unfall 57353 (2023) Kat:3, Licht: 0,57353,3,2,5,11,11,5,1,0,1,0,0,0,0,1
"POINT (7.625564074000067 51.934768369000039)",Unfall 57365 (2023) Kat:3, Licht: 2,57365,3,7,6,11,19,6,0,2,1,0,1,0,0,0
"POINT (7.650710710000055 51.964863886000046)",Unfall 57447 (2023) Kat:3, Licht: 2,57447,3,6,0,11,19,4,0,2,1,0,0,0,0,0
"POINT (7.625713439000037 51.934230338000077)",Unfall 57530 (2023) Kat:3, Licht: 0,57530,3,6,3,11,14,3,0,0,0,1,0,0,1,0
"POINT (7.631777530000022 51.950813033000031)",Unfall 57531 (2023) Kat:3, Licht: 0,57531,3,2,5,11,14,3,1,0,1,1,0,0,0,0