WKT,Name,OBJECTID,UKATEGORIE,UTYP1,UART,UMONAT,USTUNDE,UWOCHENTAG,STRZUSTAND,ULICHTVERH,ISTRAD,ISTPKW,ISTFUSS,ISTKRAD,ISTGKFZ,ISTSONSTIG
"POINT (7.631820425000058 51.949992293000037)",Unfall 57532 (2023) Kat:3, Licht: 1,57532,3,2,0,11,07,3,0,1,1,1,0,0,0,0
"POINT (7.638150773000064 51.902467846000036)",Unfall 57633 (2023) Kat:3, Licht: 0,57633,3,6,1,11,13,2,0,0,0,1,0,0,0,0
"POINT (7.626440275000050 51.956171788000063)",Unfall 57634 (2023) Kat:3, Licht: 2,57634,3,6,2,11,17,2,0,2,1,1,0,0,0,0
"POINT (7.622467940000035 51.894587088000037)",Unfall 57635 (2023) Kat:3, Licht: 0,57635,3,2,5,11,14,2,0,0,1,1,0,0,0,0
"POINT (7.613418886000034 51.974302418000036)",Unfall 57737 (2023) Kat:2, Licht: 2,57737,2,3,0,11,16,1,1,2,1,1,0,0,0,0
"POINT (7.599433819000069 51.977674563000051)",Unfall 57739 (2023) Kat:3, Licht: 2,57739,3,1,9,11,05,1,1,2,0,1,0,0,0,0
"POINT (7.627044747000070 51.931311788000073)",Unfall 57740 (2023) Kat:3, Licht: 2,57740,3,6,1,11,19,1,1,2,0,1,0,0,0,0
"POINT (7.632672519000039 51.958548582000049)",Unfall 57902 (2023) Kat:3, Licht: 2,57902,3,3,5,11,23,6,1,2,0,1,0,0,0,0
"POINT (7.636496395000052 51.904524316000050)",Unfall 57920 (2023) Kat:3, Licht: 0,57920,3,7,6,11,10,6,0,0,0,1,1,0,0,0
"POINT (7.648298249000050 51.882145761000061)",Unfall 57921 (2023) Kat:3, Licht: 0,57921,3,3,5,11,14,6,0,0,0,1,0,1,0,0
"POINT (7.634393702000068 51.953025795000030)",Unfall 57922 (2023) Kat:3, Licht: 2,57922,3,3,5,11,17,6,0,2,1,1,0,0,0,0
"POINT (7.591934776000073 51.939562270000067)",Unfall 58054 (2023) Kat:3, Licht: 2,58054,3,2,4,11,16,7,1,2,0,1,0,0,0,0
"POINT (7.645744344000036 51.955499792000069)",Unfall 58132 (2023) Kat:3, Licht: 0,58132,3,7,6,11,14,4,1,0,0,1,0,0,0,1
"POINT (7.607794862000048 51.950212971000042)",Unfall 58133 (2023) Kat:3, Licht: 0,58133,3,7,0,11,10,4,0,0,1,1,0,0,0,0
"POINT (7.619566693000024 51.958678450000036)",Unfall 58267 (2023) Kat:3, Licht: 0,58267,3,6,4,11,15,3,0,0,1,0,0,0,0,0
"POINT (7.639098573000069 51.901281780000033)",Unfall 58268 (2023) Kat:3, Licht: 2,58268,3,3,5,11,19,3,1,2,1,1,0,0,0,0
"POINT (7.647023867000030 51.963743950000037)",Unfall 58269 (2023) Kat:3, Licht: 2,58269,3,3,0,11,19,3,1,2,0,1,0,0,0,0
"POINT (7.618221454000036 51.959841865000044)",Unfall 58270 (2023) Kat:2, Licht: 2,58270,2,2,5,11,18,3,1,2,1,1,0,0,0,0
"POINT (7.716578893000076 51.933002952000038)",Unfall 58271 (2023) Kat:2, Licht: 2,58271,2,3,5,11,18,3,1,2,1,1,0,0,0,0
"POINT (7.542151042000057 51.924775146000059)",Unfall 58419 (2023) Kat:1, Licht: 0,58419,1,2,4,11,15,2,1,0,0,1,0,0,0,0
"POINT (7.611213424000027 51.989233442000057)",Unfall 58420 (2023) Kat:3, Licht: 0,58420,3,6,2,11,08,2,1,0,0,1,0,0,0,0
"POINT (7.608050712000022 51.974009615000057)",Unfall 58421 (2023) Kat:3, Licht: 0,58421,3,3,5,11,16,2,1,0,1,0,0,1,0,0
"POINT (7.626971615000059 51.931487457000060)",Unfall 58682 (2023) Kat:3, Licht: 1,58682,3,1,0,11,15,6,1,1,0,0,0,1,0,0
"POINT (7.632946998000023 51.913598688000036)",Unfall 58684 (2023) Kat:3, Licht: 2,58684,3,6,1,11,07,6,1,2,0,1,0,0,0,0
"POINT (7.624204877000068 51.940681069000050)",Unfall 58845 (2023) Kat:3, Licht: 2,58845,3,5,1,11,21,5,1,2,1,1,0,0,0,0
"POINT (7.617689256000062 51.965246927000067)",Unfall 58846 (2023) Kat:3, Licht: 0,58846,3,2,4,11,11,5,1,0,1,1,0,0,0,0
"POINT (7.648356134000039 51.992950423000082)",Unfall 58848 (2023) Kat:2, Licht: 2,58848,2,3,5,11,06,5,1,2,1,1,0,0,0,0
"POINT (7.603783978000024 51.975120998000079)",Unfall 58849 (2023) Kat:3, Licht: 0,58849,3,7,0,11,09,5,0,0,0,0,1,0,0,1
"POINT (7.652771443000063 51.965702119000071)",Unfall 58876 (2023) Kat:3, Licht: 2,58876,3,4,6,12,16,3,1,2,1,0,1,0,0,0
"POINT (7.606564204000051 51.930498227000044)",Unfall 58877 (2023) Kat:3, Licht: 0,58877,3,2,0,12,13,3,1,0,0,1,0,0,0,0
"POINT (7.630535431000055 51.963947021000081)",Unfall 58982 (2023) Kat:3, Licht: 0,58982,3,7,5,12,09,2,0,0,1,0,0,0,0,0
"POINT (7.625798336000059 51.953455004000034)",Unfall 58983 (2023) Kat:3, Licht: 0,58983,3,7,0,12,13,2,0,0,0,1,1,0,0,0
"POINT (7.601518697000074 51.965243745000066)",Unfall 59057 (2023) Kat:3, Licht: 0,59057,3,1,0,12,12,1,1,0,0,0,0,0,0,1
"POINT (7.577279166000039 51.857704711000054)",Unfall 59165 (2023) Kat:3, Licht: 2,59165,3,6,3,12,06,6,1,2,0,1,0,0,1,0
"POINT (7.563109017000045 51.946111883000071)",Unfall 59166 (2023) Kat:3, Licht: 2,59166,3,6,4,12,20,6,0,2,1,0,0,0,0,0
"POINT (7.651793021000060 51.954872579000039)",Unfall 59167 (2023) Kat:3, Licht: 0,59167,3,7,6,12,15,6,0,0,0,1,1,0,0,0
"POINT (7.618751581000026 51.974541681000062)",Unfall 59168 (2023) Kat:3, Licht: 0,59168,3,6,2,12,13,6,0,0,0,1,0,0,0,0
"POINT (7.549738434000062 51.953198950000058)",Unfall 59221 (2023) Kat:3, Licht: 2,59221,3,1,8,12,07,5,1,2,1,0,0,0,0,0
"POINT (7.631777530000022 51.950813033000031)",Unfall 59325 (2023) Kat:3, Licht: 1,59325,3,2,5,12,17,4,0,1,1,1,0,0,0,0
"POINT (7.637919741000076 51.902755044000060)",Unfall 59326 (2023) Kat:3, Licht: 0,59326,3,6,1,12,11,4,1,0,0,1,0,0,0,1
"POINT (7.635103751000031 51.960432460000050)",Unfall 59327 (2023) Kat:3, Licht: 0,59327,3,6,2,12,08,4,1,0,0,1,0,0,0,1
"POINT (7.606553633000033 51.930471171000079)",Unfall 59416 (2023) Kat:3, Licht: 2,59416,3,2,6,12,20,4,1,2,0,1,1,0,0,0
"POINT (7.548893661000022 51.953400436000038)",Unfall 59430 (2023) Kat:3, Licht: 0,59430,3,7,4,12,13,3,1,0,0,1,0,0,0,1
"POINT (7.630904927000074 51.973494313000060)",Unfall 59431 (2023) Kat:3, Licht: 2,59431,3,6,2,12,15,3,1,2,0,1,0,0,0,0
"POINT (7.640775564000023 51.971271436000052)",Unfall 59432 (2023) Kat:3, Licht: 0,59432,3,3,5,12,09,3,0,0,1,0,0,0,0,1
"POINT (7.647023867000030 51.963743950000037)",Unfall 59433 (2023) Kat:3, Licht: 0,59433,3,6,1,12,13,3,0,0,0,1,0,0,1,0
"POINT (7.599115932000075 51.990751457000044)",Unfall 59540 (2023) Kat:3, Licht: 2,59540,3,6,5,12,21,2,0,2,1,0,0,0,0,1
"POINT (7.612017319000074 51.943927836000057)",Unfall 59541 (2023) Kat:3, Licht: 2,59541,3,2,6,12,07,2,1,2,0,1,1,0,0,0
"POINT (7.627333016000023 51.943287016000056)",Unfall 59542 (2023) Kat:3, Licht: 0,59542,3,3,5,12,15,2,1,0,1,1,0,0,0,0
"POINT (7.624193777000073 51.940723140000046)",Unfall 59543 (2023) Kat:2, Licht: 2,59543,2,6,1,12,22,2,0,2,0,1,0,0,0,0
"POINT (7.619772128000022 51.966692189000071)",Unfall 59681 (2023) Kat:3, Licht: 2,59681,3,1,6,12,17,7,1,2,0,1,1,0,0,0
"POINT (7.516353636000076 51.964139513000077)",Unfall 59770 (2023) Kat:3, Licht: 1,59770,3,3,5,12,14,6,1,1,1,0,0,0,0,1
"POINT (7.623743413000057 51.965947256000049)",Unfall 59771 (2023) Kat:3, Licht: 1,59771,3,2,6,12,07,6,1,1,0,1,1,0,0,0
"POINT (7.631950218000043 51.962876757000060)",Unfall 59789 (2023) Kat:2, Licht: 1,59789,2,2,6,12,08,3,1,1,0,1,1,0,0,0
"POINT (7.547944092000023 51.972490573000073)",Unfall 59893 (2023) Kat:3, Licht: 2,59893,3,6,3,12,17,5,0,2,0,1,0,0,1,0
"POINT (7.617004916000042 51.949855812000067)",Unfall 59894 (2023) Kat:3, Licht: 2,59894,3,3,5,12,19,5,0,2,1,1,0,0,0,0
"POINT (7.655763120000074 51.968035931000031)",Unfall 59895 (2023) Kat:3, Licht: 0,59895,3,6,2,12,13,5,0,0,0,1,0,0,0,0
"POINT (7.622321183000054 51.893943692000050)",Unfall 59896 (2023) Kat:2, Licht: 0,59896,2,2,5,12,14,5,0,0,1,1,0,0,0,0
"POINT (7.621360968000033 51.940419026000029)",Unfall 59897 (2023) Kat:2, Licht: 0,59897,2,5,1,12,09,5,1,0,1,1,0,0,0,0
"POINT (7.686318926000069 51.928387190000080)",Unfall 60120 (2023) Kat:3, Licht: 0,60120,3,7,0,12,13,3,1,0,1,0,1,0,0,0
"POINT (7.587922948000028 51.970524851000050)",Unfall 60125 (2023) Kat:3, Licht: 2,60125,3,4,6,12,16,3,1,2,0,1,1,0,0,0
"POINT (7.611360737000041 51.949353499000040)",Unfall 60389 (2023) Kat:3, Licht: 2,60389,3,1,1,12,21,1,1,2,0,1,0,0,0,0
"POINT (7.659149173000060 51.967442290000065)",Unfall 60394 (2023) Kat:2, Licht: 0,60394,2,1,0,12,13,1,0,0,1,0,0,0,0,0
"POINT (7.617611551000039 51.961878196000043)",Unfall 60398 (2023) Kat:3, Licht: 2,60398,3,2,6,12,17,3,1,2,0,1,1,0,0,0
"POINT (7.563808372000040 51.997244630000068)",Unfall 60455 (2023) Kat:2, Licht: 0,60455,2,3,0,12,15,7,0,0,1,1,0,0,0,0
"POINT (7.549028055000065 51.953368257000079)",Unfall 60456 (2023) Kat:2, Licht: 2,60456,2,1,6,12,19,7,0,2,1,0,1,0,0,0
"POINT (7.619698923000044 51.955445631000032)",Unfall 60457 (2023) Kat:3, Licht: 0,60457,3,3,5,12,12,7,0,0,1,1,0,0,0,0
"POINT (7.646962732000077 51.943541428000060)",Unfall 60516 (2023) Kat:3, Licht: 2,60516,3,2,3,12,22,6,2,2,1,1,0,0,0,0
"POINT (7.617012387000045 51.966364310000074)",Unfall 60517 (2023) Kat:3, Licht: 0,60517,3,6,2,12,14,6,0,0,0,1,0,0,0,0
"POINT (7.623554810000030 51.974719809000078)",Unfall 60620 (2023) Kat:3, Licht: 0,60620,3,6,3,11,13,5,1,0,1,1,0,0,0,0
"POINT (7.670075621000024 51.929064161000042)",Unfall 60621 (2023) Kat:3, Licht: 0,60621,3,4,0,11,16,5,0,0,1,0,1,0,0,0
"POINT (7.619673788000057 51.957377533000056)",Unfall 60622 (2023) Kat:3, Licht: 0,60622,3,1,6,11,10,5,1,0,1,0,1,0,0,0
"POINT (7.617744799000036 51.961058938000065)",Unfall 60732 (2023) Kat:3, Licht: 2,60732,3,1,2,12,17,5,0,2,0,1,0,0,0,0
"POINT (7.595836033000069 51.979796420000071)",Unfall 60761 (2023) Kat:3, Licht: 2,60761,3,6,1,11,16,4,1,2,0,1,0,0,0,0
"POINT (7.567745541000022 51.955757587000051)",Unfall 60846 (2023) Kat:3, Licht: 2,60846,3,3,5,12,07,5,1,2,1,1,0,0,0,0
"POINT (7.623668405000046 51.946806885000058)",Unfall 60909 (2023) Kat:3, Licht: 0,60909,3,3,5,11,07,3,1,0,1,1,0,0,0,0
"POINT (7.636941127000057 51.973640871000043)",Unfall 60911 (2023) Kat:3, Licht: 0,60911,3,5,3,11,15,3,1,0,0,1,0,1,0,0
"POINT (7.606352046000040 52.038588786000048)",Unfall 61040 (2023) Kat:3, Licht: 1,61040,3,6,2,11,09,2,1,1,0,1,0,0,0,0
"POINT (7.613047425000047 51.880692999000075)",Unfall 61044 (2023) Kat:2, Licht: 2,61044,2,7,0,11,16,2,1,2,0,0,0,1,0,0
"POINT (7.622854720000021 51.897333905000039)",Unfall 61045 (2023) Kat:3, Licht: 0,61045,3,2,2,11,14,2,1,0,0,1,0,0,0,0
"POINT (7.647332371000061 51.955227718000060)",Unfall 61046 (2023) Kat:3, Licht: 2,61046,3,6,1,11,18,2,1,2,1,1,0,0,0,0
"POINT (7.591647560000069 52.043086391000031)",Unfall 61047 (2023) Kat:3, Licht: 0,61047,3,1,0,11,11,2,1,0,1,0,0,0,0,0
"POINT (7.667768136000063 51.951648230000046)",Unfall 61048 (2023) Kat:3, Licht: 2,61048,3,3,7,11,16,2,1,2,0,1,1,0,0,0
"POINT (7.660385766000047 51.953873794000060)",Unfall 61049 (2023) Kat:3, Licht: 0,61049,3,6,1,11,15,2,1,0,0,1,0,0,0,1
"POINT (7.625892104000059 51.955723709000040)",Unfall 61293 (2023) Kat:3, Licht: 2,61293,3,3,0,11,23,1,1,2,1,1,0,0,0,0
"POINT (7.629205906000038 51.944279499000061)",Unfall 61619 (2023) Kat:3, Licht: 0,61619,3,2,5,12,11,7,1,0,1,1,0,0,0,0
"POINT (7.658827922000057 51.985739632000048)",Unfall 61620 (2023) Kat:3, Licht: 0,61620,3,3,5,12,11,7,1,0,1,1,0,0,0,0
"POINT (7.566181351000068 51.925115570000060)",Unfall 61672 (2023) Kat:3, Licht: 2,61672,3,6,4,12,17,6,1,2,0,1,0,0,0,0
"POINT (7.617397246000053 51.950357724000071)",Unfall 61673 (2023) Kat:3, Licht: 0,61673,3,7,0,12,10,6,1,0,1,1,0,0,0,0
"POINT (7.563161108000031 51.946029207000038)",Unfall 61940 (2023) Kat:2, Licht: 2,61940,2,6,3,12,20,1,0,2,1,1,0,0,0,0
"POINT (7.601460064000037 51.994903417000046)",Unfall 61994 (2023) Kat:3, Licht: 0,61994,3,2,3,12,15,7,1,0,1,1,0,0,0,0
"POINT (7.625703154000064 51.934266340000079)",Unfall 61995 (2023) Kat:3, Licht: 2,61995,3,2,5,12,17,7,1,2,0,1,0,0,0,1
"POINT (7.586171887000035 52.015073665000045)",Unfall 62067 (2023) Kat:3, Licht: 2,62067,3,6,2,12,16,6,1,2,0,1,0,0,0,0
"POINT (7.623074529000064 51.944707256000072)",Unfall 62070 (2023) Kat:3, Licht: 2,62070,3,1,0,12,00,6,0,2,0,0,0,0,0,1
"POINT (7.725521318000062 51.915832643000044)",Unfall 62072 (2023) Kat:3, Licht: 2,62072,3,2,6,12,17,6,1,2,0,1,1,0,0,0
"POINT (7.642268522000052 51.961809817000074)",Unfall 62073 (2023) Kat:3, Licht: 2,62073,3,7,0,12,22,6,1,2,1,0,0,0,0,0
"POINT (7.567714328000022 51.955746457000032)",Unfall 62074 (2023) Kat:3, Licht: 0,62074,3,3,5,12,10,6,1,0,1,1,0,0,0,0
"POINT (7.679630701000065 52.012032584000053)",Unfall 62075 (2023) Kat:3, Licht: 0,62075,3,3,5,12,11,6,1,0,0,1,0,0,0,0
"POINT (7.632946271000037 51.962348167000073)",Unfall 62206 (2023) Kat:2, Licht: 2,62206,2,7,0,12,17,5,1,2,1,0,0,0,0,0
"POINT (7.677852115000064 51.919044881000048)",Unfall 62207 (2023) Kat:3, Licht: 2,62207,3,3,0,12,06,5,1,2,1,1,0,0,0,0
"POINT (7.612504590000071 51.994595664000030)",Unfall 62208 (2023) Kat:3, Licht: 2,62208,3,2,0,12,17,5,0,2,0,1,0,0,0,1
"POINT (7.647414494000031 51.959027910000032)",Unfall 62344 (2023) Kat:3, Licht: 0,62344,3,2,5,12,11,4,1,0,1,0,0,0,1,0
"POINT (7.606584941000051 51.973534697000048)",Unfall 62345 (2023) Kat:3, Licht: 2,62345,3,1,0,12,21,4,1,2,0,0,0,1,0,0
"POINT (7.656607510000072 51.936445771000081)",Unfall 62346 (2023) Kat:3, Licht: 1,62346,3,2,5,12,08,4,1,1,1,1,0,0,0,0
"POINT (7.565277897000044 51.973724627000081)",Unfall 62347 (2023) Kat:3, Licht: 1,62347,3,6,6,12,16,4,1,1,1,0,1,0,0,0
"POINT (7.728431552000075 51.922953223000036)",Unfall 170372 (2023) Kat:3, Licht: 2,170372,3,6,3,01,07,3,1,2,0,1,0,0,0,1
"POINT (7.686854944000061 51.913510564000035)",Unfall 170520 (2023) Kat:3, Licht: 1,170520,3,7,0,01,11,7,1,1,1,1,0,0,0,0
"POINT (7.601603323000063 51.990637184000036)",Unfall 170521 (2023) Kat:2, Licht: 2,170521,2,1,9,01,21,7,1,2,0,0,0,1,0,0
"POINT (7.728324815000065 51.922315792000063)",Unfall 170522 (2023) Kat:3, Licht: 0,170522,3,2,6,01,10,7,1,0,0,1,1,0,0,0
"POINT (7.652994140000033 51.963695323000081)",Unfall 170685 (2023) Kat:3, Licht: 1,170685,3,3,5,01,07,4,1,1,1,1,0,0,0,0
"POINT (7.629445423000050 51.937883711000040)",Unfall 170686 (2023) Kat:3, Licht: 2,170686,3,6,0,01,19,4,0,2,1,0,0,0,0,0
"POINT (7.620220960000040 51.991575633000082)",Unfall 170687 (2023) Kat:3, Licht: 0,170687,3,3,5,01,14,4,0,0,0,1,0,0,0,1
"POINT (7.614454829000067 51.971440491000067)",Unfall 170769 (2023) Kat:3, Licht: 2,170769,3,6,0,01,18,2,1,2,1,0,0,0,0,0
"POINT (7.626553489000059 51.956538014000046)",Unfall 170883 (2023) Kat:2, Licht: 2,170883,2,7,9,01,04,1,0,2,0,1,0,0,0,0
"POINT (7.604458036000040 51.923796485000082)",Unfall 170884 (2023) Kat:3, Licht: 0,170884,3,5,1,01,12,1,1,0,1,1,0,0,0,0
"POINT (7.609696788000065 51.976369127000055)",Unfall 170909 (2023) Kat:3, Licht: 0,170909,3,1,0,01,09,7,0,0,0,0,0,0,0,1
"POINT (7.632566673000042 51.960367037000026)",Unfall 170910 (2023) Kat:3, Licht: 0,170910,3,6,3,01,10,7,0,0,1,0,0,0,0,0
"POINT (7.636105965000070 51.984760682000058)",Unfall 170980 (2023) Kat:3, Licht: 2,170980,3,3,1,01,06,5,1,2,1,1,0,0,0,0
"POINT (7.658493400000054 51.906240026000035)",Unfall 170981 (2023) Kat:3, Licht: 2,170981,3,3,5,01,19,5,1,2,1,1,0,0,0,0
"POINT (7.658975068000075 51.958534644000054)",Unfall 171063 (2023) Kat:2, Licht: 0,171063,2,2,5,01,16,3,0,0,1,1,0,0,0,0
"POINT (7.675785173000065 51.931934189000060)",Unfall 171064 (2023) Kat:2, Licht: 0,171064,2,7,9,01,15,3,0,0,0,1,0,0,0,0
"POINT (7.637458379000066 51.991600176000077)",Unfall 171065 (2023) Kat:3, Licht: 0,171065,3,5,0,01,11,3,0,0,1,0,0,0,0,0
"POINT (7.643269365000037 51.925063176000037)",Unfall 171105 (2023) Kat:3, Licht: 2,171105,3,1,0,01,17,2,1,2,0,0,0,0,0,1
"POINT (7.619085090000056 51.949917847000052)",Unfall 171235 (2023) Kat:3, Licht: 0,171235,3,5,1,01,16,7,1,0,1,1,0,0,0,0
"POINT (7.640253929000039 51.966865772000062)",Unfall 171404 (2023) Kat:1, Licht: 0,171404,1,1,0,01,12,6,1,0,1,0,0,0,0,0
"POINT (7.564764530000048 51.972225787000070)",Unfall 171504 (2023) Kat:3, Licht: 1,171504,3,6,2,02,07,5,0,1,1,1,0,0,0,0
"POINT (7.609193967000067 51.911610931000041)",Unfall 171505 (2023) Kat:3, Licht: 0,171505,3,1,4,02,09,5,0,0,0,1,0,0,0,0
"POINT (7.642642211000066 51.960325046000037)",Unfall 171541 (2023) Kat:3, Licht: 0,171541,3,6,3,02,16,4,0,0,1,1,0,0,0,0
"POINT (7.611804786000050 51.930943117000027)",Unfall 171542 (2023) Kat:3, Licht: 0,171542,3,3,5,02,14,4,0,0,1,1,0,0,0,0
"POINT (7.621104438000032 51.984508002000041)",Unfall 171589 (2023) Kat:3, Licht: 0,171589,3,2,5,02,12,3,0,0,1,0,0,0,0,0
"POINT (7.643862361000060 51.905180758000029)",Unfall 171590 (2023) Kat:3, Licht: 0,171590,3,2,4,02,11,3,1,0,1,1,0,0,0,0
"POINT (7.617835718000038 51.947040471000037)",Unfall 171744 (2023) Kat:3, Licht: 1,171744,3,5,1,02,17,6,1,1,1,1,0,0,0,0
"POINT (7.681277286000068 51.996891688000062)",Unfall 171745 (2023) Kat:3, Licht: 0,171745,3,2,5,02,12,6,1,0,0,1,0,0,0,0
"POINT (7.610140702000024 51.960698742000034)",Unfall 171799 (2023) Kat:3, Licht: 0,171799,3,5,1,02,15,5,1,0,1,1,0,0,0,0
"POINT (7.692694332000030 51.914992498000061)",Unfall 171800 (2023) Kat:2, Licht: 2,171800,2,7,0,02,07,5,1,2,0,1,1,0,0,0
"POINT (7.657222350000040 51.931802890000029)",Unfall 171899 (2023) Kat:3, Licht: 0,171899,3,7,4,01,12,3,1,0,1,0,0,0,0,1
"POINT (7.642588926000030 51.967362769000033)",Unfall 171900 (2023) Kat:2, Licht: 2,171900,2,2,5,01,17,3,1,2,0,1,0,1,0,0
"POINT (7.653018131000067 51.958686890000081)",Unfall 171950 (2023) Kat:3, Licht: 2,171950,3,2,5,01,07,2,1,2,1,1,0,0,0,0
"POINT (7.630323273000045 51.967031573000042)",Unfall 171951 (2023) Kat:3, Licht: 2,171951,3,3,5,01,07,2,1,2,1,1,0,0,0,0
"POINT (7.640997003000052 51.926664278000032)",Unfall 172008 (2023) Kat:3, Licht: 2,172008,3,1,0,01,01,7,0,2,1,0,0,0,0,0
"POINT (7.630326937000063 51.970161737000069)",Unfall 172015 (2023) Kat:3, Licht: 2,172015,3,6,2,01,18,7,0,2,1,1,0,0,0,0
"POINT (7.566789212000060 51.974413864000041)",Unfall 172100 (2023) Kat:3, Licht: 0,172100,3,7,6,01,15,5,0,0,0,1,1,0,0,0
"POINT (7.627949631000035 51.957005876000039)",Unfall 172101 (2023) Kat:3, Licht: 0,172101,3,7,2,01,12,5,1,0,1,1,0,0,0,0
"POINT (7.571379185000069 51.928963842000030)",Unfall 172102 (2023) Kat:2, Licht: 2,172102,2,2,0,01,18,5,1,2,1,0,0,0,0,1
"POINT (7.622332134000033 51.963922037000032)",Unfall 172103 (2023) Kat:3, Licht: 0,172103,3,1,0,01,08,5,2,0,1,0,0,0,0,0
"POINT (7.637329638000040 51.958483570000055)",Unfall 172104 (2023) Kat:3, Licht: 0,172104,3,7,6,01,16,5,1,0,0,1,1,0,0,0
"POINT (7.627208007000036 51.970192876000056)",Unfall 172105 (2023) Kat:3, Licht: 2,172105,3,2,6,01,20,5,1,2,0,1,1,0,0,0
"POINT (7.630371333000028 51.968646275000026)",Unfall 172106 (2023) Kat:3, Licht: 0,172106,3,2,5,01,13,5,1,0,1,1,0,0,0,0
"POINT (7.554056669000033 51.997908655000060)",Unfall 172157 (2023) Kat:2, Licht: 0,172157,2,7,6,01,11,4,0,0,0,0,1,0,0,1
"POINT (7.617819316000066 51.975523603000056)",Unfall 172207 (2023) Kat:3, Licht: 0,172207,3,6,2,01,13,3,0,0,1,1,0,0,0,0
"POINT (7.709487832000036 51.916705665000052)",Unfall 172251 (2023) Kat:3, Licht: 0,172251,3,7,5,01,14,2,0,0,1,1,0,0,0,0
"POINT (7.621306729000025 51.958283119000043)",Unfall 172252 (2023) Kat:3, Licht: 2,172252,3,1,5,01,07,2,0,2,1,0,0,0,0,0
"POINT (7.621264492000023 51.940639193000038)",Unfall 172307 (2023) Kat:3, Licht: 2,172307,3,2,2,01,21,7,0,2,0,1,0,0,0,0
"POINT (7.633562146000031 51.956131388000074)",Unfall 172342 (2023) Kat:3, Licht: 2,172342,3,2,5,01,07,6,2,2,1,1,0,0,0,0
"POINT (7.621625953000034 51.949759058000041)",Unfall 172408 (2023) Kat:3, Licht: 0,172408,3,4,6,01,08,2,0,0,1,0,1,0,0,0
"POINT (7.621857617000046 51.912161244000060)",Unfall 172463 (2023) Kat:2, Licht: 2,172463,2,7,0,01,17,4,0,2,1,0,0,0,0,0
"POINT (7.639190845000030 51.940502136000077)",Unfall 172464 (2023) Kat:3, Licht: 0,172464,3,6,4,01,08,4,1,0,1,0,0,0,0,0
"POINT (7.662760027000047 51.936297995000075)",Unfall 172465 (2023) Kat:3, Licht: 0,172465,3,3,5,01,15,4,0,0,1,1,0,0,0,0
"POINT (7.583272747000024 51.927450189000069)",Unfall 172504 (2023) Kat:3, Licht: 0,172504,3,3,5,03,08,5,0,0,1,1,0,0,0,0
"POINT (7.648829776000071 51.936213629000065)",Unfall 172603 (2023) Kat:2, Licht: 0,172603,2,3,5,02,16,3,0,0,1,0,0,0,0,1
"POINT (7.544517592000034 51.947109131000047)",Unfall 172604 (2023) Kat:3, Licht: 0,172604,3,6,4,02,07,3,0,0,0,1,0,0,0,0
"POINT (7.656129456000031 51.928960977000031)",Unfall 172605 (2023) Kat:3, Licht: 0,172605,3,3,5,02,08,3,0,0,1,1,0,0,0,0
"POINT (7.653208498000026 51.987432119000061)",Unfall 172657 (2023) Kat:2, Licht: 0,172657,2,6,4,02,15,2,0,0,1,1,0,0,0,0
"POINT (7.637542103000044 51.991387951000036)",Unfall 172658 (2023) Kat:3, Licht: 0,172658,3,7,4,02,08,2,0,0,1,0,0,0,0,0
"POINT (7.645982230000072 51.938106468000058)",Unfall 172673 (2023) Kat:3, Licht: 0,172673,3,5,8,02,13,2,0,0,0,1,0,0,0,0
"POINT (7.615442390000055 51.931332560000044)",Unfall 172720 (2023) Kat:3, Licht: 0,172720,3,7,1,02,16,1,0,0,1,1,0,0,0,0
"POINT (7.571860937000054 51.928848080000080)",Unfall 172746 (2023) Kat:2, Licht: 0,172746,2,5,8,02,12,7,1,0,1,0,0,0,0,1
"POINT (7.626039183000046 51.970164687000079)",Unfall 172782 (2023) Kat:3, Licht: 2,172782,3,3,5,02,22,6,0,2,0,0,0,0,0,1
"POINT (7.566935827000066 51.964844835000065)",Unfall 172783 (2023) Kat:3, Licht: 0,172783,3,2,5,02,14,6,1,0,0,1,0,0,0,1
"POINT (7.615485553000042 51.968841899000040)",Unfall 172852 (2023) Kat:3, Licht: 2,172852,3,1,3,02,19,5,1,2,1,1,0,0,0,0
"POINT (7.626380766000068 51.966072774000054)",Unfall 172853 (2023) Kat:3, Licht: 0,172853,3,7,0,02,15,5,1,0,1,1,0,0,0,0
"POINT (7.643328102000055 51.971545547000062)",Unfall 172953 (2023) Kat:3, Licht: 0,172953,3,1,0,02,16,3,1,0,0,0,0,1,0,0
"POINT (7.613599252000029 51.917233294000027)",Unfall 173041 (2023) Kat:3, Licht: 2,173041,3,6,4,02,23,7,1,2,1,0,0,0,0,0
"POINT (7.620139349000056 51.941393872000049)",Unfall 173082 (2023) Kat:3, Licht: 0,173082,3,3,1,02,15,6,1,0,0,1,0,0,0,0
"POINT (7.649037160000034 51.908040316000040)",Unfall 173131 (2023) Kat:3, Licht: 0,173131,3,5,1,02,13,5,0,0,0,1,0,0,0,0
"POINT (7.577200655000070 51.966253006000045)",Unfall 173132 (2023) Kat:3, Licht: 0,173132,3,5,8,02,16,5,0,0,1,1,0,0,0,0
"POINT (7.609679011000026 51.961367838000058)",Unfall 173177 (2023) Kat:3, Licht: 0,173177,3,2,5,02,09,4,0,0,1,1,0,0,0,0