WKT,Name,OBJECTID,UKATEGORIE,UTYP1,UART,UMONAT,USTUNDE,UWOCHENTAG,STRZUSTAND,ULICHTVERH,ISTRAD,ISTPKW,ISTFUSS,ISTKRAD,ISTGKFZ,ISTSONSTIG
"POINT (7.594514555000046 51.988542238000036)",Unfall 173178 (2023) Kat:3, Licht: 2,173178,3,2,5,02,06,4,0,2,1,1,0,0,0,0
"POINT (7.647475375000056 51.952967579000074)",Unfall 173179 (2023) Kat:3, Licht: 0,173179,3,4,0,02,07,4,2,0,1,0,1,0,0,0
"POINT (7.583304364000071 51.965372105000029)",Unfall 173255 (2023) Kat:3, Licht: 0,173255,3,7,0,02,14,3,0,0,1,0,0,0,0,0
"POINT (7.616854781000029 51.953744964000066)",Unfall 173256 (2023) Kat:3, Licht: 0,173256,3,6,1,02,16,3,0,0,0,1,0,0,0,0
"POINT (7.614776020000022 51.970373202000076)",Unfall 173257 (2023) Kat:3, Licht: 0,173257,3,3,0,02,09,3,0,0,1,0,0,0,0,0
"POINT (7.567369999000050 51.961468884000055)",Unfall 173258 (2023) Kat:3, Licht: 2,173258,3,3,5,02,06,3,0,2,1,1,0,0,0,0
"POINT (7.656386873000031 51.943940893000047)",Unfall 173406 (2023) Kat:3, Licht: 0,173406,3,6,3,02,15,1,0,0,1,0,0,0,0,0
"POINT (7.640292536000061 51.974210425000081)",Unfall 173534 (2023) Kat:3, Licht: 0,173534,3,7,5,03,11,6,0,0,1,1,0,0,0,0
"POINT (7.645743805000052 51.934387884000046)",Unfall 173597 (2023) Kat:3, Licht: 0,173597,3,6,5,03,14,5,0,0,1,1,0,0,0,0
"POINT (7.633570847000044 51.960202017000029)",Unfall 173632 (2023) Kat:3, Licht: 0,173632,3,2,4,03,13,4,0,0,1,0,0,0,0,0
"POINT (7.610839533000046 51.971990503000029)",Unfall 173633 (2023) Kat:3, Licht: 0,173633,3,3,5,03,15,4,0,0,1,1,0,0,0,0
"POINT (7.567885042000057 51.971683235000057)",Unfall 173634 (2023) Kat:3, Licht: 0,173634,3,2,5,03,13,4,0,0,1,1,0,0,0,0
"POINT (7.627720261000036 51.955128077000040)",Unfall 173791 (2023) Kat:3, Licht: 1,173791,3,2,5,03,18,1,0,1,1,1,0,0,0,0
"POINT (7.614728384000045 51.961958287000073)",Unfall 173819 (2023) Kat:3, Licht: 2,173819,3,1,0,03,21,7,0,2,1,0,0,0,0,0
"POINT (7.628897985000037 51.967366748000074)",Unfall 173865 (2023) Kat:3, Licht: 0,173865,3,1,0,03,12,6,0,0,1,0,0,0,0,0
"POINT (7.630020762000072 51.967906734000053)",Unfall 173924 (2023) Kat:3, Licht: 0,173924,3,3,5,03,08,5,0,0,1,0,0,0,0,0
"POINT (7.608872086000076 51.970849747000045)",Unfall 173925 (2023) Kat:3, Licht: 2,173925,3,7,6,03,19,5,0,2,0,1,1,0,0,0
"POINT (7.616383258000042 51.932311219000042)",Unfall 173973 (2023) Kat:2, Licht: 0,173973,2,3,5,03,10,4,0,0,1,1,0,0,0,0
"POINT (7.617858165000030 51.946993450000036)",Unfall 173974 (2023) Kat:3, Licht: 0,173974,3,4,4,03,12,4,0,0,0,1,1,0,0,0
"POINT (7.731122319000065 51.926316458000031)",Unfall 174012 (2023) Kat:3, Licht: 0,174012,3,3,5,03,15,3,0,0,1,1,0,0,0,0
"POINT (7.609905000000026 51.944819458000040)",Unfall 174013 (2023) Kat:3, Licht: 0,174013,3,6,6,03,11,3,1,0,1,0,1,0,0,0
"POINT (7.600923536000039 51.888692515000059)",Unfall 174061 (2023) Kat:3, Licht: 0,174061,3,3,5,03,08,2,0,0,1,1,0,0,0,0
"POINT (7.646243865000031 51.908286489000034)",Unfall 174062 (2023) Kat:3, Licht: 0,174062,3,3,5,03,17,2,0,0,1,1,0,0,0,0
"POINT (7.616032519000044 51.932605780000074)",Unfall 174103 (2023) Kat:3, Licht: 2,174103,3,7,0,03,19,1,1,2,1,0,0,0,0,0
"POINT (7.624767918000032 51.950949009000055)",Unfall 174135 (2023) Kat:3, Licht: 0,174135,3,6,4,03,09,7,0,0,1,1,0,0,0,0
"POINT (7.599952612000038 51.996834271000068)",Unfall 174163 (2023) Kat:3, Licht: 2,174163,3,2,6,03,20,6,2,2,0,1,1,0,0,0
"POINT (7.641373335000026 51.908609852000041)",Unfall 174220 (2023) Kat:3, Licht: 0,174220,3,5,8,03,10,5,1,0,1,1,0,0,0,0
"POINT (7.639909099000022 51.954843528000026)",Unfall 174221 (2023) Kat:3, Licht: 0,174221,3,7,0,03,16,5,1,0,0,1,0,0,0,0
"POINT (7.628098097000077 51.957032658000060)",Unfall 174278 (2023) Kat:3, Licht: 2,174278,3,1,7,03,19,4,1,2,1,0,0,0,0,0
"POINT (7.621585223000068 52.039658172000031)",Unfall 174325 (2023) Kat:3, Licht: 0,174325,3,6,0,03,13,6,0,0,1,1,0,0,0,0
"POINT (7.606383287000028 51.941792446000079)",Unfall 174391 (2023) Kat:3, Licht: 1,174391,3,3,5,03,18,2,1,1,1,0,0,0,0,0
"POINT (7.662671027000044 51.936339642000064)",Unfall 174392 (2023) Kat:3, Licht: 0,174392,3,3,5,03,07,2,1,0,1,1,0,0,0,0
"POINT (7.595579694000037 51.999939294000058)",Unfall 174471 (2023) Kat:3, Licht: 0,174471,3,3,5,03,12,7,0,0,1,1,0,0,0,0
"POINT (7.623178689000042 52.008720363000066)",Unfall 174472 (2023) Kat:3, Licht: 0,174472,3,6,4,03,11,7,1,0,0,1,0,0,0,0
"POINT (7.645465255000033 51.967620511000064)",Unfall 174474 (2023) Kat:3, Licht: 0,174474,3,2,4,03,12,7,1,0,1,0,0,0,0,0
"POINT (7.643172512000035 51.961450131000049)",Unfall 174511 (2023) Kat:3, Licht: 2,174511,3,3,4,03,23,6,0,2,1,0,0,0,0,0
"POINT (7.659482322000031 51.988179733000038)",Unfall 174659 (2023) Kat:3, Licht: 0,174659,3,3,0,04,15,1,0,0,1,0,0,0,0,1
"POINT (7.616838245000054 51.981244902000071)",Unfall 174677 (2023) Kat:2, Licht: 2,174677,2,1,0,04,21,7,1,2,1,0,0,0,0,1
"POINT (7.598722057000032 51.997487754000076)",Unfall 174801 (2023) Kat:3, Licht: 0,174801,3,3,5,04,09,4,1,0,1,1,0,0,0,0
"POINT (7.647431462000043 51.954060403000028)",Unfall 174802 (2023) Kat:3, Licht: 0,174802,3,3,5,04,09,4,1,0,1,1,0,0,0,0
"POINT (7.599087184000041 51.970938723000074)",Unfall 174803 (2023) Kat:3, Licht: 0,174803,3,7,5,04,11,4,1,0,1,1,0,0,0,0
"POINT (7.612957586000050 51.959067527000059)",Unfall 174804 (2023) Kat:3, Licht: 0,174804,3,3,3,04,13,4,1,0,1,1,0,0,0,0
"POINT (7.645226905000072 51.957413736000035)",Unfall 174837 (2023) Kat:3, Licht: 0,174837,3,3,4,04,17,3,0,0,1,1,0,0,0,0
"POINT (7.667465297000035 51.961606224000036)",Unfall 174838 (2023) Kat:3, Licht: 0,174838,3,3,5,04,16,3,0,0,1,1,0,0,0,0
"POINT (7.659733069000026 51.967654444000061)",Unfall 174839 (2023) Kat:3, Licht: 0,174839,3,6,1,04,08,3,1,0,0,1,0,0,0,0
"POINT (7.650739176000059 51.953147808000040)",Unfall 174931 (2023) Kat:3, Licht: 0,174931,3,2,0,04,13,7,0,0,1,1,0,0,0,0
"POINT (7.659051926000075 51.954193227000076)",Unfall 174932 (2023) Kat:3, Licht: 0,174932,3,7,5,04,13,7,0,0,0,1,0,0,0,0
"POINT (7.639524612000059 51.983759086000077)",Unfall 174963 (2023) Kat:3, Licht: 0,174963,3,1,0,04,17,6,1,0,1,0,0,0,0,0
"POINT (7.652663401000041 51.996669466000071)",Unfall 174964 (2023) Kat:2, Licht: 0,174964,2,7,5,04,12,6,1,0,0,1,0,0,0,1
"POINT (7.629635894000046 51.949642714000049)",Unfall 174995 (2023) Kat:3, Licht: 0,174995,3,7,0,04,15,5,0,0,1,1,0,0,0,0
"POINT (7.616962032000060 51.957535716000052)",Unfall 174997 (2023) Kat:2, Licht: 0,174997,2,7,0,04,14,5,0,0,1,0,0,0,0,1
"POINT (7.665487239000072 51.921100455000044)",Unfall 175045 (2023) Kat:3, Licht: 0,175045,3,7,0,04,09,4,0,0,1,0,0,0,0,0
"POINT (7.618406941000046 51.932743572000049)",Unfall 175097 (2023) Kat:3, Licht: 0,175097,3,6,2,04,10,2,0,0,0,1,0,0,0,0
"POINT (7.668259866000028 51.952143023000076)",Unfall 175223 (2023) Kat:3, Licht: 0,175223,3,3,5,04,14,7,0,0,0,1,0,0,0,1
"POINT (7.678107732000058 51.942528169000070)",Unfall 175330 (2023) Kat:3, Licht: 0,175330,3,2,5,03,09,5,1,0,1,0,0,1,0,0
"POINT (7.602130399000032 51.971212243000082)",Unfall 175331 (2023) Kat:3, Licht: 0,175331,3,5,1,03,05,5,0,0,0,1,0,0,0,1
"POINT (7.644219103000069 51.966011334000029)",Unfall 175391 (2023) Kat:3, Licht: 1,175391,3,5,0,03,19,4,0,1,1,1,0,0,0,0
"POINT (7.643890104000036 51.961344872000041)",Unfall 175452 (2023) Kat:3, Licht: 0,175452,3,4,6,03,07,3,0,0,1,0,1,0,0,0
"POINT (7.634452555000053 51.957442761000038)",Unfall 175453 (2023) Kat:3, Licht: 0,175453,3,4,0,03,12,3,0,0,0,0,1,0,0,1
"POINT (7.615555310000047 51.968250957000066)",Unfall 175454 (2023) Kat:3, Licht: 0,175454,3,3,5,03,07,3,0,0,1,0,0,0,0,0
"POINT (7.633976333000021 51.906267681000031)",Unfall 175618 (2023) Kat:3, Licht: 0,175618,3,2,5,03,17,7,1,0,1,1,0,0,0,0
"POINT (7.677439155000059 51.934050323000065)",Unfall 175669 (2023) Kat:3, Licht: 0,175669,3,4,0,05,08,5,0,0,0,1,1,0,0,0
"POINT (7.597107323000046 51.963249824000059)",Unfall 175670 (2023) Kat:3, Licht: 0,175670,3,7,6,05,14,5,0,0,0,0,1,0,0,1
"POINT (7.623311168000043 51.973577414000033)",Unfall 175828 (2023) Kat:3, Licht: 0,175828,3,1,0,05,16,3,0,0,1,0,0,0,0,0
"POINT (7.601523845000031 52.002186836000078)",Unfall 175829 (2023) Kat:3, Licht: 0,175829,3,6,3,05,15,3,0,0,1,1,0,0,0,0
"POINT (7.621272353000052 51.940678868000077)",Unfall 175880 (2023) Kat:3, Licht: 0,175880,3,3,5,05,18,2,0,0,1,1,0,0,0,0
"POINT (7.647584754000036 52.022135332000062)",Unfall 175915 (2023) Kat:3, Licht: 0,175915,3,6,0,04,15,1,0,0,1,1,0,0,0,0
"POINT (7.613554379000050 51.877350917000058)",Unfall 175916 (2023) Kat:3, Licht: 0,175916,3,5,1,04,15,1,0,0,1,1,0,0,0,0
"POINT (7.629658898000059 51.939273682000078)",Unfall 176028 (2023) Kat:3, Licht: 2,176028,3,6,4,04,22,6,1,2,1,0,0,0,0,0
"POINT (7.597932807000063 51.958808160000046)",Unfall 176029 (2023) Kat:3, Licht: 0,176029,3,3,5,04,13,6,0,0,1,0,0,0,0,0
"POINT (7.629387338000072 51.971923469000046)",Unfall 176107 (2023) Kat:3, Licht: 0,176107,3,7,0,04,17,5,0,0,0,1,0,0,0,1
"POINT (7.570218626000042 51.959423399000059)",Unfall 176239 (2023) Kat:3, Licht: 1,176239,3,1,8,04,20,3,1,1,0,0,0,1,0,1
"POINT (7.674493601000052 51.955045775000031)",Unfall 176302 (2023) Kat:3, Licht: 0,176302,3,1,0,04,19,2,1,0,0,0,0,0,0,1
"POINT (7.645222087000036 51.954388909000045)",Unfall 176400 (2023) Kat:3, Licht: 0,176400,3,7,0,04,19,7,1,0,1,0,0,0,0,0
"POINT (7.631009404000054 51.966813981000030)",Unfall 176449 (2023) Kat:3, Licht: 0,176449,3,3,0,04,15,6,0,0,0,1,0,0,0,1
"POINT (7.668109171000026 52.013418036000076)",Unfall 176450 (2023) Kat:3, Licht: 0,176450,3,6,1,04,12,6,0,0,0,0,0,0,1,0
"POINT (7.637154813000052 51.904542598000035)",Unfall 176512 (2023) Kat:3, Licht: 2,176512,3,7,0,04,21,5,0,2,0,0,1,0,0,1
"POINT (7.624052237000058 51.964262119000068)",Unfall 176513 (2023) Kat:3, Licht: 0,176513,3,6,6,04,12,5,0,0,0,1,1,0,0,0
"POINT (7.595960770000033 51.999876385000050)",Unfall 176514 (2023) Kat:3, Licht: 0,176514,3,7,0,04,15,5,0,0,1,0,0,0,0,1
"POINT (7.622233261000076 51.947093048000056)",Unfall 176515 (2023) Kat:3, Licht: 0,176515,3,6,3,04,08,5,0,0,1,0,0,0,0,0
"POINT (7.629072928000028 51.973787074000029)",Unfall 176572 (2023) Kat:3, Licht: 0,176572,3,2,2,04,09,4,0,0,0,1,0,0,0,0
"POINT (7.614823531000070 51.961889179000082)",Unfall 176688 (2023) Kat:2, Licht: 0,176688,2,1,0,05,19,6,0,0,1,0,0,0,0,0
"POINT (7.638383678000025 51.993454828000040)",Unfall 176763 (2023) Kat:3, Licht: 1,176763,3,1,0,05,20,5,0,1,1,0,0,0,0,0
"POINT (7.620294717000036 51.938180600000067)",Unfall 176823 (2023) Kat:3, Licht: 0,176823,3,6,0,05,15,4,0,0,1,0,0,0,0,1
"POINT (7.718091976000039 51.916138974000035)",Unfall 176824 (2023) Kat:3, Licht: 0,176824,3,3,5,05,17,4,0,0,1,0,0,0,0,0
"POINT (7.652739153000027 51.954471539000053)",Unfall 176902 (2023) Kat:3, Licht: 2,176902,3,1,9,05,00,3,0,2,0,1,0,0,0,0
"POINT (7.662845809000032 51.980212986000026)",Unfall 176985 (2023) Kat:3, Licht: 0,176985,3,7,1,05,18,2,0,0,1,1,0,0,0,0
"POINT (7.628177262000065 51.968176956000036)",Unfall 176986 (2023) Kat:3, Licht: 0,176986,3,2,5,05,12,2,0,0,1,0,0,0,0,0
"POINT (7.657037461000073 51.905968984000026)",Unfall 176987 (2023) Kat:3, Licht: 0,176987,3,3,5,05,11,2,0,0,1,1,0,0,0,0
"POINT (7.634127793000062 51.956806563000043)",Unfall 176988 (2023) Kat:3, Licht: 0,176988,3,6,2,05,11,2,0,0,0,1,0,0,0,0
"POINT (7.696609620000061 51.931371653000042)",Unfall 177096 (2023) Kat:2, Licht: 0,177096,2,1,0,05,08,7,0,0,1,0,0,0,0,0
"POINT (7.650921135000033 51.905691717000082)",Unfall 177097 (2023) Kat:3, Licht: 0,177097,3,2,3,05,14,7,0,0,1,1,0,0,0,0
"POINT (7.644426964000047 51.958930773000077)",Unfall 177098 (2023) Kat:2, Licht: 0,177098,2,1,0,05,14,7,0,0,1,0,0,0,0,0
"POINT (7.626421683000046 51.947256272000061)",Unfall 177099 (2023) Kat:2, Licht: 0,177099,2,4,0,05,09,7,0,0,1,0,1,0,0,0
"POINT (7.628932312000074 51.907619448000048)",Unfall 177163 (2023) Kat:3, Licht: 0,177163,3,7,5,05,18,6,0,0,1,1,0,0,0,0
"POINT (7.659073272000057 51.954355256000042)",Unfall 177251 (2023) Kat:3, Licht: 2,177251,3,3,5,05,21,5,1,2,1,0,0,0,0,0
"POINT (7.583209716000056 51.931555113000059)",Unfall 177253 (2023) Kat:3, Licht: 0,177253,3,4,6,05,16,5,0,0,1,0,1,0,0,0
"POINT (7.653731001000040 51.904580832000079)",Unfall 177254 (2023) Kat:3, Licht: 0,177254,3,3,5,05,19,5,1,0,1,0,0,0,0,1
"POINT (7.634584035000046 51.959755707000056)",Unfall 177331 (2023) Kat:3, Licht: 0,177331,3,4,6,05,18,4,0,0,0,1,1,0,0,0
"POINT (7.588678273000028 51.959967403000064)",Unfall 177392 (2023) Kat:3, Licht: 0,177392,3,3,5,05,16,3,1,0,1,1,0,0,0,0
"POINT (7.636179556000059 51.961644242000034)",Unfall 177463 (2023) Kat:2, Licht: 0,177463,2,5,1,05,15,2,0,0,1,1,0,0,0,0
"POINT (7.577138731000048 51.946237689000043)",Unfall 177464 (2023) Kat:3, Licht: 0,177464,3,1,0,05,13,2,0,0,1,0,0,0,0,0
"POINT (7.614841716000058 51.960706274000074)",Unfall 177465 (2023) Kat:3, Licht: 0,177465,3,3,5,05,07,2,0,0,1,1,0,0,0,0
"POINT (7.575237742000070 51.976186576000032)",Unfall 177540 (2023) Kat:3, Licht: 0,177540,3,4,6,05,14,1,0,0,1,0,1,0,0,0
"POINT (7.616563037000049 51.961858040000038)",Unfall 177640 (2023) Kat:3, Licht: 0,177640,3,7,0,05,13,6,0,0,1,0,1,0,0,0
"POINT (7.643843450000077 51.932470831000046)",Unfall 177692 (2023) Kat:3, Licht: 0,177692,3,1,0,06,09,7,0,0,0,0,0,1,0,0
"POINT (7.648867071000041 51.952420242000073)",Unfall 177769 (2023) Kat:3, Licht: 1,177769,3,1,1,06,21,6,0,1,1,1,0,0,0,0
"POINT (7.631156777000058 51.970099787000038)",Unfall 177770 (2023) Kat:3, Licht: 0,177770,3,2,4,06,15,6,0,0,1,1,0,0,0,0
"POINT (7.640418776000047 51.994362157000069)",Unfall 177830 (2023) Kat:3, Licht: 0,177830,3,3,5,06,12,5,0,0,1,1,0,0,0,0
"POINT (7.634471020000035 51.935565378000035)",Unfall 177902 (2023) Kat:3, Licht: 0,177902,3,5,0,05,13,4,0,0,0,1,0,0,0,0
"POINT (7.634944459000053 51.959115177000058)",Unfall 178184 (2023) Kat:3, Licht: 2,178184,3,3,0,05,22,7,0,2,0,0,0,0,0,1
"POINT (7.627832214000023 51.956992494000076)",Unfall 178221 (2023) Kat:3, Licht: 0,178221,3,7,0,06,15,7,0,0,1,0,0,0,0,0
"POINT (7.622608400000047 51.945424620000040)",Unfall 178264 (2023) Kat:3, Licht: 0,178264,3,3,5,05,20,6,0,0,1,0,0,0,1,0
"POINT (7.648612534000051 51.966026314000032)",Unfall 178369 (2023) Kat:3, Licht: 0,178369,3,5,1,05,15,5,0,0,0,1,0,0,0,1
"POINT (7.640720850000037 51.957646899000054)",Unfall 178370 (2023) Kat:3, Licht: 0,178370,3,7,1,05,17,5,0,0,1,1,0,0,0,0
"POINT (7.658021911000048 51.963458380000077)",Unfall 178371 (2023) Kat:3, Licht: 0,178371,3,2,0,05,13,5,0,0,1,0,0,0,0,0
"POINT (7.646883514000024 51.960193707000030)",Unfall 178600 (2023) Kat:3, Licht: 0,178600,3,1,0,05,07,2,1,0,1,0,0,0,0,0
"POINT (7.581526388000043 51.931944974000032)",Unfall 178601 (2023) Kat:3, Licht: 0,178601,3,6,0,05,16,2,0,0,1,0,0,0,0,0
"POINT (7.607314197000051 51.951012279000054)",Unfall 178602 (2023) Kat:3, Licht: 0,178602,3,6,0,05,19,2,0,0,1,0,0,0,0,0
"POINT (7.649565329000040 51.926194096000074)",Unfall 178727 (2023) Kat:3, Licht: 0,178727,3,2,5,05,13,7,0,0,1,0,0,0,0,0
"POINT (7.594727742000032 51.952081558000032)",Unfall 178728 (2023) Kat:3, Licht: 0,178728,3,1,0,05,14,7,0,0,1,0,0,0,0,0
"POINT (7.642509715000074 51.967345895000051)",Unfall 178757 (2023) Kat:3, Licht: 0,178757,3,1,0,06,20,5,0,0,1,0,0,0,0,0
"POINT (7.623906741000042 51.972656127000050)",Unfall 178758 (2023) Kat:3, Licht: 0,178758,3,5,1,06,18,5,0,0,1,0,0,0,0,1
"POINT (7.663129306000030 51.956885645000057)",Unfall 178833 (2023) Kat:3, Licht: 0,178833,3,6,3,06,15,4,0,0,1,0,0,0,0,0
"POINT (7.532677658000068 51.954283479000026)",Unfall 178834 (2023) Kat:3, Licht: 0,178834,3,5,0,06,18,4,0,0,1,0,0,0,0,1
"POINT (7.635734265000053 51.960258176000082)",Unfall 178935 (2023) Kat:3, Licht: 0,178935,3,2,3,06,09,3,0,0,0,1,0,0,0,1
"POINT (7.617992078000043 51.946711689000040)",Unfall 179028 (2023) Kat:3, Licht: 0,179028,3,2,1,06,07,2,0,0,1,1,0,0,0,0
"POINT (7.595749523000052 51.950272827000049)",Unfall 179029 (2023) Kat:2, Licht: 0,179029,2,1,0,06,14,2,0,0,1,0,0,0,0,0
"POINT (7.630522977000055 51.960283747000062)",Unfall 179030 (2023) Kat:3, Licht: 0,179030,3,7,6,06,12,2,0,0,0,1,1,0,0,0
"POINT (7.627455906000023 51.909745965000070)",Unfall 179231 (2023) Kat:3, Licht: 0,179231,3,7,0,06,19,6,0,0,1,0,0,0,0,0
"POINT (7.634723709000070 51.959070176000068)",Unfall 179232 (2023) Kat:3, Licht: 0,179232,3,4,6,06,12,6,0,0,0,0,1,0,0,1
"POINT (7.614054296000063 51.931310697000072)",Unfall 179312 (2023) Kat:3, Licht: 0,179312,3,2,5,06,20,5,0,0,1,1,0,0,0,0
"POINT (7.571176274000038 51.958584296000026)",Unfall 179372 (2023) Kat:3, Licht: 0,179372,3,3,5,06,06,4,1,0,1,1,0,0,0,0
"POINT (7.637349934000042 51.958242915000028)",Unfall 179373 (2023) Kat:2, Licht: 0,179373,2,7,6,06,20,4,0,0,1,1,1,0,0,0
"POINT (7.629448792000062 51.960856202000059)",Unfall 179469 (2023) Kat:3, Licht: 0,179469,3,1,0,06,08,3,0,0,1,0,0,0,0,0
"POINT (7.611841178000077 51.980168491000029)",Unfall 179594 (2023) Kat:3, Licht: 0,179594,3,3,5,06,10,2,0,0,1,1,0,0,0,0
"POINT (7.570616197000049 51.977592700000059)",Unfall 179595 (2023) Kat:3, Licht: 0,179595,3,5,0,06,17,2,0,0,1,1,0,0,0,0
"POINT (7.636191031000067 51.972535219000065)",Unfall 179596 (2023) Kat:3, Licht: 0,179596,3,6,2,06,15,2,0,0,0,1,0,1,0,0
"POINT (7.631254219000027 51.956201186000044)",Unfall 179782 (2023) Kat:3, Licht: 0,179782,3,2,5,06,17,5,0,0,1,1,0,0,0,0
"POINT (7.618106839000063 51.963460096000063)",Unfall 179783 (2023) Kat:3, Licht: 0,179783,3,6,2,06,19,5,0,0,0,1,0,0,0,0
"POINT (7.647684994000031 51.935747575000050)",Unfall 179784 (2023) Kat:3, Licht: 0,179784,3,6,0,06,08,5,0,0,1,0,0,0,1,0
"POINT (7.615834962000065 51.983792493000067)",Unfall 179883 (2023) Kat:3, Licht: 0,179883,3,3,5,06,13,3,0,0,0,1,0,0,0,1
"POINT (7.632399838000026 52.002149967000037)",Unfall 179884 (2023) Kat:2, Licht: 0,179884,2,7,0,06,05,3,0,0,0,1,0,0,0,0
"POINT (7.619726422000042 51.952397889000054)",Unfall 179885 (2023) Kat:3, Licht: 0,179885,3,3,5,06,14,3,1,0,1,0,0,0,0,0
"POINT (7.627416900000071 51.957728290000034)",Unfall 179933 (2023) Kat:3, Licht: 0,179933,3,4,6,06,19,2,0,0,0,0,1,0,0,1
"POINT (7.593371483000055 51.951301887000056)",Unfall 180038 (2023) Kat:3, Licht: 0,180038,3,5,1,06,15,7,0,0,1,1,0,0,0,0
"POINT (7.623796103000075 51.966323021000051)",Unfall 180102 (2023) Kat:2, Licht: 0,180102,2,2,0,06,12,6,0,0,1,0,0,0,0,1
"POINT (7.639784456000029 51.994543479000072)",Unfall 180103 (2023) Kat:3, Licht: 0,180103,3,3,5,06,19,6,0,0,0,1,0,1,0,0
"POINT (7.616168114000061 51.936653569000043)",Unfall 180104 (2023) Kat:3, Licht: 0,180104,3,7,0,06,13,6,0,0,1,0,0,0,0,0
"POINT (7.648684662000051 51.952189710000027)",Unfall 180105 (2023) Kat:3, Licht: 0,180105,3,5,1,06,19,6,0,0,1,0,0,0,0,1
"POINT (7.634332156000028 51.957053693000034)",Unfall 180190 (2023) Kat:3, Licht: 0,180190,3,7,6,06,09,5,0,0,0,0,1,0,0,1
"POINT (7.637501685000075 51.991433593000068)",Unfall 180264 (2023) Kat:3, Licht: 0,180264,3,3,5,06,14,4,0,0,1,0,0,0,0,1
"POINT (7.618784891000075 51.980832406000047)",Unfall 180361 (2023) Kat:3, Licht: 0,180361,3,6,4,06,14,3,0,0,1,1,0,0,0,0
"POINT (7.641427467000028 51.960194893000050)",Unfall 180362 (2023) Kat:2, Licht: 0,180362,2,3,4,06,14,3,0,0,1,0,0,0,0,0
"POINT (7.594767439000066 52.000755353000045)",Unfall 180471 (2023) Kat:3, Licht: 0,180471,3,4,6,06,18,2,0,0,1,0,1,0,0,0
"POINT (7.575909558000035 51.972723704000032)",Unfall 180472 (2023) Kat:3, Licht: 0,180472,3,1,0,06,08,2,0,0,0,0,0,0,0,1
"POINT (7.673631863000026 51.961305086000039)",Unfall 180566 (2023) Kat:3, Licht: 0,180566,3,1,0,06,12,1,0,0,1,0,0,0,0,0
"POINT (7.607723856000064 51.982883628000081)",Unfall 180568 (2023) Kat:3, Licht: 0,180568,3,3,5,06,18,1,0,0,0,1,0,0,0,1
"POINT (7.623812234000070 51.952343424000048)",Unfall 180704 (2023) Kat:3, Licht: 0,180704,3,3,5,06,07,6,0,0,1,0,0,0,0,0
"POINT (7.613427701000035 51.981725919000041)",Unfall 180705 (2023) Kat:3, Licht: 0,180705,3,3,5,06,13,6,0,0,1,1,0,0,0,0
"POINT (7.654508945000032 51.963214714000060)",Unfall 180817 (2023) Kat:3, Licht: 0,180817,3,3,5,07,08,2,0,0,0,1,0,0,0,0
"POINT (7.633413268000027 51.960872749000032)",Unfall 180818 (2023) Kat:3, Licht: 0,180818,3,7,0,07,10,2,0,0,1,1,0,0,0,0
"POINT (7.627854772000035 51.961729983000055)",Unfall 180819 (2023) Kat:3, Licht: 0,180819,3,3,5,07,16,2,1,0,1,0,0,0,0,0
"POINT (7.632991823000054 51.957084929000075)",Unfall 180920 (2023) Kat:3, Licht: 0,180920,3,7,6,07,17,7,0,0,0,1,1,0,0,0
"POINT (7.643122208000023 51.991813737000030)",Unfall 180921 (2023) Kat:2, Licht: 0,180921,2,7,0,07,10,7,0,0,1,0,0,0,0,1
"POINT (7.538005386000066 51.951635342000031)",Unfall 180966 (2023) Kat:3, Licht: 0,180966,3,3,5,07,17,6,0,0,1,1,0,0,0,0
"POINT (7.635686147000058 51.914407097000037)",Unfall 181024 (2023) Kat:2, Licht: 0,181024,2,2,5,07,17,5,0,0,1,1,0,0,0,0
"POINT (7.715721110000061 51.911306486000058)",Unfall 181153 (2023) Kat:3, Licht: 0,181153,3,1,8,07,13,3,0,0,0,1,0,0,0,0
"POINT (7.636227670000039 51.972633703000042)",Unfall 181154 (2023) Kat:3, Licht: 0,181154,3,3,5,07,15,3,0,0,1,0,0,0,0,0
"POINT (7.634175676000041 51.956850453000072)",Unfall 181274 (2023) Kat:3, Licht: 0,181274,3,7,0,07,14,1,1,0,0,0,0,0,0,1
"POINT (7.648756278000064 51.954987178000067)",Unfall 181378 (2023) Kat:3, Licht: 0,181378,3,7,0,07,14,6,0,0,1,1,0,0,0,0
"POINT (7.633560226000043 51.960208552000040)",Unfall 181479 (2023) Kat:3, Licht: 0,181479,3,7,0,07,09,5,1,0,1,0,0,0,0,0
"POINT (7.649505233000070 51.970745548000082)",Unfall 181480 (2023) Kat:3, Licht: 0,181480,3,3,5,07,17,5,0,0,1,0,0,0,0,0
"POINT (7.658818339000049 51.925422443000059)",Unfall 181543 (2023) Kat:3, Licht: 0,181543,3,2,5,07,08,4,1,0,1,1,0,0,0,0
"POINT (7.640440059000071 51.973381671000027)",Unfall 181672 (2023) Kat:3, Licht: 0,181672,3,3,5,07,12,2,0,0,1,0,0,0,0,0