WKT,Name,OBJECTID,UKATEGORIE,UTYP1,UART,UMONAT,USTUNDE,UWOCHENTAG,STRZUSTAND,ULICHTVERH,ISTRAD,ISTPKW,ISTFUSS,ISTKRAD,ISTGKFZ,ISTSONSTIG
"POINT (7.601528319000067 51.994944020000048)",Unfall 28653 (2024) Kat:3, Licht: 0,28653,3,1,0,03,17,6,0,0,1,0,0,0,0,0
"POINT (7.647159018000025 51.943356267000070)",Unfall 28654 (2024) Kat:3, Licht: 0,28654,3,6,3,03,08,6,0,0,1,0,0,0,0,0
"POINT (7.573890503000030 51.958071674000053)",Unfall 28763 (2024) Kat:3, Licht: 0,28763,3,4,6,02,17,5,0,0,1,0,1,0,0,0
"POINT (7.619871123000053 51.954952510000055)",Unfall 28764 (2024) Kat:3, Licht: 0,28764,3,2,5,02,10,5,0,0,0,1,0,0,0,1
"POINT (7.638279884000042 51.974045600000068)",Unfall 28765 (2024) Kat:3, Licht: 0,28765,3,3,5,02,07,5,0,0,1,1,0,0,0,0
"POINT (7.639393410000025 51.957983525000031)",Unfall 28849 (2024) Kat:3, Licht: 0,28849,3,3,5,02,15,4,0,0,1,0,0,0,0,0
"POINT (7.650710710000055 51.964863886000046)",Unfall 28850 (2024) Kat:3, Licht: 0,28850,3,4,5,02,09,4,0,0,0,1,1,0,0,0
"POINT (7.631593870000074 51.919311383000036)",Unfall 28930 (2024) Kat:3, Licht: 0,28930,3,2,5,02,14,3,0,0,1,1,0,0,0,0
"POINT (7.644930082000030 51.980747991000044)",Unfall 28931 (2024) Kat:3, Licht: 0,28931,3,6,2,02,15,3,0,0,0,1,0,0,0,0
"POINT (7.646245951000026 51.966114381000068)",Unfall 28932 (2024) Kat:3, Licht: 0,28932,3,4,6,02,07,3,0,0,1,0,1,0,0,0
"POINT (7.582060986000045 51.960533787000031)",Unfall 29042 (2024) Kat:2, Licht: 1,29042,2,6,2,02,17,2,1,1,0,1,0,0,0,0
"POINT (7.629733700000031 51.954490484000075)",Unfall 29043 (2024) Kat:3, Licht: 1,29043,3,2,5,02,06,2,1,1,1,1,0,0,0,0
"POINT (7.635871672000064 51.959419328000081)",Unfall 29254 (2024) Kat:3, Licht: 0,29254,3,7,4,02,12,6,0,0,1,0,0,0,0,1
"POINT (7.613280412000051 51.967216204000067)",Unfall 29255 (2024) Kat:3, Licht: 0,29255,3,2,5,02,12,6,0,0,1,1,0,0,0,0
"POINT (7.624584699000025 51.949677095000027)",Unfall 29344 (2024) Kat:3, Licht: 0,29344,3,4,0,02,12,5,0,0,0,1,1,0,0,0
"POINT (7.651601146000075 51.904144330000065)",Unfall 29345 (2024) Kat:3, Licht: 0,29345,3,3,5,02,07,5,1,0,1,1,0,0,0,0
"POINT (7.615105877000076 51.939674256000046)",Unfall 29346 (2024) Kat:2, Licht: 0,29346,2,3,5,02,08,5,1,0,1,1,0,0,0,0
"POINT (7.551089475000026 51.914638004000039)",Unfall 29424 (2024) Kat:3, Licht: 0,29424,3,6,3,02,13,4,0,0,0,1,0,0,0,0
"POINT (7.551190244000054 51.914648452000051)",Unfall 29425 (2024) Kat:3, Licht: 0,29425,3,6,2,02,06,4,0,0,0,1,0,0,0,0
"POINT (7.635860058000048 51.959423681000033)",Unfall 29490 (2024) Kat:3, Licht: 2,29490,3,6,2,02,21,3,1,2,1,0,0,0,0,0
"POINT (7.647078951000026 51.985575362000077)",Unfall 29491 (2024) Kat:3, Licht: 2,29491,3,3,5,02,19,3,0,2,1,1,0,0,0,0
"POINT (7.669468290000054 51.969458125000074)",Unfall 29492 (2024) Kat:3, Licht: 0,29492,3,2,5,02,10,3,0,0,0,1,0,0,0,0
"POINT (7.642586026000060 51.956577968000033)",Unfall 29493 (2024) Kat:3, Licht: 0,29493,3,2,5,02,07,3,0,0,1,1,0,0,0,0
"POINT (7.676326994000021 51.970683896000025)",Unfall 29575 (2024) Kat:3, Licht: 0,29575,3,7,1,02,08,2,1,0,0,1,0,0,0,0
"POINT (7.548329535000050 51.993894778000026)",Unfall 29742 (2024) Kat:3, Licht: 2,29742,3,7,5,02,20,7,1,2,0,1,0,0,0,0
"POINT (7.636415857000031 51.973341341000037)",Unfall 29743 (2024) Kat:3, Licht: 0,29743,3,1,0,02,13,7,0,0,0,0,0,0,0,1
"POINT (7.610893190000070 51.993592356000079)",Unfall 29744 (2024) Kat:3, Licht: 0,29744,3,1,0,02,09,7,1,0,1,0,0,0,0,0
"POINT (7.619085875000053 51.952480292000075)",Unfall 29820 (2024) Kat:3, Licht: 0,29820,3,6,2,02,15,6,1,0,0,1,0,0,0,0
"POINT (7.644396483000037 51.942386000000056)",Unfall 29821 (2024) Kat:3, Licht: 2,29821,3,7,8,02,21,6,1,2,0,1,0,0,0,0
"POINT (7.640982619000056 51.957216321000033)",Unfall 29913 (2024) Kat:3, Licht: 1,29913,3,6,0,02,07,5,0,1,1,0,0,0,0,0
"POINT (7.644384051000031 51.979933011000071)",Unfall 30038 (2024) Kat:3, Licht: 2,30038,3,6,4,02,19,3,0,2,1,0,0,0,0,0
"POINT (7.625808041000028 51.955715543000053)",Unfall 30048 (2024) Kat:3, Licht: 2,30048,3,3,5,02,23,4,1,2,1,1,0,0,0,0
"POINT (7.688235308000060 51.992599132000066)",Unfall 30049 (2024) Kat:3, Licht: 0,30049,3,6,2,02,17,4,1,0,0,1,0,0,0,0
"POINT (7.621761674000027 51.993593136000072)",Unfall 30177 (2024) Kat:3, Licht: 2,30177,3,2,4,02,22,3,0,2,0,1,0,0,0,0
"POINT (7.614322764000065 52.001372775000050)",Unfall 30178 (2024) Kat:3, Licht: 2,30178,3,3,5,02,06,3,0,2,0,1,0,1,0,0
"POINT (7.588150014000064 51.970391789000075)",Unfall 30250 (2024) Kat:2, Licht: 0,30250,2,2,5,02,09,5,1,0,1,1,0,0,0,0
"POINT (7.636287701000072 51.961910663000026)",Unfall 30268 (2024) Kat:3, Licht: 2,30268,3,4,6,02,20,2,1,2,0,1,1,0,0,0
"POINT (7.639248265000049 51.961750164000080)",Unfall 30269 (2024) Kat:3, Licht: 1,30269,3,7,9,02,19,2,1,1,1,0,0,0,0,0
"POINT (7.571652392000033 51.915744117000031)",Unfall 30322 (2024) Kat:3, Licht: 1,30322,3,6,2,02,06,4,0,1,0,1,0,0,0,0
"POINT (7.599146123000025 51.932906399000046)",Unfall 30358 (2024) Kat:2, Licht: 0,30358,2,1,9,03,05,5,0,0,0,1,0,0,0,0
"POINT (7.659884641000076 51.967559940000058)",Unfall 30359 (2024) Kat:3, Licht: 0,30359,3,2,5,03,08,5,0,0,1,1,0,0,0,0
"POINT (7.712185740000052 51.917114725000033)",Unfall 30360 (2024) Kat:3, Licht: 2,30360,3,6,8,03,21,5,0,2,0,1,0,0,0,0
"POINT (7.588060398000039 51.905568027000072)",Unfall 30361 (2024) Kat:3, Licht: 0,30361,3,1,8,03,13,5,0,0,0,0,0,0,0,1
"POINT (7.612549794000074 51.969306322000079)",Unfall 30362 (2024) Kat:3, Licht: 0,30362,3,3,5,03,08,5,0,0,1,0,0,0,0,0
"POINT (7.625059263000026 51.951160898000069)",Unfall 30363 (2024) Kat:3, Licht: 0,30363,3,4,0,03,13,5,0,0,1,0,1,0,0,0
"POINT (7.645913626000038 51.982339650000029)",Unfall 30441 (2024) Kat:3, Licht: 0,30441,3,2,0,03,12,4,0,0,1,1,0,0,0,0
"POINT (7.634205104000046 51.953045921000069)",Unfall 30442 (2024) Kat:3, Licht: 0,30442,3,7,0,03,14,4,0,0,1,0,0,0,0,1
"POINT (7.709456347000071 51.993401712000036)",Unfall 30443 (2024) Kat:3, Licht: 0,30443,3,2,5,03,07,4,0,0,1,1,0,0,0,0
"POINT (7.605044575000022 51.950341537000043)",Unfall 30444 (2024) Kat:2, Licht: 0,30444,2,1,8,03,15,4,0,0,0,0,0,1,0,0
"POINT (7.664208247000033 51.905787178000026)",Unfall 30565 (2024) Kat:3, Licht: 1,30565,3,2,4,03,18,3,0,1,1,1,0,0,0,0
"POINT (7.679177669000069 51.929728270000055)",Unfall 30656 (2024) Kat:3, Licht: 0,30656,3,2,5,03,16,2,0,0,1,1,0,0,0,0
"POINT (7.625397192000037 51.936217549000048)",Unfall 30808 (2024) Kat:3, Licht: 2,30808,3,7,8,03,01,7,1,2,1,0,0,0,0,0
"POINT (7.612350699000046 51.974272033000034)",Unfall 30809 (2024) Kat:3, Licht: 0,30809,3,3,5,03,09,7,1,0,0,1,0,0,0,0
"POINT (7.715648724000062 51.978163763000055)",Unfall 30910 (2024) Kat:3, Licht: 0,30910,3,6,2,03,07,7,1,0,0,1,0,0,0,0
"POINT (7.526265835000061 51.945758193000074)",Unfall 30961 (2024) Kat:3, Licht: 0,30961,3,3,0,03,12,2,0,0,1,1,0,0,0,0
"POINT (7.605274249000047 51.950160866000033)",Unfall 30992 (2024) Kat:3, Licht: 0,30992,3,6,2,03,15,5,0,0,0,1,0,0,0,0
"POINT (7.631595371000060 51.919301030000042)",Unfall 30993 (2024) Kat:3, Licht: 0,30993,3,6,0,03,14,5,0,0,1,0,0,0,0,0
"POINT (7.605856066000058 51.935523937000028)",Unfall 30994 (2024) Kat:3, Licht: 0,30994,3,6,1,03,12,5,0,0,0,1,0,0,0,0
"POINT (7.716600416000063 51.986224650000054)",Unfall 31099 (2024) Kat:3, Licht: 1,31099,3,3,5,03,18,4,1,1,0,1,0,0,0,0
"POINT (7.588148389000025 51.970683722000047)",Unfall 31100 (2024) Kat:3, Licht: 0,31100,3,3,0,03,13,4,1,0,1,0,0,0,0,0
"POINT (7.628787412000065 51.925941719000036)",Unfall 31208 (2024) Kat:3, Licht: 0,31208,3,1,7,03,14,3,0,0,0,0,0,1,0,0
"POINT (7.631747640000071 51.950760965000029)",Unfall 31210 (2024) Kat:3, Licht: 0,31210,3,2,0,03,14,3,1,0,1,0,0,0,0,1
"POINT (7.629146793000075 51.956099864000066)",Unfall 31211 (2024) Kat:3, Licht: 0,31211,3,1,0,03,09,3,1,0,1,0,0,0,0,0
"POINT (7.637218516000075 51.958910878000040)",Unfall 31212 (2024) Kat:3, Licht: 2,31212,3,1,0,03,02,3,1,2,1,0,0,0,0,0
"POINT (7.619492111000056 51.955929716000071)",Unfall 31434 (2024) Kat:3, Licht: 0,31434,3,4,6,03,16,1,0,0,1,0,1,0,0,0
"POINT (7.617876186000046 51.963465001000031)",Unfall 31503 (2024) Kat:3, Licht: 0,31503,3,7,0,03,12,7,0,0,1,0,0,0,0,1
"POINT (7.656680703000063 51.932720484000072)",Unfall 31603 (2024) Kat:3, Licht: 0,31603,3,5,8,04,13,3,1,0,0,1,0,0,0,0
"POINT (7.626856082000074 51.955564942000080)",Unfall 31682 (2024) Kat:3, Licht: 0,31682,3,2,5,04,17,2,0,0,0,1,0,0,0,1
"POINT (7.652592726000023 51.954836785000055)",Unfall 31683 (2024) Kat:3, Licht: 0,31683,3,2,6,04,10,2,0,0,0,1,1,0,0,0
"POINT (7.643851494000046 51.969229159000065)",Unfall 31684 (2024) Kat:3, Licht: 0,31684,3,3,5,04,08,2,1,0,1,1,0,0,0,0
"POINT (7.677829896000048 51.919065187000058)",Unfall 31685 (2024) Kat:3, Licht: 2,31685,3,6,2,04,00,2,1,2,0,1,0,0,0,1
"POINT (7.694989449000047 51.911066755000036)",Unfall 31794 (2024) Kat:3, Licht: 0,31794,3,3,5,04,17,1,0,0,1,1,0,0,0,0
"POINT (7.617576605000068 51.962015508000036)",Unfall 31876 (2024) Kat:3, Licht: 1,31876,3,1,4,04,20,7,0,1,1,1,0,0,0,1
"POINT (7.566045452000026 51.996166921000054)",Unfall 31877 (2024) Kat:2, Licht: 0,31877,2,6,2,04,16,7,0,0,0,1,0,1,0,0
"POINT (7.622253348000072 51.893728750000037)",Unfall 32000 (2024) Kat:2, Licht: 0,32000,2,3,5,04,12,6,1,0,1,1,0,0,0,0
"POINT (7.636589821000030 51.952893736000078)",Unfall 32001 (2024) Kat:3, Licht: 1,32001,3,2,5,04,07,6,1,1,1,1,0,0,0,0
"POINT (7.627314427000044 51.943278871000075)",Unfall 32070 (2024) Kat:3, Licht: 0,32070,3,3,5,04,17,5,1,0,0,1,0,0,0,0
"POINT (7.616529311000022 51.993146290000027)",Unfall 32071 (2024) Kat:3, Licht: 0,32071,3,4,6,04,08,5,1,0,0,1,1,0,0,0
"POINT (7.623283986000047 51.945383093000032)",Unfall 32148 (2024) Kat:3, Licht: 0,32148,3,3,0,04,16,4,1,0,1,0,0,0,0,1
"POINT (7.640247566000028 51.961735682000040)",Unfall 32149 (2024) Kat:3, Licht: 0,32149,3,2,5,04,12,4,0,0,1,1,0,0,0,0
"POINT (7.687872388000073 51.928226985000038)",Unfall 32228 (2024) Kat:3, Licht: 0,32228,3,3,0,04,14,3,0,0,1,1,0,0,0,0
"POINT (7.627062048000028 51.910272841000051)",Unfall 32272 (2024) Kat:3, Licht: 0,32272,3,1,9,04,08,2,0,0,1,0,0,0,0,0
"POINT (7.630347966000045 51.923524956000051)",Unfall 32421 (2024) Kat:3, Licht: 0,32421,3,6,3,03,16,7,0,0,1,0,0,0,0,0
"POINT (7.631763163000073 51.950612889000070)",Unfall 32422 (2024) Kat:3, Licht: 0,32422,3,1,8,03,11,7,0,0,1,0,0,0,0,0
"POINT (7.572278633000053 52.002420609000069)",Unfall 32497 (2024) Kat:3, Licht: 0,32497,3,6,2,03,09,6,0,0,0,1,0,0,0,0
"POINT (7.610698064000076 52.045638594000081)",Unfall 32531 (2024) Kat:3, Licht: 0,32531,3,6,2,03,16,5,0,0,0,1,0,0,1,0
"POINT (7.612290835000067 51.976672826000026)",Unfall 32533 (2024) Kat:3, Licht: 2,32533,3,6,2,03,20,5,1,2,0,1,0,0,0,0
"POINT (7.623169203000032 51.897941051000032)",Unfall 32627 (2024) Kat:3, Licht: 2,32627,3,3,5,03,21,4,0,2,1,1,0,0,0,0
"POINT (7.615116885000020 51.967293885000061)",Unfall 32704 (2024) Kat:3, Licht: 2,32704,3,7,6,03,21,3,0,2,0,1,1,0,0,0
"POINT (7.602424137000071 51.920402236000029)",Unfall 32705 (2024) Kat:3, Licht: 1,32705,3,6,1,03,19,3,0,1,0,1,0,0,0,0
"POINT (7.586468489000026 51.927643575000047)",Unfall 32706 (2024) Kat:3, Licht: 0,32706,3,6,2,03,17,3,0,0,0,1,0,0,0,0
"POINT (7.640979717000050 51.961723994000067)",Unfall 32707 (2024) Kat:3, Licht: 0,32707,3,2,2,03,17,3,0,0,1,0,0,1,0,0
"POINT (7.587195162000057 51.927890290000050)",Unfall 32760 (2024) Kat:3, Licht: 0,32760,3,6,1,03,11,7,0,0,0,1,0,1,0,0
"POINT (7.572638877000031 51.957593666000037)",Unfall 32907 (2024) Kat:3, Licht: 0,32907,3,7,0,03,11,1,1,0,0,0,1,0,0,1
"POINT (7.554556491000028 51.983890447000078)",Unfall 32972 (2024) Kat:3, Licht: 0,32972,3,6,3,03,11,7,0,0,0,1,0,0,0,0
"POINT (7.660157138000045 51.950154301000055)",Unfall 32973 (2024) Kat:3, Licht: 0,32973,3,6,3,03,14,7,1,0,0,1,0,0,0,0
"POINT (7.613477608000039 51.974304172000075)",Unfall 32974 (2024) Kat:3, Licht: 0,32974,3,1,0,03,14,7,1,0,1,0,0,0,0,0
"POINT (7.571047871000076 51.895977931000061)",Unfall 33052 (2024) Kat:3, Licht: 1,33052,3,1,9,03,18,6,1,1,0,1,0,0,0,0
"POINT (7.605964612000037 51.937991703000080)",Unfall 33054 (2024) Kat:3, Licht: 1,33054,3,3,5,03,18,6,1,1,1,0,0,0,0,0
"POINT (7.612690215000043 51.995296637000081)",Unfall 33055 (2024) Kat:3, Licht: 0,33055,3,2,0,03,18,6,1,0,1,1,0,0,0,0
"POINT (7.665812720000076 51.952044766000029)",Unfall 33057 (2024) Kat:3, Licht: 0,33057,3,6,3,03,14,6,0,0,0,1,0,0,1,0
"POINT (7.588129502000072 51.970684160000076)",Unfall 33289 (2024) Kat:3, Licht: 0,33289,3,3,7,04,09,3,0,0,0,1,0,0,0,0
"POINT (7.671832793000021 51.924621673000047)",Unfall 33413 (2024) Kat:3, Licht: 0,33413,3,6,2,04,15,2,0,0,0,1,0,0,0,0
"POINT (7.531711398000027 51.952733565000074)",Unfall 33414 (2024) Kat:3, Licht: 0,33414,3,2,6,04,16,2,0,0,0,1,1,0,0,0
"POINT (7.633031796000068 51.973048539000047)",Unfall 33415 (2024) Kat:3, Licht: 0,33415,3,6,3,04,14,2,0,0,1,0,0,0,0,0
"POINT (7.542394648000027 51.924781748000044)",Unfall 33416 (2024) Kat:3, Licht: 2,33416,3,1,4,04,02,2,0,2,0,1,0,0,1,0
"POINT (7.601736774000074 51.995062985000061)",Unfall 33664 (2024) Kat:3, Licht: 0,33664,3,1,8,04,06,6,1,0,1,0,0,0,0,0
"POINT (7.749524370000074 51.927832465000051)",Unfall 33665 (2024) Kat:3, Licht: 1,33665,3,3,5,04,08,6,0,1,1,1,0,0,0,0
"POINT (7.642619148000051 51.956566033000058)",Unfall 33689 (2024) Kat:3, Licht: 0,33689,3,1,3,04,06,2,0,0,1,0,0,0,0,0
"POINT (7.721071367000036 51.979173943000035)",Unfall 33748 (2024) Kat:3, Licht: 0,33748,3,3,5,04,17,5,0,0,1,1,0,0,0,0
"POINT (7.637144826000053 51.958939762000057)",Unfall 33749 (2024) Kat:3, Licht: 0,33749,3,6,3,04,14,5,0,0,1,0,0,0,0,0
"POINT (7.635962364000022 51.959385343000065)",Unfall 33937 (2024) Kat:3, Licht: 0,33937,3,1,3,04,07,3,0,0,1,0,0,0,0,0
"POINT (7.608065875000023 51.974010057000044)",Unfall 33938 (2024) Kat:3, Licht: 0,33938,3,3,5,04,06,3,0,0,1,1,0,0,0,0
"POINT (7.542151042000057 51.924775146000059)",Unfall 34032 (2024) Kat:2, Licht: 0,34032,2,2,1,04,14,2,0,0,0,1,0,0,0,0
"POINT (7.534594315000049 51.924568817000079)",Unfall 34033 (2024) Kat:2, Licht: 0,34033,2,7,8,04,07,2,0,0,0,0,0,1,0,0
"POINT (7.629029623000065 51.954732986000067)",Unfall 34209 (2024) Kat:3, Licht: 0,34209,3,6,2,04,15,4,1,0,1,0,0,0,0,1
"POINT (7.598028593000038 51.942938715000082)",Unfall 34248 (2024) Kat:3, Licht: 0,34248,3,6,2,04,17,6,1,0,0,1,0,0,0,0
"POINT (7.591124229000059 51.929590631000053)",Unfall 34252 (2024) Kat:3, Licht: 0,34252,3,2,5,04,17,2,0,0,1,1,0,0,0,0
"POINT (7.554952073000038 51.997479732000045)",Unfall 34347 (2024) Kat:3, Licht: 0,34347,3,6,1,04,13,5,0,0,0,1,0,0,0,0
"POINT (7.664560636000033 51.905807235000054)",Unfall 34348 (2024) Kat:3, Licht: 0,34348,3,3,5,04,13,5,0,0,1,1,0,0,0,0
"POINT (7.671773885000050 51.924674506000031)",Unfall 34447 (2024) Kat:3, Licht: 0,34447,3,3,0,04,17,4,0,0,1,1,0,0,0,0
"POINT (7.601089339000055 51.994656829000064)",Unfall 34448 (2024) Kat:3, Licht: 0,34448,3,6,4,04,17,4,0,0,1,0,0,0,0,1
"POINT (7.631099531000075 51.952917262000028)",Unfall 34449 (2024) Kat:2, Licht: 0,34449,2,3,5,04,07,4,1,0,1,1,0,0,0,0
"POINT (7.637283074000038 51.958885574000078)",Unfall 34556 (2024) Kat:3, Licht: 0,34556,3,1,0,04,20,3,0,0,1,0,0,0,0,0
"POINT (7.614485304000027 51.967239215000063)",Unfall 34583 (2024) Kat:3, Licht: 2,34583,3,1,0,04,02,1,0,2,1,0,0,0,0,0
"POINT (7.554014786000039 51.983221345000061)",Unfall 34668 (2024) Kat:3, Licht: 0,34668,3,6,2,04,07,2,1,0,0,1,0,0,0,0
"POINT (7.625496054000052 51.942350346000069)",Unfall 34669 (2024) Kat:3, Licht: 0,34669,3,2,5,04,11,2,0,0,1,1,0,0,0,0
"POINT (7.628341115000069 51.928248049000047)",Unfall 34670 (2024) Kat:2, Licht: 0,34670,2,2,5,04,10,2,0,0,0,1,0,1,0,0
"POINT (7.606620060000068 51.993851306000067)",Unfall 34671 (2024) Kat:3, Licht: 0,34671,3,6,6,04,13,2,0,0,1,0,1,0,0,0
"POINT (7.576735080000049 51.925069283000028)",Unfall 34799 (2024) Kat:3, Licht: 0,34799,3,2,5,04,11,1,0,0,1,1,0,0,0,0
"POINT (7.634982973000035 51.959748045000026)",Unfall 34801 (2024) Kat:3, Licht: 2,34801,3,1,0,04,05,1,0,2,0,0,0,0,0,1
"POINT (7.631759705000036 51.950781982000080)",Unfall 34886 (2024) Kat:3, Licht: 0,34886,3,2,3,04,15,7,0,0,0,0,0,0,0,1
"POINT (7.625207071000034 51.904190376000031)",Unfall 34887 (2024) Kat:2, Licht: 0,34887,2,6,0,04,15,7,0,0,1,0,0,0,0,0
"POINT (7.628413420000072 51.927617333000057)",Unfall 35063 (2024) Kat:3, Licht: 0,35063,3,1,0,04,19,6,0,0,1,0,0,0,0,0
"POINT (7.641289861000075 51.957079494000027)",Unfall 35065 (2024) Kat:3, Licht: 0,35065,3,7,0,04,15,6,0,0,1,0,0,0,0,0
"POINT (7.625214415000073 51.936882267000044)",Unfall 35066 (2024) Kat:3, Licht: 0,35066,3,3,5,04,12,6,0,0,1,1,0,0,0,0
"POINT (7.602465263000056 51.959580905000053)",Unfall 35067 (2024) Kat:2, Licht: 0,35067,2,3,5,04,12,6,0,0,1,1,0,0,0,0
"POINT (7.556512405000035 52.000036185000056)",Unfall 35068 (2024) Kat:3, Licht: 2,35068,3,3,5,04,05,6,0,2,1,1,0,0,0,0
"POINT (7.631272283000044 51.951398486000073)",Unfall 35069 (2024) Kat:3, Licht: 2,35069,3,1,4,04,21,6,0,2,1,0,0,0,0,1
"POINT (7.626647646000038 51.955483761000039)",Unfall 35083 (2024) Kat:3, Licht: 0,35083,3,4,6,04,19,3,0,0,0,1,1,0,0,0
"POINT (7.678833242000053 51.948827045000030)",Unfall 35211 (2024) Kat:3, Licht: 0,35211,3,6,0,04,11,5,0,0,0,1,0,0,0,1
"POINT (7.631950218000043 51.962876757000060)",Unfall 35212 (2024) Kat:3, Licht: 0,35212,3,2,5,04,13,5,0,0,1,0,0,0,0,1
"POINT (7.653221054000028 51.938704467000036)",Unfall 35225 (2024) Kat:3, Licht: 0,35225,3,6,1,04,19,6,1,0,0,1,0,0,0,0
"POINT (7.650558840000031 51.904949439000063)",Unfall 35310 (2024) Kat:3, Licht: 0,35310,3,6,1,04,18,7,1,0,0,1,0,0,0,0
"POINT (7.643693050000024 51.956179063000036)",Unfall 35336 (2024) Kat:3, Licht: 0,35336,3,6,2,04,16,4,0,0,0,1,0,0,0,0
"POINT (7.632946998000023 51.913598688000036)",Unfall 35337 (2024) Kat:3, Licht: 0,35337,3,3,5,04,07,4,0,0,1,1,0,0,0,0
"POINT (7.621786638000060 51.993561436000050)",Unfall 35621 (2024) Kat:3, Licht: 1,35621,3,3,5,05,21,6,0,1,0,1,0,0,0,0
"POINT (7.610419130000025 51.970610006000072)",Unfall 35622 (2024) Kat:2, Licht: 0,35622,2,3,5,05,17,6,0,0,1,0,0,0,0,0
"POINT (7.656548828000041 51.966988329000060)",Unfall 35728 (2024) Kat:3, Licht: 2,35728,3,7,0,05,21,5,0,2,1,0,0,0,0,0
"POINT (7.639917905000061 51.957719856000040)",Unfall 35729 (2024) Kat:3, Licht: 0,35729,3,4,6,05,15,5,0,0,1,0,1,0,0,0
"POINT (7.719454075000044 51.931111965000071)",Unfall 35730 (2024) Kat:2, Licht: 0,35730,2,1,9,05,14,5,0,0,0,1,0,0,0,0
"POINT (7.656612562000021 51.936630698000045)",Unfall 35850 (2024) Kat:3, Licht: 0,35850,3,6,2,05,17,4,0,0,0,1,0,0,0,0
"POINT (7.602419029000032 51.920390594000082)",Unfall 35851 (2024) Kat:3, Licht: 0,35851,3,2,5,05,18,4,0,0,1,1,0,0,0,0
"POINT (7.618112742000051 51.998263204000068)",Unfall 35852 (2024) Kat:2, Licht: 0,35852,2,3,5,05,17,4,0,0,1,0,0,0,0,1
"POINT (7.604480912000042 51.971737062000045)",Unfall 35853 (2024) Kat:2, Licht: 0,35853,2,6,4,05,15,4,0,0,1,0,0,0,0,0
"POINT (7.624158673000068 51.940856195000038)",Unfall 35854 (2024) Kat:3, Licht: 0,35854,3,6,2,05,14,4,0,0,0,1,0,0,0,0
"POINT (7.618112742000051 51.998263204000068)",Unfall 35855 (2024) Kat:3, Licht: 0,35855,3,3,5,05,12,4,0,0,1,0,0,0,1,0
"POINT (7.623437523000064 51.942901513000038)",Unfall 35951 (2024) Kat:3, Licht: 0,35951,3,7,0,05,07,4,0,0,1,0,0,0,0,0
"POINT (7.625212084000054 51.951620940000055)",Unfall 35955 (2024) Kat:3, Licht: 2,35955,3,7,6,05,21,3,0,2,1,0,1,0,0,0
"POINT (7.616302467000025 51.949043684000060)",Unfall 35956 (2024) Kat:3, Licht: 2,35956,3,7,7,05,22,3,0,2,1,0,0,0,0,0
"POINT (7.644937084000048 51.904217067000047)",Unfall 35957 (2024) Kat:3, Licht: 0,35957,3,6,3,05,12,3,0,0,0,1,0,0,0,1
"POINT (7.645842538000068 51.904322381000043)",Unfall 35958 (2024) Kat:2, Licht: 0,35958,2,6,8,05,12,3,0,0,1,0,0,0,0,1
"POINT (7.614208389000055 51.946767000000079)",Unfall 35959 (2024) Kat:2, Licht: 0,35959,2,3,5,05,07,3,0,0,1,0,0,0,0,0
"POINT (7.672126599000023 51.929585454000062)",Unfall 36060 (2024) Kat:3, Licht: 0,36060,3,3,0,05,16,2,0,0,1,0,0,0,0,1
"POINT (7.631141788000036 51.947278524000069)",Unfall 36061 (2024) Kat:3, Licht: 0,36061,3,5,1,05,16,2,0,0,0,0,0,1,0,1
"POINT (7.637043217000041 51.973663210000041)",Unfall 36062 (2024) Kat:3, Licht: 0,36062,3,7,0,05,15,2,0,0,1,0,0,0,0,0
"POINT (7.638293939000050 51.958482474000050)",Unfall 36063 (2024) Kat:3, Licht: 0,36063,3,1,2,05,10,2,0,0,0,1,0,0,0,1
"POINT (7.630857487000071 51.946049270000060)",Unfall 36064 (2024) Kat:3, Licht: 0,36064,3,3,5,05,08,2,0,0,1,1,0,0,0,0
"POINT (7.631747705000066 51.919359462000045)",Unfall 36065 (2024) Kat:3, Licht: 0,36065,3,3,5,05,08,2,0,0,1,1,0,0,0,0
"POINT (7.572957777000056 52.003235932000052)",Unfall 36164 (2024) Kat:3, Licht: 0,36164,3,6,3,05,13,1,0,0,0,1,0,0,0,0
"POINT (7.647936880000032 51.928702380000061)",Unfall 36166 (2024) Kat:3, Licht: 0,36166,3,6,1,05,16,1,0,0,0,1,0,0,0,0
"POINT (7.618463466000037 51.959626788000037)",Unfall 36219 (2024) Kat:3, Licht: 0,36219,3,1,2,05,15,3,0,0,0,1,0,0,0,0
"POINT (7.601630497000031 51.965928767000037)",Unfall 36231 (2024) Kat:3, Licht: 0,36231,3,1,0,05,18,4,0,0,1,0,0,0,0,0
"POINT (7.628790050000021 51.927192027000046)",Unfall 36279 (2024) Kat:3, Licht: 0,36279,3,3,5,05,16,7,0,0,1,1,0,0,0,0
"POINT (7.645977370000026 51.982456699000068)",Unfall 36350 (2024) Kat:3, Licht: 0,36350,3,2,3,05,17,6,0,0,1,1,0,0,0,0
"POINT (7.619804530000067 51.958199915000080)",Unfall 36351 (2024) Kat:3, Licht: 1,36351,3,6,3,05,07,6,1,1,1,1,0,0,0,0
"POINT (7.642423612000073 51.895482331000039)",Unfall 36352 (2024) Kat:3, Licht: 0,36352,3,2,0,05,07,6,1,0,1,1,0,0,0,0
"POINT (7.614252047000036 51.993272014000070)",Unfall 36405 (2024) Kat:3, Licht: 0,36405,3,1,0,05,17,5,0,0,0,0,0,0,0,1