WKT,Name,OBJECTID,UKATEGORIE,UTYP1,UART,UMONAT,USTUNDE,UWOCHENTAG,STRZUSTAND,ULICHTVERH,ISTRAD,ISTPKW,ISTFUSS,ISTKRAD,ISTGKFZ,ISTSONSTIG
"POINT (7.585233068000036 51.927227545000051)",Unfall 36457 (2024) Kat:3, Licht: 0,36457,3,6,2,05,16,5,0,0,0,1,0,0,0,0
"POINT (7.627035315000057 51.955804205000049)",Unfall 36646 (2024) Kat:3, Licht: 0,36646,3,1,0,05,19,1,1,0,0,0,0,1,0,0
"POINT (7.633680667000021 51.974827379000033)",Unfall 36647 (2024) Kat:3, Licht: 0,36647,3,1,0,05,11,1,0,0,1,0,0,0,0,0
"POINT (7.619659713000033 51.953321073000041)",Unfall 36648 (2024) Kat:2, Licht: 2,36648,2,1,8,05,03,1,0,2,0,0,0,0,0,1
"POINT (7.531250108000052 51.957616807000079)",Unfall 36718 (2024) Kat:3, Licht: 0,36718,3,2,2,05,19,7,0,0,0,1,0,0,0,1
"POINT (7.672480051000036 51.929676635000078)",Unfall 36719 (2024) Kat:3, Licht: 0,36719,3,1,0,05,12,7,0,0,1,1,0,0,0,0
"POINT (7.605338413000027 51.972540468000034)",Unfall 36807 (2024) Kat:3, Licht: 0,36807,3,3,5,05,08,6,1,0,1,0,0,0,0,0
"POINT (7.623938354000074 51.940946284000063)",Unfall 36808 (2024) Kat:3, Licht: 0,36808,3,6,1,05,16,6,0,0,0,1,0,0,0,0
"POINT (7.658827922000057 51.985739632000048)",Unfall 36809 (2024) Kat:3, Licht: 0,36809,3,3,5,05,14,6,1,0,0,1,0,0,0,0
"POINT (7.635582017000047 51.961987404000070)",Unfall 36810 (2024) Kat:3, Licht: 0,36810,3,6,3,05,11,6,0,0,1,0,0,0,1,0
"POINT (7.649904951000053 51.941292464000071)",Unfall 36811 (2024) Kat:3, Licht: 0,36811,3,7,1,05,13,6,0,0,0,1,0,0,0,0
"POINT (7.614281148000032 51.946657672000072)",Unfall 36812 (2024) Kat:3, Licht: 0,36812,3,1,5,05,15,6,1,0,1,1,0,0,0,0
"POINT (7.609287942000037 51.940837085000055)",Unfall 36913 (2024) Kat:3, Licht: 0,36913,3,2,5,05,16,5,0,0,1,1,0,0,0,0
"POINT (7.634531798000069 51.959750133000057)",Unfall 36914 (2024) Kat:3, Licht: 0,36914,3,1,0,05,14,5,0,0,0,0,0,1,0,0
"POINT (7.573278204000076 51.924973548000082)",Unfall 36915 (2024) Kat:3, Licht: 0,36915,3,6,2,05,09,5,0,0,0,1,0,0,0,0
"POINT (7.634565183000063 51.962045458000034)",Unfall 37019 (2024) Kat:2, Licht: 2,37019,2,1,0,05,00,7,1,2,1,0,0,0,0,0
"POINT (7.553661023000075 51.982436510000070)",Unfall 37098 (2024) Kat:2, Licht: 0,37098,2,7,6,05,19,3,0,0,0,1,1,0,0,0
"POINT (7.647478532000036 51.962592076000078)",Unfall 37099 (2024) Kat:3, Licht: 0,37099,3,3,5,05,18,3,0,0,1,0,0,0,0,0
"POINT (7.617049366000060 51.949912661000042)",Unfall 37100 (2024) Kat:3, Licht: 0,37100,3,6,2,05,15,3,0,0,1,0,0,0,0,0
"POINT (7.662141700000063 51.994892404000041)",Unfall 37101 (2024) Kat:3, Licht: 0,37101,3,3,5,05,10,3,0,0,0,1,0,0,0,1
"POINT (7.608904226000050 51.880011448000062)",Unfall 37102 (2024) Kat:3, Licht: 2,37102,3,3,5,05,01,3,0,2,0,1,0,0,0,0
"POINT (7.708201202000055 51.911414972000046)",Unfall 37217 (2024) Kat:3, Licht: 0,37217,3,3,5,05,17,2,0,0,0,1,0,1,0,0
"POINT (7.549630400000069 51.868940705000057)",Unfall 37292 (2024) Kat:3, Licht: 0,37292,3,3,5,05,06,1,0,0,0,1,0,0,0,0
"POINT (7.648852011000031 51.928713324000057)",Unfall 37379 (2024) Kat:2, Licht: 0,37379,2,1,0,05,18,7,0,0,0,0,0,0,0,1
"POINT (7.659591811000041 51.934596582000040)",Unfall 37483 (2024) Kat:3, Licht: 0,37483,3,6,1,05,13,6,0,0,0,1,0,1,0,0
"POINT (7.640408733000072 51.957479387000035)",Unfall 37484 (2024) Kat:3, Licht: 0,37484,3,1,3,05,12,6,0,0,1,0,0,0,0,0
"POINT (7.656607510000072 51.936445771000081)",Unfall 37485 (2024) Kat:3, Licht: 0,37485,3,2,3,05,08,6,0,0,0,1,0,0,0,1
"POINT (7.632661589000065 51.953738935000047)",Unfall 37581 (2024) Kat:3, Licht: 0,37581,3,6,3,05,14,5,0,0,1,0,0,0,0,0
"POINT (7.531882589000077 51.956409686000029)",Unfall 37582 (2024) Kat:3, Licht: 0,37582,3,7,5,05,12,5,0,0,0,1,0,0,0,0
"POINT (7.633268320000070 51.953437864000080)",Unfall 37858 (2024) Kat:3, Licht: 0,37858,3,4,6,05,15,3,0,0,1,0,1,0,0,0
"POINT (7.638314333000039 51.958474309000053)",Unfall 37859 (2024) Kat:2, Licht: 0,37859,2,6,3,05,14,3,0,0,1,0,0,0,0,1
"POINT (7.626883523000060 51.955551292000052)",Unfall 37860 (2024) Kat:3, Licht: 0,37860,3,1,3,05,14,3,0,0,1,0,0,0,0,1
"POINT (7.628929217000064 51.926868377000062)",Unfall 37976 (2024) Kat:3, Licht: 0,37976,3,6,3,05,20,5,0,0,0,1,0,1,0,0
"POINT (7.625769038000044 51.934067330000062)",Unfall 38077 (2024) Kat:3, Licht: 0,38077,3,6,2,05,13,2,0,0,0,1,0,0,0,0
"POINT (7.644290804000036 51.953907556000047)",Unfall 38078 (2024) Kat:3, Licht: 0,38078,3,5,5,05,12,2,0,0,0,1,0,0,0,0
"POINT (7.689385473000073 51.910170432000029)",Unfall 38079 (2024) Kat:3, Licht: 0,38079,3,2,2,05,09,2,0,0,0,1,0,0,0,1
"POINT (7.560627983000074 51.990193122000051)",Unfall 38283 (2024) Kat:2, Licht: 0,38283,2,6,2,06,12,2,0,0,0,1,0,0,1,0
"POINT (7.625384000000054 51.935487923000039)",Unfall 38284 (2024) Kat:3, Licht: 0,38284,3,6,3,06,09,2,0,0,0,1,0,0,0,0
"POINT (7.698874032000049 51.988615847000062)",Unfall 38285 (2024) Kat:3, Licht: 0,38285,3,6,1,06,20,2,0,0,0,1,0,0,0,0
"POINT (7.624685519000025 51.938097025000047)",Unfall 38286 (2024) Kat:3, Licht: 0,38286,3,1,0,06,16,2,1,0,0,0,0,1,0,0
"POINT (7.593420449000064 51.929961634000051)",Unfall 38287 (2024) Kat:3, Licht: 0,38287,3,6,4,06,07,2,0,0,1,0,0,0,0,0
"POINT (7.631293472000038 51.948215158000039)",Unfall 38366 (2024) Kat:3, Licht: 0,38366,3,3,5,06,18,1,1,0,0,1,0,0,0,1
"POINT (7.659690868000041 51.979027971000050)",Unfall 38367 (2024) Kat:3, Licht: 0,38367,3,7,4,06,15,1,0,0,0,1,0,0,0,0
"POINT (7.626856082000074 51.955564942000080)",Unfall 38368 (2024) Kat:3, Licht: 0,38368,3,6,3,06,15,1,1,0,1,1,0,0,0,0
"POINT (7.651361535000035 51.905142837000028)",Unfall 38369 (2024) Kat:3, Licht: 0,38369,3,3,5,06,07,1,0,0,0,1,0,0,0,0
"POINT (7.631123062000029 51.947145406000061)",Unfall 38427 (2024) Kat:3, Licht: 0,38427,3,2,5,06,18,7,0,0,1,0,0,0,0,0
"POINT (7.620980556000063 51.974644497000043)",Unfall 38428 (2024) Kat:3, Licht: 0,38428,3,1,0,06,17,7,0,0,1,0,0,0,0,0
"POINT (7.526751261000072 51.943884796000077)",Unfall 38490 (2024) Kat:3, Licht: 0,38490,3,3,5,06,15,6,0,0,0,1,0,0,0,0
"POINT (7.546952847000057 51.953873877000035)",Unfall 38575 (2024) Kat:3, Licht: 0,38575,3,3,5,06,17,5,0,0,1,0,0,0,0,0
"POINT (7.589088904000050 51.965374298000029)",Unfall 38576 (2024) Kat:3, Licht: 0,38576,3,2,5,06,15,5,0,0,1,1,0,0,0,0
"POINT (7.613518995000049 51.997780531000046)",Unfall 38577 (2024) Kat:3, Licht: 0,38577,3,2,5,06,10,5,0,0,1,1,0,0,0,0
"POINT (7.638008297000056 51.958595727000045)",Unfall 38660 (2024) Kat:3, Licht: 0,38660,3,1,5,06,17,4,0,0,1,0,0,0,0,0
"POINT (7.596859818000041 51.979195780000055)",Unfall 38738 (2024) Kat:3, Licht: 0,38738,3,6,1,06,07,3,0,0,0,1,0,0,1,0
"POINT (7.613518995000049 51.997780531000046)",Unfall 38739 (2024) Kat:3, Licht: 0,38739,3,2,5,06,17,3,0,0,0,1,0,0,0,1
"POINT (7.625656649000064 51.934429143000045)",Unfall 38855 (2024) Kat:3, Licht: 0,38855,3,2,5,06,18,2,1,0,1,1,0,0,0,0
"POINT (7.599086051000029 51.990791218000027)",Unfall 38972 (2024) Kat:3, Licht: 0,38972,3,1,2,06,11,1,0,0,0,1,0,0,0,0
"POINT (7.699531006000029 51.923998736000044)",Unfall 39069 (2024) Kat:3, Licht: 0,39069,3,3,0,06,17,7,0,0,1,0,0,0,0,0
"POINT (7.621196318000045 51.994311322000044)",Unfall 39072 (2024) Kat:3, Licht: 0,39072,3,3,5,06,13,7,0,0,1,1,0,0,0,0
"POINT (7.593437167000047 51.861822367000059)",Unfall 39073 (2024) Kat:2, Licht: 0,39073,2,7,0,06,12,7,0,0,0,0,0,1,0,0
"POINT (7.526752125000030 51.938729903000080)",Unfall 39074 (2024) Kat:2, Licht: 0,39074,2,3,5,06,13,7,0,0,1,1,0,0,0,0
"POINT (7.606386881000049 52.038654050000048)",Unfall 39194 (2024) Kat:2, Licht: 1,39194,2,6,2,06,20,6,0,1,0,1,0,0,0,0
"POINT (7.630141361000028 51.983076767000057)",Unfall 39195 (2024) Kat:3, Licht: 0,39195,3,7,0,06,21,6,0,0,0,0,0,0,0,1
"POINT (7.624952050000047 51.950851824000040)",Unfall 39196 (2024) Kat:3, Licht: 0,39196,3,7,5,06,08,6,0,0,1,0,0,0,0,0
"POINT (7.634566332000077 51.953007558000081)",Unfall 39198 (2024) Kat:3, Licht: 0,39198,3,6,1,06,19,6,0,0,0,1,0,1,0,0
"POINT (7.695178392000059 51.905430693000028)",Unfall 39331 (2024) Kat:3, Licht: 0,39331,3,2,5,06,17,5,0,0,1,1,0,0,0,0
"POINT (7.656067602000064 51.968827480000073)",Unfall 39442 (2024) Kat:2, Licht: 0,39442,2,3,5,06,19,4,0,0,1,1,0,0,0,0
"POINT (7.647298673000023 51.955233264000071)",Unfall 39443 (2024) Kat:3, Licht: 0,39443,3,7,0,06,18,4,0,0,0,1,0,0,0,1
"POINT (7.609287942000037 51.940837085000055)",Unfall 39444 (2024) Kat:3, Licht: 0,39444,3,6,1,06,14,4,0,0,0,1,0,0,0,1
"POINT (7.619644542000060 51.957296769000038)",Unfall 39445 (2024) Kat:3, Licht: 0,39445,3,4,6,06,12,4,0,0,1,0,1,0,0,0
"POINT (7.631159170000046 51.963681728000040)",Unfall 39446 (2024) Kat:3, Licht: 0,39446,3,2,5,06,10,4,0,0,1,1,0,0,0,0
"POINT (7.602169322000066 51.935296509000068)",Unfall 39447 (2024) Kat:3, Licht: 0,39447,3,2,5,06,06,4,1,0,1,1,0,0,0,0
"POINT (7.594843423000043 51.988588425000046)",Unfall 39563 (2024) Kat:3, Licht: 0,39563,3,6,2,06,14,3,0,0,0,1,0,0,0,1
"POINT (7.631006344000070 51.946494066000071)",Unfall 39564 (2024) Kat:3, Licht: 0,39564,3,6,4,06,08,3,0,0,0,1,0,0,0,0
"POINT (7.626351353000075 51.909680067000068)",Unfall 39686 (2024) Kat:3, Licht: 0,39686,3,3,5,06,17,2,0,0,0,1,0,0,0,1
"POINT (7.519940457000075 51.976521547000061)",Unfall 39688 (2024) Kat:3, Licht: 0,39688,3,3,5,06,15,2,0,0,0,1,0,0,0,0
"POINT (7.670619551000073 51.969734543000072)",Unfall 39689 (2024) Kat:3, Licht: 0,39689,3,3,5,06,08,2,0,0,0,1,0,0,0,0
"POINT (7.642586026000060 51.956577968000033)",Unfall 39801 (2024) Kat:3, Licht: 0,39801,3,2,5,06,19,1,0,0,0,1,0,0,0,0
"POINT (7.569157521000022 51.942342003000078)",Unfall 39802 (2024) Kat:2, Licht: 0,39802,2,6,3,06,16,1,0,0,1,0,0,0,0,0
"POINT (7.632946998000023 51.913598688000036)",Unfall 39870 (2024) Kat:3, Licht: 0,39870,3,1,0,06,10,7,1,0,1,0,0,0,0,0
"POINT (7.627420345000075 51.929938344000050)",Unfall 39951 (2024) Kat:3, Licht: 0,39951,3,6,0,05,19,6,0,0,0,1,0,1,0,0
"POINT (7.658340760000044 51.954300267000065)",Unfall 40043 (2024) Kat:2, Licht: 2,40043,2,1,0,06,00,4,0,2,0,0,0,0,0,1
"POINT (7.627308957000025 51.943276474000072)",Unfall 40055 (2024) Kat:3, Licht: 0,40055,3,3,5,05,19,5,1,0,1,0,0,1,0,0
"POINT (7.686105037000061 51.972472406000065)",Unfall 40133 (2024) Kat:3, Licht: 0,40133,3,6,4,05,07,4,1,0,1,0,0,0,0,0
"POINT (7.624034867000034 51.941327136000041)",Unfall 40135 (2024) Kat:3, Licht: 0,40135,3,1,2,05,08,4,1,0,0,1,0,0,1,0
"POINT (7.623517810000067 51.946360618000028)",Unfall 40156 (2024) Kat:3, Licht: 0,40156,3,4,6,06,14,3,0,0,1,0,1,0,0,0
"POINT (7.612350699000046 51.974272033000034)",Unfall 40286 (2024) Kat:3, Licht: 0,40286,3,6,2,05,07,3,1,0,0,1,0,0,0,0
"POINT (7.678050161000044 51.918846478000034)",Unfall 40377 (2024) Kat:2, Licht: 0,40377,2,3,5,06,09,6,0,0,1,1,0,0,0,0
"POINT (7.592827692000071 52.020368244000053)",Unfall 40463 (2024) Kat:3, Licht: 0,40463,3,1,2,05,11,2,0,0,0,0,0,0,1,1
"POINT (7.588870131000022 51.965255816000081)",Unfall 40468 (2024) Kat:3, Licht: 0,40468,3,3,5,05,16,2,0,0,1,1,0,0,0,0
"POINT (7.601624681000033 51.965220983000052)",Unfall 40470 (2024) Kat:3, Licht: 0,40470,3,6,1,05,18,2,1,0,0,1,0,0,0,0
"POINT (7.524682804000065 51.963501678000057)",Unfall 40471 (2024) Kat:3, Licht: 0,40471,3,3,0,05,15,2,0,0,1,1,0,0,0,0
"POINT (7.715279849000069 51.947809726000060)",Unfall 40472 (2024) Kat:3, Licht: 0,40472,3,6,8,05,11,2,0,0,0,0,0,0,1,1
"POINT (7.548297072000025 51.993887437000069)",Unfall 40473 (2024) Kat:3, Licht: 0,40473,3,1,6,05,07,2,0,0,0,1,1,0,0,0
"POINT (7.656607510000072 51.936445771000081)",Unfall 40619 (2024) Kat:3, Licht: 0,40619,3,2,4,06,08,4,0,0,1,1,0,0,0,0
"POINT (7.625883662000035 51.933767875000058)",Unfall 40764 (2024) Kat:3, Licht: 0,40764,3,6,4,06,16,3,0,0,1,0,0,0,0,0
"POINT (7.612434701000041 51.973273374000030)",Unfall 40765 (2024) Kat:2, Licht: 0,40765,2,3,0,06,14,3,0,0,1,1,0,0,0,0
"POINT (7.631126742000049 51.947175420000065)",Unfall 40908 (2024) Kat:3, Licht: 0,40908,3,2,5,06,20,2,0,0,1,1,0,0,0,0
"POINT (7.583601234000071 51.926692909000053)",Unfall 40909 (2024) Kat:2, Licht: 0,40909,2,2,5,06,10,2,0,0,0,1,0,1,0,0
"POINT (7.570410206000076 51.897577911000042)",Unfall 41037 (2024) Kat:2, Licht: 0,41037,2,6,9,06,11,1,0,0,0,1,0,0,0,0
"POINT (7.603920986000048 51.975038953000080)",Unfall 41038 (2024) Kat:2, Licht: 0,41038,2,7,0,06,05,1,0,0,0,0,0,0,0,1
"POINT (7.615494670000032 51.948340356000074)",Unfall 41042 (2024) Kat:3, Licht: 0,41042,3,7,6,06,13,3,0,0,0,0,1,0,0,1
"POINT (7.625396480000063 51.935437708000052)",Unfall 41156 (2024) Kat:3, Licht: 0,41156,3,6,3,06,18,7,0,0,1,1,0,0,0,0
"POINT (7.648066943000060 51.988555893000068)",Unfall 41157 (2024) Kat:3, Licht: 0,41157,3,1,9,06,21,7,0,0,1,0,0,0,0,0
"POINT (7.614216436000049 51.949779323000030)",Unfall 41158 (2024) Kat:3, Licht: 0,41158,3,7,0,06,12,7,0,0,0,0,0,0,0,1
"POINT (7.646712742000034 51.963568281000050)",Unfall 41159 (2024) Kat:3, Licht: 0,41159,3,2,5,06,12,7,0,0,1,1,0,0,0,0
"POINT (7.613477608000039 51.974304172000075)",Unfall 41274 (2024) Kat:3, Licht: 0,41274,3,3,5,06,13,6,0,0,1,1,0,0,0,0
"POINT (7.693587541000056 51.973544891000074)",Unfall 41275 (2024) Kat:3, Licht: 0,41275,3,6,2,06,15,6,1,0,0,1,0,0,0,0
"POINT (7.621182298000065 51.974651062000078)",Unfall 41276 (2024) Kat:3, Licht: 0,41276,3,4,6,06,12,6,0,0,1,0,1,0,0,0
"POINT (7.697606378000046 51.924610741000038)",Unfall 41277 (2024) Kat:3, Licht: 0,41277,3,3,5,06,07,6,0,0,1,1,0,0,0,0
"POINT (7.526751261000072 51.943884796000077)",Unfall 41312 (2024) Kat:3, Licht: 0,41312,3,3,5,06,06,3,0,0,0,1,0,0,0,0
"POINT (7.624895590000051 51.938049110000065)",Unfall 41411 (2024) Kat:3, Licht: 0,41411,3,7,1,06,17,5,0,0,0,1,0,0,0,0
"POINT (7.613828290000072 51.939738786000078)",Unfall 41412 (2024) Kat:3, Licht: 0,41412,3,2,5,06,13,5,0,0,1,1,0,0,0,0
"POINT (7.619485021000060 51.953029826000034)",Unfall 41414 (2024) Kat:3, Licht: 0,41414,3,2,5,06,12,5,0,0,1,0,0,0,0,1
"POINT (7.634371968000039 51.925276412000073)",Unfall 41538 (2024) Kat:3, Licht: 0,41538,3,1,2,06,20,4,0,0,1,1,0,0,0,0
"POINT (7.636222173000021 51.951499029000047)",Unfall 41539 (2024) Kat:2, Licht: 1,41539,2,7,8,06,21,4,0,1,0,1,0,0,0,0
"POINT (7.623900333000051 51.941091043000029)",Unfall 41540 (2024) Kat:3, Licht: 0,41540,3,6,1,06,12,4,0,0,0,1,0,0,0,0
"POINT (7.728349991000073 51.921304145000079)",Unfall 41541 (2024) Kat:3, Licht: 0,41541,3,3,5,06,07,4,1,0,1,1,0,0,0,0
"POINT (7.659143252000035 51.967441353000027)",Unfall 41542 (2024) Kat:2, Licht: 2,41542,2,1,0,06,00,4,1,2,1,0,0,0,0,0
"POINT (7.615775208000059 52.001246267000056)",Unfall 41696 (2024) Kat:3, Licht: 0,41696,3,6,2,06,16,3,1,0,0,1,0,1,0,0
"POINT (7.605989768000029 51.949605900000051)",Unfall 41697 (2024) Kat:3, Licht: 0,41697,3,1,0,06,17,3,1,0,1,0,0,0,0,0
"POINT (7.617525351000040 51.965254806000075)",Unfall 41698 (2024) Kat:3, Licht: 0,41698,3,2,0,06,18,3,1,0,1,0,0,0,0,0
"POINT (7.705116794000048 51.976594981000062)",Unfall 41699 (2024) Kat:3, Licht: 0,41699,3,3,5,06,15,3,1,0,0,1,0,0,0,0
"POINT (7.632946998000023 51.913598688000036)",Unfall 41700 (2024) Kat:3, Licht: 0,41700,3,2,5,06,15,3,1,0,0,1,0,1,0,0
"POINT (7.614486724000074 51.953424935000044)",Unfall 41701 (2024) Kat:3, Licht: 0,41701,3,2,0,06,10,3,0,0,1,0,0,1,0,0
"POINT (7.633747702000051 51.953164262000030)",Unfall 41729 (2024) Kat:3, Licht: 0,41729,3,6,6,07,17,5,0,0,1,0,1,0,0,0
"POINT (7.642586026000060 51.956577968000033)",Unfall 41828 (2024) Kat:3, Licht: 0,41828,3,4,6,07,21,4,0,0,1,0,1,0,0,0
"POINT (7.632805339000072 51.973084709000034)",Unfall 41913 (2024) Kat:3, Licht: 0,41913,3,2,5,07,15,3,0,0,1,1,0,0,0,0
"POINT (7.596529570000030 51.969844094000052)",Unfall 41914 (2024) Kat:3, Licht: 0,41914,3,3,5,07,16,3,0,0,1,1,0,0,0,0
"POINT (7.629773442000044 51.983605050000051)",Unfall 41915 (2024) Kat:3, Licht: 0,41915,3,6,4,07,09,3,0,0,1,0,0,0,0,0
"POINT (7.623247155000058 51.897961233000046)",Unfall 42055 (2024) Kat:3, Licht: 0,42055,3,3,0,07,17,2,0,0,1,1,0,0,0,0
"POINT (7.597405140000035 51.929119917000037)",Unfall 42056 (2024) Kat:3, Licht: 0,42056,3,5,1,07,15,2,0,0,0,1,1,0,0,0
"POINT (7.553981052000040 51.951956488000064)",Unfall 42057 (2024) Kat:2, Licht: 0,42057,2,3,5,07,06,2,0,0,0,1,0,1,0,0
"POINT (7.650053036000031 51.954978104000077)",Unfall 42152 (2024) Kat:3, Licht: 0,42152,3,7,0,07,12,1,0,0,1,1,0,0,0,0
"POINT (7.654392278000046 51.966555286000073)",Unfall 42297 (2024) Kat:3, Licht: 0,42297,3,3,5,07,16,6,0,0,0,1,0,0,0,0
"POINT (7.656495567000036 51.954523756000071)",Unfall 42298 (2024) Kat:3, Licht: 0,42298,3,7,2,07,09,6,0,0,0,1,0,0,0,0
"POINT (7.629457104000039 51.944468253000082)",Unfall 42406 (2024) Kat:3, Licht: 0,42406,3,3,0,07,17,5,0,0,1,1,0,0,0,0
"POINT (7.612536660000046 52.005372527000077)",Unfall 42407 (2024) Kat:2, Licht: 0,42407,2,1,0,07,10,5,1,0,1,0,0,0,0,0
"POINT (7.647430745000065 51.959245119000059)",Unfall 42408 (2024) Kat:2, Licht: 0,42408,2,5,1,07,09,5,1,0,0,1,0,0,1,0
"POINT (7.621410045000061 52.043417232000081)",Unfall 42519 (2024) Kat:3, Licht: 0,42519,3,6,2,07,17,4,0,0,0,1,0,0,0,0
"POINT (7.604558202000021 51.925595469000029)",Unfall 42772 (2024) Kat:2, Licht: 0,42772,2,6,0,07,14,2,0,0,1,0,0,0,0,0
"POINT (7.662117916000057 51.994899743000076)",Unfall 42773 (2024) Kat:3, Licht: 0,42773,3,3,5,07,16,2,1,0,1,1,0,0,0,0
"POINT (7.671397647000049 51.950801679000051)",Unfall 42774 (2024) Kat:3, Licht: 0,42774,3,3,5,07,16,2,0,0,0,1,0,0,0,0
"POINT (7.671733349000021 51.924710860000062)",Unfall 42775 (2024) Kat:3, Licht: 0,42775,3,7,0,07,14,2,1,0,0,1,0,0,0,0
"POINT (7.640778758000067 51.971117779000053)",Unfall 42778 (2024) Kat:3, Licht: 0,42778,3,1,0,07,06,2,1,0,1,0,0,0,0,0
"POINT (7.625892104000059 51.955723709000040)",Unfall 42902 (2024) Kat:3, Licht: 0,42902,3,2,5,06,17,1,0,0,1,0,0,0,0,1
"POINT (7.602169322000066 51.935296509000068)",Unfall 42969 (2024) Kat:3, Licht: 0,42969,3,3,5,07,08,2,0,0,0,1,0,0,0,0
"POINT (7.547812347000047 51.945937350000065)",Unfall 42982 (2024) Kat:3, Licht: 0,42982,3,7,0,06,15,7,0,0,0,1,1,0,0,0
"POINT (7.619614855000066 51.966694482000037)",Unfall 42983 (2024) Kat:3, Licht: 2,42983,3,5,1,06,02,7,0,2,0,1,0,0,0,1
"POINT (7.621611946000030 51.955297450000046)",Unfall 42984 (2024) Kat:3, Licht: 0,42984,3,4,6,06,10,7,0,0,0,1,1,0,0,0
"POINT (7.645735681000076 51.945203283000069)",Unfall 43138 (2024) Kat:3, Licht: 2,43138,3,6,1,06,22,6,1,2,0,1,0,0,0,0
"POINT (7.614218450000067 51.949779515000046)",Unfall 43139 (2024) Kat:3, Licht: 0,43139,3,6,2,06,20,6,0,0,0,1,0,0,0,0
"POINT (7.570510773000024 51.909725687000048)",Unfall 43140 (2024) Kat:3, Licht: 0,43140,3,7,9,06,17,6,0,0,0,1,0,0,0,0
"POINT (7.644266568000035 51.962279968000075)",Unfall 43141 (2024) Kat:3, Licht: 0,43141,3,1,1,06,09,6,0,0,1,1,0,0,0,0
"POINT (7.607255138000028 51.932183551000037)",Unfall 43471 (2024) Kat:3, Licht: 0,43471,3,2,5,08,08,5,0,0,1,1,0,0,0,0
"POINT (7.636206617000028 51.951519278000035)",Unfall 43472 (2024) Kat:3, Licht: 0,43472,3,1,0,08,16,5,1,0,0,0,0,1,0,0
"POINT (7.604619070000069 51.925751931000036)",Unfall 43473 (2024) Kat:3, Licht: 0,43473,3,3,5,08,15,5,0,0,1,1,0,0,0,0
"POINT (7.625881022000044 51.955814854000039)",Unfall 43627 (2024) Kat:3, Licht: 0,43627,3,6,2,07,15,3,0,0,0,1,0,0,0,0
"POINT (7.610445784000035 51.942027141000040)",Unfall 43628 (2024) Kat:3, Licht: 0,43628,3,6,2,07,16,3,0,0,0,1,0,0,0,0
"POINT (7.642460098000072 51.895435837000036)",Unfall 43965 (2024) Kat:3, Licht: 0,43965,3,6,5,07,12,6,0,0,0,1,0,0,0,0
"POINT (7.640087698000059 51.948725135000075)",Unfall 43967 (2024) Kat:3, Licht: 0,43967,3,6,2,07,08,6,1,0,0,1,0,0,1,0
"POINT (7.640087698000059 51.948725135000075)",Unfall 44034 (2024) Kat:3, Licht: 0,44034,3,2,5,07,19,5,0,0,1,1,0,0,0,0
"POINT (7.616462160000026 51.949224642000047)",Unfall 44035 (2024) Kat:3, Licht: 0,44035,3,3,5,07,16,5,0,0,1,1,0,0,0,0
"POINT (7.594397534000052 51.965054099000042)",Unfall 44036 (2024) Kat:3, Licht: 0,44036,3,2,5,07,13,5,0,0,1,1,0,0,0,0
"POINT (7.804933989000062 51.911560004000080)",Unfall 44121 (2024) Kat:3, Licht: 0,44121,3,2,1,07,10,4,0,0,1,1,0,0,0,0
"POINT (7.754044963000069 51.929576275000045)",Unfall 44126 (2024) Kat:3, Licht: 0,44126,3,6,2,07,14,4,0,0,0,1,0,0,0,0
"POINT (7.548366352000073 51.993903105000072)",Unfall 44127 (2024) Kat:3, Licht: 0,44127,3,3,5,07,12,4,0,0,0,0,0,0,0,1
"POINT (7.628926119000027 51.926875583000026)",Unfall 44225 (2024) Kat:3, Licht: 0,44225,3,2,3,07,17,3,0,0,1,0,0,0,0,0
"POINT (7.590513923000060 51.973716471000046)",Unfall 44226 (2024) Kat:3, Licht: 0,44226,3,3,5,07,12,3,1,0,1,1,0,0,0,0
"POINT (7.619818002000045 51.955106086000058)",Unfall 44227 (2024) Kat:3, Licht: 0,44227,3,4,6,07,11,3,1,0,0,1,1,0,0,0
"POINT (7.637971863000075 51.952984815000036)",Unfall 44427 (2024) Kat:3, Licht: 0,44427,3,7,0,07,15,1,0,0,1,0,0,0,0,0
"POINT (7.643569196000044 51.992530960000067)",Unfall 44428 (2024) Kat:3, Licht: 0,44428,3,6,9,07,12,1,0,0,1,0,0,0,0,0
"POINT (7.660056407000070 51.980881118000070)",Unfall 44506 (2024) Kat:3, Licht: 0,44506,3,6,2,07,14,7,0,0,0,1,0,0,0,0
"POINT (7.634982973000035 51.959748045000026)",Unfall 44507 (2024) Kat:3, Licht: 0,44507,3,3,5,07,13,7,0,0,1,1,0,0,0,1
"POINT (7.550015267000049 51.977132288000064)",Unfall 44601 (2024) Kat:3, Licht: 0,44601,3,6,3,07,16,6,0,0,0,1,0,0,0,0
"POINT (7.570949985000027 51.884712548000039)",Unfall 44602 (2024) Kat:3, Licht: 1,44602,3,3,5,07,21,6,0,1,0,1,0,0,0,0
"POINT (7.600271859000031 51.934791853000036)",Unfall 44603 (2024) Kat:3, Licht: 0,44603,3,7,3,07,14,6,0,0,0,1,0,0,0,0
"POINT (7.638168556000039 51.961793348000072)",Unfall 44604 (2024) Kat:3, Licht: 2,44604,3,4,0,07,01,6,0,2,1,0,1,0,0,0
"POINT (7.640087698000059 51.948725135000075)",Unfall 44714 (2024) Kat:3, Licht: 0,44714,3,2,5,07,17,5,0,0,1,1,0,0,0,0