WKT,Name,OBJECTID,UKATEGORIE,UTYP1,UART,UMONAT,USTUNDE,UWOCHENTAG,STRZUSTAND,ULICHTVERH,ISTRAD,ISTPKW,ISTFUSS,ISTKRAD,ISTGKFZ,ISTSONSTIG
"POINT (7.559712642000022 52.015562823000039)",Unfall 44715 (2024) Kat:3, Licht: 0,44715,3,6,2,07,17,5,0,0,0,1,0,1,0,0
"POINT (7.629867600000068 51.964169440000035)",Unfall 44716 (2024) Kat:3, Licht: 0,44716,3,6,1,07,12,5,0,0,1,0,0,0,0,0
"POINT (7.634842306000053 51.970578543000045)",Unfall 44717 (2024) Kat:3, Licht: 0,44717,3,2,5,07,11,5,0,0,1,0,0,0,0,1
"POINT (7.623696488000064 51.946913117000065)",Unfall 44774 (2024) Kat:2, Licht: 0,44774,2,5,0,07,14,6,0,0,1,1,0,0,0,0
"POINT (7.631792521000023 51.949880572000041)",Unfall 44928 (2024) Kat:2, Licht: 2,44928,2,1,0,07,21,3,0,2,0,0,0,0,0,1
"POINT (7.588492931000076 51.984151507000036)",Unfall 45225 (2024) Kat:3, Licht: 0,45225,3,7,2,07,10,4,0,0,0,1,0,0,0,0
"POINT (7.590593330000047 51.973769258000061)",Unfall 45290 (2024) Kat:3, Licht: 0,45290,3,3,5,07,14,7,1,0,0,1,0,0,0,1
"POINT (7.636267882000027 51.952170592000073)",Unfall 45470 (2024) Kat:3, Licht: 2,45470,3,6,6,07,01,1,0,2,1,0,1,0,0,0
"POINT (7.623126886000023 51.944262066000078)",Unfall 45471 (2024) Kat:3, Licht: 0,45471,3,3,5,07,15,6,0,0,1,1,0,0,0,0
"POINT (7.619658486000048 51.957332658000041)",Unfall 45504 (2024) Kat:3, Licht: 0,45504,3,7,5,08,15,4,0,0,0,1,0,0,0,0
"POINT (7.630010664000054 51.944949532000066)",Unfall 45505 (2024) Kat:2, Licht: 0,45505,2,3,5,08,12,4,0,0,1,1,0,0,0,0
"POINT (7.626622989000055 51.931848666000064)",Unfall 45594 (2024) Kat:2, Licht: 0,45594,2,1,1,08,08,3,0,0,1,0,0,0,0,0
"POINT (7.706721119000065 51.911521120000032)",Unfall 45664 (2024) Kat:3, Licht: 0,45664,3,6,0,08,17,2,0,0,1,1,0,0,0,0
"POINT (7.615799693000042 51.939659894000044)",Unfall 45665 (2024) Kat:3, Licht: 0,45665,3,3,5,08,17,2,0,0,1,1,0,0,0,0
"POINT (7.632636138000066 51.937810512000055)",Unfall 45666 (2024) Kat:3, Licht: 0,45666,3,2,5,08,16,2,0,0,0,1,0,0,1,0
"POINT (7.701906159000032 51.983943974000056)",Unfall 45756 (2024) Kat:3, Licht: 0,45756,3,1,8,08,12,1,0,0,1,0,0,0,0,0
"POINT (7.605550664000020 51.937873567000054)",Unfall 45757 (2024) Kat:3, Licht: 2,45757,3,1,0,08,00,1,0,2,0,0,0,0,0,1
"POINT (7.675388919000056 51.949421125000072)",Unfall 45853 (2024) Kat:3, Licht: 0,45853,3,6,2,08,19,7,0,0,0,1,0,0,0,1
"POINT (7.633334118000050 51.925233651000042)",Unfall 45854 (2024) Kat:3, Licht: 0,45854,3,6,4,08,12,7,0,0,1,0,0,0,0,0
"POINT (7.641478897000070 51.948021272000062)",Unfall 45975 (2024) Kat:3, Licht: 0,45975,3,1,0,08,18,6,0,0,1,0,0,0,0,1
"POINT (7.635036132000039 51.960005799000044)",Unfall 45976 (2024) Kat:2, Licht: 0,45976,2,3,5,08,09,6,0,0,1,1,0,0,0,0
"POINT (7.629019549000077 51.973913462000041)",Unfall 46071 (2024) Kat:3, Licht: 0,46071,3,6,2,08,19,5,0,0,0,1,0,0,0,0
"POINT (7.671978477000039 51.960495302000027)",Unfall 46072 (2024) Kat:3, Licht: 0,46072,3,6,0,08,12,5,0,0,0,0,0,0,1,0
"POINT (7.638150773000064 51.902467846000036)",Unfall 46167 (2024) Kat:3, Licht: 0,46167,3,3,5,08,11,2,0,0,1,1,0,0,0,0
"POINT (7.619129892000046 51.952538979000053)",Unfall 46173 (2024) Kat:3, Licht: 2,46173,3,6,1,08,22,4,0,2,0,1,0,0,0,0
"POINT (7.602424137000071 51.920402236000029)",Unfall 46174 (2024) Kat:3, Licht: 0,46174,3,3,5,08,14,4,1,0,0,1,0,0,0,0
"POINT (7.643032037000069 51.977804786000036)",Unfall 46251 (2024) Kat:3, Licht: 2,46251,3,7,0,08,22,1,0,2,1,0,0,0,0,0
"POINT (7.609109361000037 51.940430290000052)",Unfall 46270 (2024) Kat:2, Licht: 0,46270,2,7,6,08,16,3,0,0,1,0,1,0,0,0
"POINT (7.633369386000027 51.953377718000070)",Unfall 46271 (2024) Kat:3, Licht: 0,46271,3,4,0,08,19,3,0,0,1,0,1,0,0,0
"POINT (7.631751888000053 51.919331074000070)",Unfall 46391 (2024) Kat:3, Licht: 0,46391,3,6,5,08,18,2,0,0,1,0,0,0,0,0
"POINT (7.567714328000022 51.955746457000032)",Unfall 46392 (2024) Kat:3, Licht: 0,46392,3,3,5,08,09,2,0,0,1,1,0,0,0,0
"POINT (7.600565523000057 52.023710761000075)",Unfall 46500 (2024) Kat:2, Licht: 0,46500,2,1,0,08,11,1,0,0,1,0,0,0,0,0
"POINT (7.703410044000066 51.980324373000030)",Unfall 46501 (2024) Kat:3, Licht: 2,46501,3,1,0,08,04,1,0,2,1,0,0,0,0,0
"POINT (7.606905620000020 51.949772832000065)",Unfall 46570 (2024) Kat:2, Licht: 0,46570,2,1,0,08,18,7,0,0,0,0,0,0,0,1
"POINT (7.643910786000049 51.953598581000051)",Unfall 46571 (2024) Kat:3, Licht: 0,46571,3,1,0,08,13,7,0,0,1,0,0,0,0,0
"POINT (7.617225283000039 51.895051081000076)",Unfall 46678 (2024) Kat:3, Licht: 0,46678,3,3,5,08,16,6,0,0,1,1,0,0,0,0
"POINT (7.626586571000075 51.931937100000027)",Unfall 46725 (2024) Kat:3, Licht: 0,46725,3,2,3,08,16,3,0,0,1,1,0,0,0,0
"POINT (7.641562481000051 51.948121051000044)",Unfall 46726 (2024) Kat:3, Licht: 0,46726,3,3,5,08,14,3,0,0,0,1,0,0,0,0
"POINT (7.606230315000062 51.949441583000066)",Unfall 46727 (2024) Kat:3, Licht: 0,46727,3,7,1,08,12,3,0,0,1,1,0,0,0,0
"POINT (7.627254438000023 51.943252587000075)",Unfall 46728 (2024) Kat:3, Licht: 0,46728,3,2,5,08,07,3,0,0,1,1,0,0,0,0
"POINT (7.728476561000036 51.921301152000069)",Unfall 46852 (2024) Kat:3, Licht: 0,46852,3,7,0,08,11,2,0,0,1,0,0,0,0,0
"POINT (7.602633241000035 51.975802063000060)",Unfall 46853 (2024) Kat:3, Licht: 0,46853,3,7,0,08,11,2,0,0,1,0,0,0,0,0
"POINT (7.635257770000067 51.961321642000030)",Unfall 46965 (2024) Kat:2, Licht: 2,46965,2,2,8,08,00,1,1,2,0,1,1,0,0,0
"POINT (7.664942093000036 51.930899247000070)",Unfall 47062 (2024) Kat:3, Licht: 0,47062,3,3,0,08,19,7,0,0,0,1,0,0,0,0
"POINT (7.551972514000056 52.037793141000066)",Unfall 47063 (2024) Kat:3, Licht: 0,47063,3,1,9,08,13,7,0,0,0,0,0,1,0,0
"POINT (7.625301606000050 51.935819465000066)",Unfall 47064 (2024) Kat:3, Licht: 0,47064,3,7,3,08,11,7,0,0,1,0,0,0,0,0
"POINT (7.597371519000035 51.929127189000042)",Unfall 47184 (2024) Kat:3, Licht: 0,47184,3,3,5,08,08,6,0,0,1,0,0,0,0,1
"POINT (7.634099871000046 51.969849641000053)",Unfall 47305 (2024) Kat:3, Licht: 0,47305,3,3,0,08,15,5,0,0,1,0,0,0,0,0
"POINT (7.572305981000056 51.893865871000060)",Unfall 47429 (2024) Kat:3, Licht: 0,47429,3,1,8,08,09,4,0,0,0,1,0,0,0,0
"POINT (7.629773442000044 51.983605050000051)",Unfall 47430 (2024) Kat:3, Licht: 0,47430,3,3,5,08,17,4,0,0,0,1,0,0,0,0
"POINT (7.601959182000030 51.935359569000070)",Unfall 47431 (2024) Kat:3, Licht: 0,47431,3,2,5,08,13,4,0,0,1,1,0,0,0,0
"POINT (7.647023867000030 51.963743950000037)",Unfall 47432 (2024) Kat:3, Licht: 0,47432,3,2,3,08,12,4,0,0,1,1,0,0,0,0
"POINT (7.595339108000076 51.929562063000049)",Unfall 47434 (2024) Kat:2, Licht: 0,47434,2,7,2,08,07,4,0,0,1,0,0,0,0,0
"POINT (7.663753129000042 51.952721432000033)",Unfall 47570 (2024) Kat:3, Licht: 0,47570,3,1,2,08,15,3,0,0,0,1,0,0,0,0
"POINT (7.594514555000046 51.988542238000036)",Unfall 47571 (2024) Kat:3, Licht: 0,47571,3,3,5,08,12,3,0,0,1,1,0,0,0,0
"POINT (7.694088504000035 51.989547747000074)",Unfall 47572 (2024) Kat:2, Licht: 0,47572,2,3,3,08,10,3,0,0,1,1,0,0,0,0
"POINT (7.700806782000029 51.922048324000059)",Unfall 47627 (2024) Kat:2, Licht: 0,47627,2,1,0,08,18,6,0,0,1,0,0,0,0,0
"POINT (7.546765286000038 51.914280966000035)",Unfall 47689 (2024) Kat:3, Licht: 0,47689,3,6,2,08,16,2,0,0,0,1,0,0,0,0
"POINT (7.629331321000052 51.925930670000071)",Unfall 47690 (2024) Kat:3, Licht: 0,47690,3,7,5,08,16,2,0,0,1,1,0,0,0,0
"POINT (7.676777073000039 51.953494894000073)",Unfall 47726 (2024) Kat:2, Licht: 0,47726,2,4,6,08,14,6,0,0,0,1,1,0,0,0
"POINT (7.636162325000043 51.952862527000036)",Unfall 47824 (2024) Kat:3, Licht: 1,47824,3,3,5,08,20,1,0,1,1,1,0,0,0,0
"POINT (7.636596351000037 51.959148880000043)",Unfall 47936 (2024) Kat:3, Licht: 0,47936,3,7,0,08,13,7,0,0,1,0,1,0,0,0
"POINT (7.611161225000046 51.974240044000055)",Unfall 48044 (2024) Kat:3, Licht: 0,48044,3,6,2,08,10,6,0,0,0,1,0,0,0,0
"POINT (7.638132196000072 51.958546603000059)",Unfall 48157 (2024) Kat:3, Licht: 0,48157,3,4,6,08,19,5,0,0,1,0,1,0,0,0
"POINT (7.715161178000074 51.938644386000078)",Unfall 48158 (2024) Kat:3, Licht: 0,48158,3,6,3,08,16,5,0,0,1,1,0,0,0,0
"POINT (7.639185935000057 51.961750973000051)",Unfall 48161 (2024) Kat:2, Licht: 0,48161,2,1,0,08,17,5,0,0,1,0,0,0,0,0
"POINT (7.640776257000027 51.971200437000050)",Unfall 48162 (2024) Kat:3, Licht: 0,48162,3,2,0,08,16,5,0,0,1,1,0,0,0,0
"POINT (7.601959184000066 51.935359570000060)",Unfall 48164 (2024) Kat:3, Licht: 0,48164,3,3,5,08,13,5,0,0,1,1,0,0,0,0
"POINT (7.629139771000041 51.926378699000054)",Unfall 48165 (2024) Kat:3, Licht: 0,48165,3,3,5,08,12,5,0,0,1,1,0,0,0,0
"POINT (7.655723010000031 51.967965785000047)",Unfall 48166 (2024) Kat:3, Licht: 0,48166,3,6,2,08,09,5,0,0,0,1,0,0,0,0
"POINT (7.632586116000027 51.962539180000078)",Unfall 48206 (2024) Kat:3, Licht: 2,48206,3,1,4,08,22,1,0,2,1,0,0,0,0,0
"POINT (7.625055801000030 51.951151018000076)",Unfall 48368 (2024) Kat:2, Licht: 0,48368,2,5,1,09,14,6,0,0,1,1,0,0,0,0
"POINT (7.589579454000045 51.928777091000029)",Unfall 48369 (2024) Kat:3, Licht: 0,48369,3,6,2,09,08,6,0,0,0,1,0,0,0,0
"POINT (7.647124772000041 51.955261888000052)",Unfall 48458 (2024) Kat:3, Licht: 0,48458,3,7,5,09,16,5,0,0,1,0,0,0,0,0
"POINT (7.559382579000044 51.918168237000032)",Unfall 48540 (2024) Kat:3, Licht: 2,48540,3,1,9,09,23,4,1,2,0,1,0,0,0,0
"POINT (7.656607510000072 51.936445771000081)",Unfall 48541 (2024) Kat:3, Licht: 1,48541,3,2,4,09,19,4,1,1,1,0,0,0,0,1
"POINT (7.669705513000054 51.928968570000052)",Unfall 48543 (2024) Kat:2, Licht: 0,48543,2,7,0,09,16,4,1,0,1,0,1,0,0,0
"POINT (7.636861315000033 51.950964591000059)",Unfall 48544 (2024) Kat:3, Licht: 0,48544,3,6,3,09,18,4,1,0,1,1,0,0,0,0
"POINT (7.703410044000066 51.980324373000030)",Unfall 48545 (2024) Kat:3, Licht: 0,48545,3,3,5,09,11,4,0,0,1,1,0,0,0,0
"POINT (7.639509147000069 51.900767717000065)",Unfall 48731 (2024) Kat:3, Licht: 2,48731,3,1,0,09,22,2,1,2,1,0,0,0,0,0
"POINT (7.608994802000041 51.880026345000033)",Unfall 48732 (2024) Kat:3, Licht: 0,48732,3,1,0,09,16,2,1,0,1,0,0,0,0,0
"POINT (7.623743413000057 51.965947256000049)",Unfall 48733 (2024) Kat:3, Licht: 0,48733,3,2,3,09,16,2,0,0,1,1,0,0,0,0
"POINT (7.542151042000057 51.924775146000059)",Unfall 48734 (2024) Kat:3, Licht: 0,48734,3,1,0,09,14,2,1,0,1,0,0,0,0,0
"POINT (7.615290056000049 51.967104472000074)",Unfall 48791 (2024) Kat:3, Licht: 0,48791,3,7,7,09,18,2,0,0,1,0,0,0,0,0
"POINT (7.591121660000056 51.982594380000080)",Unfall 48835 (2024) Kat:2, Licht: 2,48835,2,1,8,09,23,1,0,2,0,1,0,0,0,0
"POINT (7.531388610000022 52.009078812000041)",Unfall 48836 (2024) Kat:2, Licht: 0,48836,2,2,2,09,16,1,0,0,0,1,0,1,0,0
"POINT (7.638293939000050 51.958482474000050)",Unfall 48837 (2024) Kat:2, Licht: 2,48837,2,7,0,09,01,1,0,2,1,0,0,0,0,0
"POINT (7.511831215000029 51.942156685000043)",Unfall 48919 (2024) Kat:3, Licht: 0,48919,3,7,0,09,18,7,0,0,0,1,0,0,0,0
"POINT (7.605875294000043 51.966157465000038)",Unfall 48920 (2024) Kat:3, Licht: 0,48920,3,6,3,09,16,7,0,0,1,0,0,0,0,1
"POINT (7.634130853000045 51.972876148000068)",Unfall 48921 (2024) Kat:3, Licht: 0,48921,3,6,1,09,16,7,0,0,0,0,0,1,0,1
"POINT (7.712703399000077 51.938082921000046)",Unfall 48986 (2024) Kat:3, Licht: 0,48986,3,6,2,09,08,4,1,0,0,1,0,0,0,0
"POINT (7.645491714000059 51.945186041000056)",Unfall 49039 (2024) Kat:3, Licht: 2,49039,3,2,3,09,21,6,0,2,1,1,0,0,0,0
"POINT (7.628830782000023 51.955992100000060)",Unfall 49040 (2024) Kat:3, Licht: 0,49040,3,2,5,09,13,6,0,0,0,1,0,1,0,0
"POINT (7.612197654000056 51.978051497000081)",Unfall 49165 (2024) Kat:3, Licht: 2,49165,3,7,0,09,00,5,1,2,0,1,1,0,0,0
"POINT (7.612350699000046 51.974272033000034)",Unfall 49212 (2024) Kat:3, Licht: 0,49212,3,3,0,09,12,6,0,0,1,1,0,0,0,0
"POINT (7.676530055000057 51.957808432000036)",Unfall 49307 (2024) Kat:3, Licht: 0,49307,3,2,0,09,08,4,0,0,1,1,0,0,0,0
"POINT (7.659532320000039 51.934404283000049)",Unfall 49308 (2024) Kat:3, Licht: 0,49308,3,2,5,09,06,4,0,0,1,1,0,0,0,0
"POINT (7.541369990000021 51.913416832000053)",Unfall 49403 (2024) Kat:2, Licht: 0,49403,2,1,2,09,14,1,0,0,0,1,0,1,0,0
"POINT (7.629206117000024 51.954672197000036)",Unfall 49446 (2024) Kat:3, Licht: 0,49446,3,7,6,09,15,3,0,0,0,1,1,0,0,0
"POINT (7.606584941000051 51.973534697000048)",Unfall 49447 (2024) Kat:3, Licht: 0,49447,3,5,3,09,15,3,0,0,1,1,0,0,0,0
"POINT (7.563130564000062 51.909913139000082)",Unfall 49486 (2024) Kat:3, Licht: 2,49486,3,1,0,09,01,4,1,2,0,1,0,0,0,0
"POINT (7.607716366000034 51.973983346000068)",Unfall 49590 (2024) Kat:3, Licht: 0,49590,3,2,5,09,17,2,0,0,1,1,0,0,0,0
"POINT (7.606584941000051 51.973534697000048)",Unfall 49591 (2024) Kat:3, Licht: 0,49591,3,6,2,09,14,2,0,0,0,1,0,0,0,0
"POINT (7.611659469000074 51.982595773000071)",Unfall 49592 (2024) Kat:3, Licht: 0,49592,3,4,0,09,07,2,0,0,0,1,1,0,0,0
"POINT (7.626168162000056 51.954688176000047)",Unfall 49711 (2024) Kat:3, Licht: 0,49711,3,7,0,09,16,1,0,0,1,1,0,0,0,0
"POINT (7.755799190000062 51.929014197000072)",Unfall 49828 (2024) Kat:3, Licht: 2,49828,3,6,2,08,23,7,0,2,0,1,0,0,0,0
"POINT (7.580252424000037 51.988145327000041)",Unfall 49955 (2024) Kat:3, Licht: 0,49955,3,6,2,08,07,6,1,0,0,1,0,0,1,1
"POINT (7.631747705000066 51.919359462000045)",Unfall 49973 (2024) Kat:3, Licht: 0,49973,3,6,3,08,13,7,0,0,0,1,0,1,0,0
"POINT (7.647361345000036 51.962955714000032)",Unfall 50081 (2024) Kat:3, Licht: 0,50081,3,6,3,08,19,5,0,0,1,0,0,0,0,0
"POINT (7.631082051000021 51.921528467000030)",Unfall 50250 (2024) Kat:3, Licht: 0,50250,3,6,2,08,15,4,0,0,0,1,0,0,0,0
"POINT (7.671832793000021 51.924621673000047)",Unfall 50252 (2024) Kat:3, Licht: 0,50252,3,7,5,08,15,4,0,0,1,1,0,0,0,0
"POINT (7.646803915000021 51.992852244000062)",Unfall 50253 (2024) Kat:3, Licht: 0,50253,3,3,5,08,13,4,0,0,1,1,0,0,0,0
"POINT (7.624455877000059 51.938957185000049)",Unfall 50255 (2024) Kat:3, Licht: 0,50255,3,5,6,08,07,4,0,0,1,0,1,0,0,0
"POINT (7.676130568000076 51.958919027000036)",Unfall 50355 (2024) Kat:3, Licht: 0,50355,3,7,2,09,17,2,0,0,0,1,0,0,0,0
"POINT (7.596590681000066 51.890689991000045)",Unfall 50366 (2024) Kat:3, Licht: 2,50366,3,6,4,09,06,4,1,2,1,0,0,0,0,0
"POINT (7.689385473000073 51.910170432000029)",Unfall 50484 (2024) Kat:3, Licht: 1,50484,3,2,4,09,06,2,0,1,0,1,0,1,0,0
"POINT (7.612350699000046 51.974272033000034)",Unfall 50591 (2024) Kat:3, Licht: 1,50591,3,3,5,09,06,1,0,1,0,1,0,0,0,1
"POINT (7.574035067000068 51.888982037000062)",Unfall 50830 (2024) Kat:3, Licht: 0,50830,3,1,7,09,15,6,0,0,0,1,0,0,0,0
"POINT (7.578833857000063 51.934350027000050)",Unfall 50832 (2024) Kat:3, Licht: 2,50832,3,2,3,09,20,6,0,2,1,1,0,0,0,0
"POINT (7.615175826000041 51.967317040000069)",Unfall 50833 (2024) Kat:3, Licht: 1,50833,3,6,2,09,20,6,0,1,0,0,0,1,0,0
"POINT (7.635181157000034 51.960915850000049)",Unfall 50834 (2024) Kat:3, Licht: 0,50834,3,6,1,09,13,6,0,0,0,1,0,0,0,0
"POINT (7.574118677000058 51.888695438000070)",Unfall 50991 (2024) Kat:3, Licht: 0,50991,3,6,0,09,13,5,0,0,0,1,0,0,0,0
"POINT (7.625805533000062 51.933971987000064)",Unfall 50994 (2024) Kat:3, Licht: 0,50994,3,1,3,09,16,5,0,0,1,0,0,0,0,1
"POINT (7.601622451000026 51.995082195000066)",Unfall 50995 (2024) Kat:3, Licht: 0,50995,3,3,5,09,15,5,0,0,0,1,0,0,0,1
"POINT (7.652535995000051 51.965552144000071)",Unfall 50996 (2024) Kat:3, Licht: 0,50996,3,6,2,09,09,5,0,0,0,0,0,1,0,0
"POINT (7.676173524000035 52.008200062000071)",Unfall 51258 (2024) Kat:3, Licht: 0,51258,3,6,3,09,16,3,0,0,0,1,0,1,0,1
"POINT (7.630019481000033 51.964118225000050)",Unfall 51259 (2024) Kat:3, Licht: 0,51259,3,1,2,09,08,3,0,0,0,1,0,0,0,1
"POINT (7.614797650000071 52.004661748000046)",Unfall 51352 (2024) Kat:1, Licht: 0,51352,1,7,0,09,13,2,0,0,0,0,0,0,0,1
"POINT (7.646205922000036 51.982987816000048)",Unfall 51353 (2024) Kat:3, Licht: 0,51353,3,2,0,09,15,2,0,0,0,1,0,0,0,0
"POINT (7.659715079000023 51.934514653000065)",Unfall 51354 (2024) Kat:3, Licht: 0,51354,3,6,2,09,10,2,0,0,0,1,0,0,0,0
"POINT (7.712164267000048 51.962212525000041)",Unfall 51459 (2024) Kat:3, Licht: 0,51459,3,2,5,09,14,1,0,0,0,0,0,1,0,0
"POINT (7.665722036000034 51.930253812000046)",Unfall 51541 (2024) Kat:3, Licht: 0,51541,3,6,2,09,16,4,0,0,0,1,0,0,0,0
"POINT (7.617012387000045 51.966364310000074)",Unfall 51549 (2024) Kat:2, Licht: 2,51549,2,3,0,09,23,7,0,2,1,1,0,0,0,0
"POINT (7.606570688000033 51.882695781000052)",Unfall 51550 (2024) Kat:3, Licht: 0,51550,3,2,0,09,07,7,0,0,1,1,0,0,0,0
"POINT (7.645744344000036 51.955499792000069)",Unfall 51603 (2024) Kat:3, Licht: 2,51603,3,2,5,10,22,4,0,2,1,1,0,0,0,0
"POINT (7.619843095000022 51.955014095000081)",Unfall 51604 (2024) Kat:3, Licht: 2,51604,3,6,1,10,19,4,1,2,0,1,0,0,0,0
"POINT (7.638076735000027 51.952990928000077)",Unfall 51605 (2024) Kat:3, Licht: 0,51605,3,2,0,10,17,4,1,0,1,1,0,0,0,0
"POINT (7.624956671000064 51.893382737000081)",Unfall 51606 (2024) Kat:1, Licht: 2,51606,1,1,6,10,06,4,1,2,0,1,1,0,0,0
"POINT (7.618115530000068 51.974513084000080)",Unfall 51714 (2024) Kat:3, Licht: 2,51714,3,6,1,10,19,3,0,2,1,0,0,0,0,0
"POINT (7.647023867000030 51.963743950000037)",Unfall 51715 (2024) Kat:3, Licht: 2,51715,3,6,1,10,18,3,0,2,0,1,0,0,0,0
"POINT (7.643113659000051 51.961934635000034)",Unfall 51825 (2024) Kat:3, Licht: 0,51825,3,6,2,10,17,2,0,0,1,0,0,1,0,0
"POINT (7.637451501000044 51.958819556000037)",Unfall 51826 (2024) Kat:3, Licht: 2,51826,3,7,6,10,19,2,0,2,1,0,1,0,0,0
"POINT (7.584208273000058 51.926894632000028)",Unfall 51827 (2024) Kat:3, Licht: 0,51827,3,2,5,10,16,2,0,0,1,1,0,0,0,0
"POINT (7.708722947000069 51.977166232000059)",Unfall 51828 (2024) Kat:3, Licht: 0,51828,3,6,2,10,06,2,0,0,0,1,0,0,0,0
"POINT (7.714670476000038 51.944699281000055)",Unfall 51926 (2024) Kat:3, Licht: 0,51926,3,6,8,10,18,1,0,0,0,1,0,0,0,1
"POINT (7.615242706000060 51.993214403000081)",Unfall 51927 (2024) Kat:3, Licht: 0,51927,3,2,5,10,18,1,0,0,1,1,0,0,0,0
"POINT (7.624158673000068 51.940856195000038)",Unfall 51928 (2024) Kat:3, Licht: 0,51928,3,1,3,10,13,1,0,0,0,1,0,0,0,0
"POINT (7.611257520000038 51.988122536000049)",Unfall 51997 (2024) Kat:3, Licht: 2,51997,3,2,5,10,21,4,1,2,1,1,0,0,0,0
"POINT (7.632689824000067 51.953727289000028)",Unfall 52031 (2024) Kat:3, Licht: 0,52031,3,2,0,10,14,2,0,0,1,1,0,0,0,0
"POINT (7.647468894000042 51.962638131000062)",Unfall 52098 (2024) Kat:3, Licht: 0,52098,3,3,5,10,15,6,0,0,1,0,0,0,0,0
"POINT (7.624023970000053 51.941368584000031)",Unfall 52186 (2024) Kat:3, Licht: 2,52186,3,7,9,10,20,5,0,2,0,1,0,0,1,0
"POINT (7.641745588000049 51.897947414000043)",Unfall 52187 (2024) Kat:3, Licht: 0,52187,3,3,5,10,16,5,0,0,1,0,0,0,0,0
"POINT (7.611148441000068 51.942877579000026)",Unfall 52188 (2024) Kat:3, Licht: 0,52188,3,6,2,10,12,5,0,0,0,1,0,0,0,0
"POINT (7.718459451000058 51.916092813000034)",Unfall 52229 (2024) Kat:3, Licht: 0,52229,3,1,0,10,15,4,1,0,1,0,0,0,0,0
"POINT (7.631275540000047 51.948138132000054)",Unfall 52230 (2024) Kat:3, Licht: 0,52230,3,3,5,10,16,4,1,0,1,0,0,0,0,1
"POINT (7.625881806000052 51.955794541000046)",Unfall 52359 (2024) Kat:3, Licht: 0,52359,3,6,2,10,17,3,1,0,1,1,0,0,0,0
"POINT (7.615160757000069 52.051844573000039)",Unfall 52360 (2024) Kat:2, Licht: 0,52360,2,6,4,10,13,3,1,0,0,1,0,0,0,0
"POINT (7.602758286000039 51.968819084000074)",Unfall 52361 (2024) Kat:3, Licht: 0,52361,3,7,0,10,13,3,1,0,0,0,0,0,0,1
"POINT (7.627035315000057 51.955804205000049)",Unfall 52362 (2024) Kat:3, Licht: 1,52362,3,2,6,10,07,3,1,1,0,1,1,0,0,0
"POINT (7.708424144000048 51.977125197000078)",Unfall 52457 (2024) Kat:3, Licht: 0,52457,3,6,2,10,08,2,0,0,0,1,0,0,0,0
"POINT (7.591150125000070 51.920962640000027)",Unfall 52472 (2024) Kat:3, Licht: 0,52472,3,6,3,09,09,2,0,0,0,0,0,0,1,1
"POINT (7.625297041000067 51.936581259000036)",Unfall 52473 (2024) Kat:3, Licht: 0,52473,3,6,1,09,17,2,1,0,0,1,0,0,0,0
"POINT (7.629239862000077 51.944304189000036)",Unfall 52474 (2024) Kat:3, Licht: 0,52474,3,2,3,09,13,2,0,0,1,1,0,0,0,0
"POINT (7.645218509000074 51.904249022000045)",Unfall 52475 (2024) Kat:3, Licht: 0,52475,3,2,5,09,08,2,0,0,1,1,0,0,0,0
"POINT (7.615407001000051 51.948232395000048)",Unfall 52546 (2024) Kat:3, Licht: 2,52546,3,6,0,10,23,5,0,2,1,0,1,0,0,0
"POINT (7.669050708000043 51.906064751000031)",Unfall 52578 (2024) Kat:3, Licht: 0,52578,3,2,5,09,13,1,0,0,1,1,0,0,0,0
"POINT (7.639048476000028 51.953051995000067)",Unfall 52579 (2024) Kat:3, Licht: 0,52579,3,6,2,09,10,1,0,0,0,1,0,0,0,0
"POINT (7.527213249000056 51.920298334000051)",Unfall 52651 (2024) Kat:3, Licht: 0,52651,3,3,5,09,10,7,0,0,0,1,0,0,0,0
"POINT (7.625813117000064 51.955716035000080)",Unfall 52652 (2024) Kat:3, Licht: 0,52652,3,6,3,09,10,7,0,0,1,1,0,0,0,0
"POINT (7.546504623000033 51.955330399000047)",Unfall 52757 (2024) Kat:3, Licht: 2,52757,3,1,8,09,22,6,1,2,0,1,0,0,1,0
"POINT (7.623387770000022 51.945916789000080)",Unfall 52758 (2024) Kat:3, Licht: 0,52758,3,6,3,09,12,6,0,0,1,0,0,0,0,0
"POINT (7.598764744000050 51.964820604000067)",Unfall 52921 (2024) Kat:3, Licht: 0,52921,3,2,3,09,09,5,1,0,0,1,0,0,1,0
"POINT (7.579264415000068 51.925290207000046)",Unfall 52922 (2024) Kat:3, Licht: 2,52922,3,2,5,09,22,5,1,2,1,1,0,0,0,0
"POINT (7.572070068000073 51.940313172000060)",Unfall 52923 (2024) Kat:3, Licht: 0,52923,3,6,2,09,14,5,0,0,0,1,0,1,0,0
"POINT (7.647023867000030 51.963743950000037)",Unfall 52924 (2024) Kat:3, Licht: 0,52924,3,2,5,09,11,5,1,0,1,1,0,0,0,0
"POINT (7.558226482000066 51.920321984000054)",Unfall 53069 (2024) Kat:3, Licht: 0,53069,3,6,2,09,18,4,1,0,0,1,0,0,0,0
"POINT (7.570247594000023 51.924942778000059)",Unfall 53070 (2024) Kat:3, Licht: 0,53070,3,3,5,09,16,4,0,0,1,1,0,0,0,0