WKT,Name,OBJECTID,UKATEGORIE,UTYP1,UART,UMONAT,USTUNDE,UWOCHENTAG,STRZUSTAND,ULICHTVERH,ISTRAD,ISTPKW,ISTFUSS,ISTKRAD,ISTGKFZ,ISTSONSTIG
"POINT (7.711081167000032 51.917304010000066)",Unfall 53071 (2024) Kat:3, Licht: 0,53071,3,3,5,09,15,4,1,0,1,0,0,0,0,1
"POINT (7.609823983000069 51.974200914000050)",Unfall 53072 (2024) Kat:3, Licht: 1,53072,3,6,2,09,08,4,1,1,0,1,0,0,0,0
"POINT (7.634854485000062 51.952977155000042)",Unfall 53185 (2024) Kat:3, Licht: 0,53185,3,6,2,09,13,6,0,0,1,0,0,0,0,0
"POINT (7.532376225000064 51.954104152000070)",Unfall 53216 (2024) Kat:3, Licht: 2,53216,3,3,4,09,20,3,1,2,1,1,0,0,0,0
"POINT (7.589416170000050 51.974120654000046)",Unfall 53303 (2024) Kat:3, Licht: 2,53303,3,3,6,10,18,3,1,2,0,1,1,0,0,0
"POINT (7.625197988000025 51.936227437000070)",Unfall 53418 (2024) Kat:3, Licht: 0,53418,3,6,3,10,13,2,0,0,0,1,0,0,1,0
"POINT (7.714130632000035 51.988877049000052)",Unfall 53419 (2024) Kat:2, Licht: 0,53419,2,6,3,10,08,2,0,0,1,1,0,0,0,0
"POINT (7.663258467000048 51.968153200000074)",Unfall 53509 (2024) Kat:3, Licht: 2,53509,3,7,0,10,22,1,0,2,0,1,0,0,0,0
"POINT (7.647508361000064 51.955197302000045)",Unfall 53510 (2024) Kat:3, Licht: 2,53510,3,2,5,10,19,1,0,2,1,1,0,0,0,0
"POINT (7.614479157000062 52.001868789000071)",Unfall 53511 (2024) Kat:3, Licht: 0,53511,3,3,5,10,15,1,0,0,1,1,0,0,0,0
"POINT (7.611648740000021 51.842313886000056)",Unfall 53568 (2024) Kat:3, Licht: 2,53568,3,3,5,10,19,7,0,2,1,1,0,0,0,0
"POINT (7.621786638000060 51.993561436000050)",Unfall 53569 (2024) Kat:3, Licht: 0,53569,3,6,2,10,16,7,0,0,0,1,0,0,0,0
"POINT (7.559732666000059 51.948509286000046)",Unfall 53570 (2024) Kat:3, Licht: 0,53570,3,1,8,10,12,7,0,0,0,1,0,0,0,1
"POINT (7.598049780000053 51.942949492000082)",Unfall 53571 (2024) Kat:3, Licht: 0,53571,3,4,6,10,12,7,0,0,1,0,1,0,0,0
"POINT (7.614380819000075 51.949794564000058)",Unfall 53676 (2024) Kat:2, Licht: 0,53676,2,1,0,10,15,6,0,0,1,0,0,0,0,0
"POINT (7.641049864000024 51.903566429000080)",Unfall 53677 (2024) Kat:3, Licht: 0,53677,3,2,0,10,09,6,0,0,1,1,0,0,0,0
"POINT (7.630571937000070 51.924938385000075)",Unfall 53678 (2024) Kat:3, Licht: 0,53678,3,3,5,10,11,6,0,0,0,1,0,0,0,0
"POINT (7.652592726000023 51.954836785000055)",Unfall 53679 (2024) Kat:3, Licht: 1,53679,3,2,6,10,07,6,0,1,0,1,1,0,0,0
"POINT (7.647936880000032 51.928702380000061)",Unfall 53811 (2024) Kat:3, Licht: 0,53811,3,2,0,10,14,5,0,0,0,1,0,0,0,1
"POINT (7.705731152000055 51.939998338000066)",Unfall 53812 (2024) Kat:3, Licht: 0,53812,3,6,2,10,16,5,0,0,0,1,0,0,0,0
"POINT (7.519940457000075 51.976521547000061)",Unfall 53813 (2024) Kat:3, Licht: 0,53813,3,3,5,10,13,5,0,0,0,1,0,0,0,0
"POINT (7.615243280000072 51.948030780000067)",Unfall 53814 (2024) Kat:3, Licht: 0,53814,3,6,4,10,16,5,1,0,1,0,0,0,0,1
"POINT (7.687416745000064 51.993081018000055)",Unfall 53816 (2024) Kat:3, Licht: 0,53816,3,3,5,10,10,5,0,0,0,1,0,0,0,0
"POINT (7.588906644000076 51.965545048000081)",Unfall 54016 (2024) Kat:3, Licht: 2,54016,3,1,0,10,19,3,0,2,0,0,0,0,0,1
"POINT (7.635361672000045 51.995115807000047)",Unfall 54017 (2024) Kat:3, Licht: 1,54017,3,3,5,10,07,3,1,1,1,1,0,0,0,0
"POINT (7.612627805000045 51.969018177000066)",Unfall 54239 (2024) Kat:3, Licht: 0,54239,3,3,5,10,08,1,0,0,0,1,0,0,0,0
"POINT (7.641426717000058 51.948051100000043)",Unfall 54315 (2024) Kat:3, Licht: 2,54315,3,5,1,10,22,7,0,2,1,1,0,0,0,0
"POINT (7.623988952000047 51.941501781000056)",Unfall 54393 (2024) Kat:3, Licht: 0,54393,3,3,5,10,13,6,0,0,1,1,0,0,0,0
"POINT (7.662117916000057 51.994899743000076)",Unfall 54394 (2024) Kat:3, Licht: 2,54394,3,3,5,10,06,6,0,2,1,1,0,0,0,0
"POINT (7.602513127000066 51.994595785000058)",Unfall 54498 (2024) Kat:3, Licht: 0,54498,3,7,5,10,14,5,0,0,1,1,0,0,0,0
"POINT (7.555408013000033 51.926355344000058)",Unfall 54597 (2024) Kat:3, Licht: 0,54597,3,6,2,10,14,4,0,0,0,1,0,0,0,0
"POINT (7.560553910000067 51.989872573000071)",Unfall 54598 (2024) Kat:3, Licht: 0,54598,3,6,2,10,12,4,0,0,0,1,0,0,1,1
"POINT (7.644986233000054 51.954540141000052)",Unfall 54599 (2024) Kat:3, Licht: 1,54599,3,4,6,10,17,4,0,1,1,0,1,0,0,0
"POINT (7.666300493000051 51.929785798000069)",Unfall 54600 (2024) Kat:3, Licht: 0,54600,3,7,1,10,14,4,0,0,0,1,0,0,0,0
"POINT (7.572571257000050 51.957568870000046)",Unfall 54732 (2024) Kat:3, Licht: 1,54732,3,2,1,10,17,3,0,1,0,1,0,0,0,0
"POINT (7.642386915000031 51.895529093000050)",Unfall 54733 (2024) Kat:3, Licht: 0,54733,3,7,0,10,13,3,0,0,0,1,0,0,0,0
"POINT (7.609287942000037 51.940837085000055)",Unfall 54814 (2024) Kat:3, Licht: 2,54814,3,2,5,10,18,2,0,2,0,1,0,0,0,0
"POINT (7.647414494000031 51.959027910000032)",Unfall 54815 (2024) Kat:3, Licht: 0,54815,3,3,5,10,08,2,0,0,1,1,0,0,0,0
"POINT (7.585880823000025 52.014642026000047)",Unfall 54972 (2024) Kat:3, Licht: 0,54972,3,6,2,10,10,7,0,0,0,1,0,0,0,0
"POINT (7.665819088000035 51.930175215000077)",Unfall 54974 (2024) Kat:3, Licht: 0,54974,3,2,5,10,12,7,0,0,1,1,0,0,0,0
"POINT (7.628813135000030 51.937381129000073)",Unfall 55021 (2024) Kat:3, Licht: 0,55021,3,1,2,10,07,3,1,0,0,1,0,0,0,0
"POINT (7.631227940000031 51.963615826000080)",Unfall 55056 (2024) Kat:3, Licht: 0,55056,3,1,8,10,17,6,0,0,0,0,0,0,0,1
"POINT (7.611866569000028 51.982076574000075)",Unfall 55057 (2024) Kat:3, Licht: 0,55057,3,7,2,10,14,6,0,0,0,1,0,0,0,0
"POINT (7.640830318000042 51.957285454000044)",Unfall 55128 (2024) Kat:2, Licht: 2,55128,2,4,6,10,18,3,1,2,1,0,1,0,0,0
"POINT (7.642450496000038 51.895448072000079)",Unfall 55137 (2024) Kat:3, Licht: 0,55137,3,3,5,10,13,6,0,0,1,1,0,0,0,0
"POINT (7.651361535000035 51.905142837000028)",Unfall 55204 (2024) Kat:3, Licht: 0,55204,3,2,6,10,15,5,0,0,0,1,1,0,0,0
"POINT (7.629030036000074 51.996076973000072)",Unfall 55205 (2024) Kat:3, Licht: 0,55205,3,6,6,10,15,5,0,0,1,0,1,0,0,0
"POINT (7.613338524000028 51.993343713000058)",Unfall 55207 (2024) Kat:3, Licht: 0,55207,3,3,5,10,15,5,1,0,0,1,0,0,0,1
"POINT (7.644745972000067 51.980477525000026)",Unfall 55208 (2024) Kat:3, Licht: 1,55208,3,4,6,10,08,5,1,1,0,1,1,0,0,0
"POINT (7.625881471000071 51.955803209000067)",Unfall 55209 (2024) Kat:3, Licht: 0,55209,3,7,0,10,08,5,1,0,0,0,0,1,0,0
"POINT (7.612550691000024 51.971667421000063)",Unfall 55360 (2024) Kat:3, Licht: 2,55360,3,1,2,11,17,2,1,2,1,0,0,0,0,0
"POINT (7.699403205000067 51.989089652000075)",Unfall 55361 (2024) Kat:2, Licht: 0,55361,2,4,0,11,16,2,0,0,1,0,1,0,0,0
"POINT (7.590202181000052 51.973519921000047)",Unfall 55362 (2024) Kat:3, Licht: 2,55362,3,3,0,11,17,2,1,2,1,1,0,0,0,0
"POINT (7.669699422000065 51.998732644000029)",Unfall 55363 (2024) Kat:2, Licht: 0,55363,2,7,6,11,14,2,1,0,0,0,1,0,1,0
"POINT (7.666292566000038 51.929792201000055)",Unfall 55489 (2024) Kat:3, Licht: 0,55489,3,7,0,11,15,1,0,0,0,1,0,0,0,0
"POINT (7.557711903000040 51.987425244000065)",Unfall 55526 (2024) Kat:2, Licht: 0,55526,2,6,9,11,16,7,0,0,0,1,0,0,0,1
"POINT (7.757549452000035 51.928557274000070)",Unfall 55527 (2024) Kat:3, Licht: 2,55527,3,3,5,11,17,7,0,2,0,1,0,0,0,0
"POINT (7.534165830000063 51.912323724000032)",Unfall 55596 (2024) Kat:3, Licht: 2,55596,3,6,9,11,22,6,0,2,0,1,0,0,0,0
"POINT (7.678833242000053 51.948827045000030)",Unfall 55675 (2024) Kat:3, Licht: 0,55675,3,2,5,11,16,5,0,0,0,1,0,0,0,0
"POINT (7.647621316000027 51.992910407000068)",Unfall 55760 (2024) Kat:3, Licht: 0,55760,3,2,1,11,13,4,0,0,0,1,0,0,0,0
"POINT (7.627791372000047 51.955796907000035)",Unfall 55761 (2024) Kat:3, Licht: 0,55761,3,1,0,11,09,4,1,0,1,0,0,0,0,0
"POINT (7.649958008000056 51.904846042000031)",Unfall 55877 (2024) Kat:3, Licht: 0,55877,3,4,0,11,14,3,0,0,1,0,1,0,0,0
"POINT (7.673754171000041 51.930018193000080)",Unfall 55878 (2024) Kat:3, Licht: 1,55878,3,2,4,11,07,3,0,1,1,1,0,0,0,0
"POINT (7.610622054000032 51.970617125000047)",Unfall 55999 (2024) Kat:3, Licht: 0,55999,3,3,5,11,08,2,0,0,1,0,0,0,0,0
"POINT (7.567530662000024 51.973334341000054)",Unfall 56000 (2024) Kat:3, Licht: 2,56000,3,6,2,11,17,2,0,2,0,1,0,0,0,0
"POINT (7.626472843000045 51.956172461000051)",Unfall 56001 (2024) Kat:3, Licht: 0,56001,3,7,1,11,15,2,0,0,1,1,0,0,0,0
"POINT (7.588850118000039 51.965274821000037)",Unfall 56002 (2024) Kat:3, Licht: 2,56002,3,6,5,11,06,2,0,2,1,1,0,0,0,0
"POINT (7.617845090000060 51.974500922000061)",Unfall 56003 (2024) Kat:2, Licht: 0,56003,2,4,6,11,07,2,0,0,0,1,1,0,0,0
"POINT (7.549441855000055 51.983825630000069)",Unfall 56214 (2024) Kat:3, Licht: 0,56214,3,2,3,11,15,7,0,0,1,1,0,0,0,0
"POINT (7.619089512000073 51.952699606000067)",Unfall 56287 (2024) Kat:3, Licht: 0,56287,3,6,2,11,14,6,1,0,0,1,0,0,0,0
"POINT (7.625409235000063 51.965371058000073)",Unfall 56357 (2024) Kat:3, Licht: 2,56357,3,6,1,10,17,5,0,2,0,1,0,0,0,0
"POINT (7.640775564000023 51.971271436000052)",Unfall 56358 (2024) Kat:3, Licht: 1,56358,3,2,3,10,16,5,0,1,1,0,0,0,0,1
"POINT (7.666189453000072 51.905899927000064)",Unfall 56359 (2024) Kat:3, Licht: 0,56359,3,1,2,10,11,5,0,0,0,1,0,0,0,0
"POINT (7.548493575000066 51.973303199000043)",Unfall 56587 (2024) Kat:3, Licht: 0,56587,3,6,2,11,07,3,0,0,0,1,0,0,1,0
"POINT (7.624882981000042 51.937370448000081)",Unfall 56588 (2024) Kat:3, Licht: 1,56588,3,6,2,11,16,3,1,1,0,1,0,0,0,0
"POINT (7.625911174000066 51.955930587000068)",Unfall 56589 (2024) Kat:3, Licht: 0,56589,3,6,2,11,12,3,0,0,0,1,0,0,0,0
"POINT (7.611848869000028 51.982305924000059)",Unfall 56695 (2024) Kat:3, Licht: 0,56695,3,3,0,11,13,2,0,0,1,1,0,0,0,0
"POINT (7.624786122000046 51.950306408000074)",Unfall 56696 (2024) Kat:3, Licht: 0,56696,3,2,5,11,08,2,0,0,1,1,0,0,0,0
"POINT (7.640457117000039 51.957456771000068)",Unfall 56850 (2024) Kat:3, Licht: 2,56850,3,7,1,11,06,7,1,2,0,1,0,0,0,0
"POINT (7.623128425000061 51.944252450000079)",Unfall 56948 (2024) Kat:3, Licht: 1,56948,3,3,6,11,07,6,1,1,0,1,1,0,0,0
"POINT (7.671612309000068 52.001862205000066)",Unfall 56949 (2024) Kat:3, Licht: 1,56949,3,1,2,11,07,6,1,1,0,1,0,0,0,0
"POINT (7.611395178000066 51.989186339000071)",Unfall 56950 (2024) Kat:3, Licht: 2,56950,3,2,6,11,07,6,1,2,0,1,1,0,0,0
"POINT (7.712703399000077 51.938082921000046)",Unfall 57075 (2024) Kat:3, Licht: 2,57075,3,7,2,11,20,5,0,2,0,1,0,0,0,0
"POINT (7.604534274000059 51.974672306000059)",Unfall 57076 (2024) Kat:1, Licht: 0,57076,1,1,0,11,11,5,1,0,1,0,0,0,0,0
"POINT (7.611360737000041 51.949353499000040)",Unfall 57166 (2024) Kat:3, Licht: 2,57166,3,2,5,11,17,4,1,2,1,1,0,0,0,0
"POINT (7.611421810000024 51.988230323000039)",Unfall 57167 (2024) Kat:3, Licht: 0,57167,3,4,6,11,12,4,0,0,0,1,1,0,0,0
"POINT (7.612377626000068 51.993436661000032)",Unfall 57168 (2024) Kat:3, Licht: 2,57168,3,3,5,11,07,4,1,2,1,1,0,0,0,0
"POINT (7.548338708000074 51.993896853000081)",Unfall 57213 (2024) Kat:3, Licht: 0,57213,3,7,0,11,14,5,1,0,0,1,1,0,0,0
"POINT (7.721144127000059 51.978996493000068)",Unfall 57301 (2024) Kat:3, Licht: 2,57301,3,1,0,11,20,3,1,2,0,1,0,0,0,0
"POINT (7.607556367000029 51.932917923000048)",Unfall 57302 (2024) Kat:3, Licht: 0,57302,3,4,6,11,15,3,2,0,0,1,1,0,0,0
"POINT (7.639706258000047 51.961744226000064)",Unfall 57303 (2024) Kat:3, Licht: 1,57303,3,3,1,11,13,3,1,1,1,1,0,0,0,0
"POINT (7.625892104000059 51.955723709000040)",Unfall 57304 (2024) Kat:3, Licht: 2,57304,3,3,5,11,05,3,1,2,0,1,0,0,0,1
"POINT (7.655804160000059 51.968107703000044)",Unfall 57457 (2024) Kat:3, Licht: 2,57457,3,3,5,11,07,6,2,2,1,1,0,0,0,0
"POINT (7.573237318000054 51.957813100000067)",Unfall 57465 (2024) Kat:3, Licht: 0,57465,3,7,0,11,07,2,0,0,0,0,0,0,0,1
"POINT (7.631358038000030 51.963486851000027)",Unfall 57466 (2024) Kat:3, Licht: 0,57466,3,4,6,11,11,2,0,0,1,0,1,0,0,0
"POINT (7.588145603000044 51.970421572000078)",Unfall 57467 (2024) Kat:3, Licht: 1,57467,3,3,5,11,07,2,1,1,1,1,0,0,0,0
"POINT (7.592900371000042 51.913841551000075)",Unfall 57468 (2024) Kat:3, Licht: 2,57468,3,7,9,11,05,2,1,2,0,1,0,0,0,0
"POINT (7.636374322000052 51.972489705000044)",Unfall 57608 (2024) Kat:3, Licht: 0,57608,3,2,0,11,10,6,0,0,0,1,0,0,0,1
"POINT (7.640178531000061 51.961736784000038)",Unfall 57650 (2024) Kat:3, Licht: 0,57650,3,6,3,11,14,2,0,0,1,0,0,0,0,0
"POINT (7.624200099000063 51.948554363000028)",Unfall 57666 (2024) Kat:3, Licht: 0,57666,3,7,3,11,11,7,0,0,1,0,0,0,0,0
"POINT (7.637455446000047 51.956249142000047)",Unfall 57667 (2024) Kat:2, Licht: 2,57667,2,1,0,11,00,7,0,2,1,0,0,0,0,0
"POINT (7.675388919000056 51.949421125000072)",Unfall 57728 (2024) Kat:3, Licht: 0,57728,3,6,2,11,07,6,0,0,0,1,0,0,0,0
"POINT (7.718276406000030 51.984413150000080)",Unfall 57854 (2024) Kat:2, Licht: 2,57854,2,7,8,11,17,5,1,2,0,1,0,0,0,0
"POINT (7.626420230000065 51.955456932000061)",Unfall 57855 (2024) Kat:3, Licht: 2,57855,3,6,3,11,17,5,0,2,1,1,0,0,0,0
"POINT (7.632480466000061 51.915940960000057)",Unfall 57856 (2024) Kat:3, Licht: 0,57856,3,7,1,11,13,5,0,0,0,1,0,0,0,0
"POINT (7.603274044000045 51.965487167000049)",Unfall 57858 (2024) Kat:3, Licht: 2,57858,3,7,3,11,07,5,1,2,1,0,0,0,0,0
"POINT (7.566148538000050 51.995304421000071)",Unfall 57924 (2024) Kat:3, Licht: 2,57924,3,6,7,11,22,2,0,2,0,0,0,0,1,1
"POINT (7.618377852000037 51.951782780000030)",Unfall 57979 (2024) Kat:3, Licht: 0,57979,3,1,1,11,12,3,1,0,0,1,0,0,0,0
"POINT (7.552477092000061 51.933956223000052)",Unfall 58004 (2024) Kat:3, Licht: 1,58004,3,6,2,11,16,4,1,1,0,0,0,0,1,1
"POINT (7.602009919000068 51.934860857000047)",Unfall 58006 (2024) Kat:3, Licht: 2,58006,3,1,8,11,01,4,0,2,0,1,0,0,0,0
"POINT (7.519940457000075 51.976521547000061)",Unfall 58007 (2024) Kat:3, Licht: 2,58007,3,6,0,11,21,4,1,2,0,0,0,1,0,0
"POINT (7.649877231000062 51.993012128000032)",Unfall 58009 (2024) Kat:3, Licht: 0,58009,3,6,2,11,14,4,0,0,0,1,0,0,0,0
"POINT (7.609949908000033 51.974207785000033)",Unfall 58010 (2024) Kat:3, Licht: 0,58010,3,3,5,11,15,4,1,0,0,1,0,0,0,1
"POINT (7.626600103000044 51.931903792000071)",Unfall 58148 (2024) Kat:3, Licht: 2,58148,3,2,5,11,02,3,0,2,0,0,0,0,0,1
"POINT (7.607581845000027 51.973953001000041)",Unfall 58149 (2024) Kat:3, Licht: 0,58149,3,2,5,11,08,3,0,0,1,1,0,0,0,0
"POINT (7.609287942000037 51.940837085000055)",Unfall 58151 (2024) Kat:3, Licht: 0,58151,3,7,0,11,08,3,1,0,0,0,0,1,0,0
"POINT (7.623128425000061 51.944252450000079)",Unfall 58254 (2024) Kat:3, Licht: 2,58254,3,3,5,12,19,5,1,2,1,1,0,0,0,0
"POINT (7.609042013000021 51.971652172000063)",Unfall 58255 (2024) Kat:3, Licht: 0,58255,3,6,3,12,10,5,1,0,1,0,0,0,0,0
"POINT (7.666090723000025 51.929955234000033)",Unfall 58256 (2024) Kat:3, Licht: 0,58256,3,1,3,12,08,5,1,0,0,1,0,0,0,1
"POINT (7.636425232000022 51.952553909000073)",Unfall 58257 (2024) Kat:3, Licht: 2,58257,3,1,0,12,02,5,0,2,1,0,0,0,0,0
"POINT (7.619937553000057 51.954685343000051)",Unfall 58362 (2024) Kat:3, Licht: 2,58362,3,3,4,12,23,4,0,2,1,0,0,0,0,0
"POINT (7.608767125000043 51.940023831000076)",Unfall 58363 (2024) Kat:3, Licht: 0,58363,3,6,2,12,12,4,0,0,0,1,0,0,0,1
"POINT (7.650099320000038 51.993019717000038)",Unfall 58432 (2024) Kat:3, Licht: 2,58432,3,1,0,12,07,3,0,2,1,0,0,0,0,0
"POINT (7.647083689000056 51.985589621000031)",Unfall 58503 (2024) Kat:3, Licht: 2,58503,3,3,0,12,18,2,1,2,1,1,0,0,0,0
"POINT (7.617520263000074 51.965269410000076)",Unfall 58504 (2024) Kat:3, Licht: 0,58504,3,2,0,12,09,2,1,0,1,1,0,0,0,0
"POINT (7.634803826000052 51.900587514000051)",Unfall 58505 (2024) Kat:3, Licht: 1,58505,3,2,2,12,07,2,1,1,0,1,0,0,0,0
"POINT (7.638150773000064 51.902467846000036)",Unfall 58600 (2024) Kat:3, Licht: 2,58600,3,1,8,12,21,1,1,2,0,0,0,0,0,1
"POINT (7.588129104000075 51.970724196000049)",Unfall 58626 (2024) Kat:3, Licht: 0,58626,3,6,4,12,11,2,1,0,0,1,0,0,0,0
"POINT (7.703006586000072 51.981348355000080)",Unfall 58652 (2024) Kat:3, Licht: 0,58652,3,3,5,12,11,7,1,0,0,1,0,0,0,0
"POINT (7.626187784000024 51.954754785000034)",Unfall 58727 (2024) Kat:2, Licht: 2,58727,2,7,6,12,21,6,0,2,0,1,1,0,0,0
"POINT (7.625900277000028 51.953778791000047)",Unfall 58728 (2024) Kat:3, Licht: 2,58728,3,5,0,12,16,6,0,2,1,1,0,0,0,1
"POINT (7.617873519000057 51.963449020000041)",Unfall 58729 (2024) Kat:2, Licht: 0,58729,2,1,0,12,13,6,0,0,0,0,0,0,0,1
"POINT (7.618419082000059 51.951833763000081)",Unfall 58809 (2024) Kat:3, Licht: 2,58809,3,1,0,12,17,6,0,2,0,0,0,0,0,1
"POINT (7.674045993000050 51.964395101000036)",Unfall 58830 (2024) Kat:3, Licht: 2,58830,3,7,0,12,18,5,1,2,0,1,0,0,0,1
"POINT (7.646781134000037 51.957038852000039)",Unfall 58922 (2024) Kat:3, Licht: 0,58922,3,2,4,12,11,4,0,0,1,1,0,0,0,0
"POINT (7.626140842000041 51.954595432000076)",Unfall 59000 (2024) Kat:3, Licht: 0,59000,3,7,0,12,15,3,0,0,0,0,0,0,0,1
"POINT (7.650642095000023 51.964844985000070)",Unfall 59001 (2024) Kat:2, Licht: 0,59001,2,2,0,12,09,3,0,0,0,0,1,0,0,1
"POINT (7.597845336000034 51.989647453000032)",Unfall 59002 (2024) Kat:3, Licht: 1,59002,3,4,6,12,07,3,0,1,0,1,1,0,0,0
"POINT (7.612255005000065 51.974371577000056)",Unfall 59096 (2024) Kat:3, Licht: 2,59096,3,3,5,12,17,2,1,2,0,1,0,0,0,0
"POINT (7.602441327000065 52.031339002000038)",Unfall 59344 (2024) Kat:3, Licht: 2,59344,3,6,2,12,17,6,1,2,0,1,0,0,0,0
"POINT (7.651361535000035 51.905142837000028)",Unfall 59345 (2024) Kat:2, Licht: 0,59345,2,6,0,12,15,6,1,0,1,0,0,0,0,0
"POINT (7.573868107000067 51.992232076000050)",Unfall 59346 (2024) Kat:3, Licht: 0,59346,3,3,5,12,13,6,0,0,1,1,0,0,0,0
"POINT (7.637876111000026 51.957414955000047)",Unfall 59347 (2024) Kat:3, Licht: 0,59347,3,4,0,12,07,6,1,0,0,0,1,1,0,0
"POINT (7.647869370000024 51.987845110000080)",Unfall 59348 (2024) Kat:3, Licht: 0,59348,3,2,0,12,08,6,1,0,0,1,1,0,0,0
"POINT (7.633371148000037 51.967588654000053)",Unfall 59380 (2024) Kat:3, Licht: 0,59380,3,1,0,12,12,5,1,0,1,0,0,0,0,0
"POINT (7.594888389000062 51.931732916000044)",Unfall 59469 (2024) Kat:3, Licht: 0,59469,3,6,1,12,15,5,1,0,0,1,0,0,0,0
"POINT (7.573284256000022 51.924973712000053)",Unfall 59470 (2024) Kat:3, Licht: 0,59470,3,7,0,12,08,5,0,0,0,0,1,0,0,1
"POINT (7.635260522000067 51.961336220000078)",Unfall 59596 (2024) Kat:3, Licht: 0,59596,3,7,6,12,14,4,0,0,0,0,1,0,0,1
"POINT (7.634230245000026 51.965605193000044)",Unfall 59638 (2024) Kat:3, Licht: 0,59638,3,1,0,12,14,3,1,0,1,1,0,0,0,0
"POINT (7.605385582000054 51.884056212000075)",Unfall 59721 (2024) Kat:3, Licht: 2,59721,3,2,6,12,17,3,0,2,0,1,1,0,0,0
"POINT (7.617059807000032 51.949926014000027)",Unfall 59722 (2024) Kat:3, Licht: 1,59722,3,3,5,12,16,3,0,1,1,1,0,0,0,0
"POINT (7.645218509000074 51.904249022000045)",Unfall 59723 (2024) Kat:3, Licht: 1,59723,3,2,0,12,08,3,1,1,1,1,0,0,0,0
"POINT (7.632946998000023 51.913598688000036)",Unfall 59726 (2024) Kat:3, Licht: 0,59726,3,6,2,12,11,3,0,0,0,1,0,0,0,0
"POINT (7.633916717000034 51.953076696000039)",Unfall 59727 (2024) Kat:3, Licht: 2,59727,3,3,5,12,00,3,1,2,1,1,0,0,0,0
"POINT (7.619666820000020 51.958512598000027)",Unfall 59754 (2024) Kat:3, Licht: 2,59754,3,2,5,12,20,7,0,2,1,1,0,0,0,0
"POINT (7.594567194000035 51.929725629000075)",Unfall 59802 (2024) Kat:3, Licht: 0,59802,3,6,2,12,14,6,1,0,0,1,0,0,0,0
"POINT (7.560880369000074 51.915399470000068)",Unfall 59855 (2024) Kat:3, Licht: 2,59855,3,1,9,12,22,2,1,2,0,1,0,0,0,0
"POINT (7.627345633000061 51.943292543000041)",Unfall 59856 (2024) Kat:3, Licht: 2,59856,3,2,5,12,17,2,1,2,1,0,0,0,0,0
"POINT (7.610223284000028 51.967576918000077)",Unfall 59940 (2024) Kat:3, Licht: 2,59940,3,1,0,12,00,6,0,2,0,0,0,0,0,1
"POINT (7.554265495000038 51.929142817000070)",Unfall 59957 (2024) Kat:3, Licht: 2,59957,3,6,2,12,16,1,1,2,0,1,0,0,0,0
"POINT (7.640979717000050 51.961723994000067)",Unfall 60070 (2024) Kat:3, Licht: 2,60070,3,4,6,11,18,7,1,2,1,0,1,0,0,0
"POINT (7.624055298000030 51.941249414000026)",Unfall 60071 (2024) Kat:3, Licht: 0,60071,3,3,0,11,12,7,0,0,0,1,0,0,0,1
"POINT (7.518955173000052 52.001739850000035)",Unfall 60184 (2024) Kat:3, Licht: 0,60184,3,1,2,11,13,6,0,0,0,1,0,0,0,0
"POINT (7.622601878000069 51.896370971000067)",Unfall 60195 (2024) Kat:3, Licht: 2,60195,3,7,0,11,17,6,0,2,0,1,0,0,0,1
"POINT (7.603751485000032 51.975140456000076)",Unfall 60196 (2024) Kat:3, Licht: 2,60196,3,6,4,11,18,6,0,2,1,0,0,0,0,1
"POINT (7.625892104000059 51.955723709000040)",Unfall 60198 (2024) Kat:3, Licht: 2,60198,3,6,1,11,16,6,0,2,0,1,0,0,0,0
"POINT (7.589093668000032 51.965432502000056)",Unfall 60199 (2024) Kat:2, Licht: 0,60199,2,3,1,11,10,6,0,0,1,1,0,0,0,0
"POINT (7.678833242000053 51.948827045000030)",Unfall 60200 (2024) Kat:3, Licht: 0,60200,3,7,5,11,08,6,0,0,1,0,0,0,0,1
"POINT (7.601291837000076 51.934570443000041)",Unfall 60359 (2024) Kat:3, Licht: 0,60359,3,1,2,11,15,5,0,0,0,1,0,0,0,0
"POINT (7.621807056000023 51.936066888000028)",Unfall 60360 (2024) Kat:3, Licht: 0,60360,3,6,2,11,15,5,0,0,0,1,0,0,0,0
"POINT (7.634230245000026 51.965605193000044)",Unfall 60361 (2024) Kat:3, Licht: 1,60361,3,2,5,11,17,5,0,1,1,1,0,0,0,0
"POINT (7.584235026000044 51.986639253000078)",Unfall 60362 (2024) Kat:3, Licht: 2,60362,3,6,2,11,17,5,0,2,0,1,0,0,0,0
"POINT (7.556512405000035 52.000036185000056)",Unfall 60364 (2024) Kat:3, Licht: 0,60364,3,2,0,11,14,5,1,0,0,1,0,0,0,0
"POINT (7.689345021000065 51.910195105000071)",Unfall 60365 (2024) Kat:3, Licht: 2,60365,3,2,5,11,06,5,0,2,0,1,0,0,0,1
"POINT (7.632661589000065 51.953738935000047)",Unfall 60366 (2024) Kat:3, Licht: 1,60366,3,2,6,11,07,5,1,1,0,1,1,0,0,0
"POINT (7.626440879000029 51.965264113000046)",Unfall 60393 (2024) Kat:3, Licht: 0,60393,3,2,5,12,12,5,0,0,1,1,0,0,0,0
"POINT (7.675388919000056 51.949421125000072)",Unfall 60506 (2024) Kat:3, Licht: 2,60506,3,2,6,11,18,4,1,2,0,1,1,0,0,0
"POINT (7.629019549000077 51.973913462000041)",Unfall 60508 (2024) Kat:3, Licht: 2,60508,3,3,5,11,18,4,1,2,1,1,0,0,0,0