WKT,Name,OBJECTID,UKATEGORIE,UTYP1,UART,UMONAT,USTUNDE,UWOCHENTAG,STRZUSTAND,ULICHTVERH,ISTRAD,ISTPKW,ISTFUSS,ISTKRAD,ISTGKFZ,ISTSONSTIG
"POINT (7.639818350000041 51.975156707000053)",Unfall 60509 (2024) Kat:2, Licht: 0,60509,2,7,0,11,15,4,1,0,1,0,0,0,0,0
"POINT (7.591934776000073 51.939562270000067)",Unfall 60510 (2024) Kat:3, Licht: 2,60510,3,2,5,12,16,4,0,2,1,1,0,0,0,0
"POINT (7.636472063000042 51.952658923000058)",Unfall 60511 (2024) Kat:3, Licht: 2,60511,3,1,2,11,16,4,1,2,1,0,0,0,0,1
"POINT (7.642953811000041 51.961904007000044)",Unfall 60512 (2024) Kat:3, Licht: 1,60512,3,6,2,11,15,4,1,1,1,0,0,0,0,0
"POINT (7.647414494000031 51.959027910000032)",Unfall 60513 (2024) Kat:2, Licht: 1,60513,2,2,3,11,07,4,1,1,1,0,0,0,0,1
"POINT (7.626647646000038 51.955483761000039)",Unfall 60962 (2024) Kat:3, Licht: 0,60962,3,2,3,12,14,3,0,0,1,1,0,0,0,0
"POINT (7.636589821000030 51.952893736000078)",Unfall 61001 (2024) Kat:3, Licht: 2,61001,3,3,5,12,19,2,1,2,0,1,0,0,0,1
"POINT (7.558552606000035 51.918663410000079)",Unfall 61048 (2024) Kat:3, Licht: 0,61048,3,1,9,12,08,1,1,0,0,1,0,0,0,0
"POINT (7.615290056000049 51.967104472000074)",Unfall 61078 (2024) Kat:3, Licht: 2,61078,3,1,0,12,17,7,0,2,1,0,0,0,0,0
"POINT (7.658827922000057 51.985739632000048)",Unfall 61146 (2024) Kat:3, Licht: 0,61146,3,3,0,12,11,6,1,0,1,1,0,0,0,0
"POINT (7.526614857000027 51.923700321000069)",Unfall 61264 (2024) Kat:3, Licht: 0,61264,3,7,9,12,09,4,1,0,0,1,0,0,0,0
"POINT (7.634060864000048 51.962060712000039)",Unfall 61305 (2024) Kat:3, Licht: 2,61305,3,1,7,12,01,3,0,2,1,0,0,0,0,0
"POINT (7.637067605000027 51.950632260000077)",Unfall 61375 (2024) Kat:3, Licht: 0,61375,3,6,1,12,15,2,0,0,0,1,0,0,0,0
"POINT (7.638344944000039 51.902554848000079)",Unfall 61475 (2024) Kat:3, Licht: 2,61475,3,1,8,12,02,1,0,2,0,1,0,0,0,0
"POINT (7.598828427000058 52.026642953000078)",Unfall 61542 (2024) Kat:3, Licht: 2,61542,3,6,2,12,00,7,1,2,0,1,0,0,0,0
"POINT (7.548949315000073 51.945168749000061)",Unfall 61543 (2024) Kat:2, Licht: 2,61543,2,7,3,12,05,7,1,2,0,1,0,0,0,0
"POINT (7.705141719000039 51.976548690000072)",Unfall 61544 (2024) Kat:3, Licht: 2,61544,3,3,5,12,17,7,0,2,1,1,0,0,0,0
"POINT (7.646055991000026 51.963167409000050)",Unfall 61651 (2024) Kat:2, Licht: 2,61651,2,4,6,12,21,6,0,2,0,1,1,0,0,0
"POINT (7.623030676000042 51.897963416000039)",Unfall 61652 (2024) Kat:3, Licht: 0,61652,3,3,0,12,10,6,0,0,1,1,0,0,0,0
"POINT (7.592749298000058 51.913453473000061)",Unfall 61653 (2024) Kat:3, Licht: 1,61653,3,1,8,12,07,6,1,1,0,1,0,0,0,0
"POINT (7.574226432000046 51.889034109000079)",Unfall 61701 (2024) Kat:2, Licht: 0,61701,2,6,8,12,09,4,1,0,0,1,0,0,0,0
"POINT (7.630687990000069 51.955536289000065)",Unfall 169161 (2024) Kat:3, Licht: 2,169161,3,2,5,01,07,6,1,2,1,1,0,0,0,0
"POINT (7.614756392000061 51.968816937000042)",Unfall 169227 (2024) Kat:3, Licht: 2,169227,3,5,1,01,17,4,0,2,1,1,0,0,0,0
"POINT (7.633359869000060 51.961861003000081)",Unfall 169322 (2024) Kat:3, Licht: 0,169322,3,7,1,01,15,2,1,0,1,1,0,0,0,0
"POINT (7.616369570000074 51.937041768000029)",Unfall 169404 (2024) Kat:2, Licht: 0,169404,2,1,0,01,09,6,2,0,1,0,0,0,0,0
"POINT (7.615379743000062 51.919491161000053)",Unfall 169405 (2024) Kat:3, Licht: 2,169405,3,1,8,01,07,6,2,2,0,1,0,0,0,1
"POINT (7.744662674000040 51.930331893000073)",Unfall 169406 (2024) Kat:3, Licht: 1,169406,3,1,8,01,08,6,2,1,0,1,0,0,0,0
"POINT (7.666149455000038 51.957113070000048)",Unfall 169407 (2024) Kat:2, Licht: 1,169407,2,7,0,01,08,6,2,1,1,0,0,0,0,0
"POINT (7.675826686000050 52.012741432000041)",Unfall 169408 (2024) Kat:3, Licht: 2,169408,3,1,9,01,05,6,2,2,0,1,0,0,0,0
"POINT (7.633655307000026 51.956592521000061)",Unfall 169486 (2024) Kat:3, Licht: 0,169486,3,7,0,01,14,5,0,0,0,0,0,0,0,1
"POINT (7.677088659000049 51.927850770000077)",Unfall 169487 (2024) Kat:2, Licht: 2,169487,2,1,0,01,19,5,2,2,1,0,0,0,0,0
"POINT (7.580488204000062 51.968661727000040)",Unfall 169488 (2024) Kat:2, Licht: 2,169488,2,1,0,01,18,5,2,2,1,0,0,0,0,0
"POINT (7.625416549000022 51.960638777000042)",Unfall 169489 (2024) Kat:3, Licht: 0,169489,3,5,0,01,09,5,0,0,1,0,1,0,0,1
"POINT (7.597176401000070 51.971359999000072)",Unfall 169552 (2024) Kat:3, Licht: 0,169552,3,2,5,01,12,4,0,0,1,1,0,0,0,0
"POINT (7.635405986000023 51.979860677000033)",Unfall 169743 (2024) Kat:3, Licht: 0,169743,3,3,0,01,14,5,1,0,1,1,0,0,0,0
"POINT (7.630633397000054 51.932694578000053)",Unfall 169744 (2024) Kat:3, Licht: 0,169744,3,3,5,01,09,5,1,0,1,1,0,0,0,1
"POINT (7.638924934000045 51.966027104000034)",Unfall 169745 (2024) Kat:3, Licht: 2,169745,3,5,1,01,07,5,1,2,1,1,0,0,0,0
"POINT (7.723357568000040 51.926053686000046)",Unfall 169793 (2024) Kat:3, Licht: 0,169793,3,6,2,01,15,4,0,0,0,1,0,0,0,0
"POINT (7.614780278000069 51.976257310000051)",Unfall 169835 (2024) Kat:3, Licht: 2,169835,3,3,0,01,18,3,1,2,1,1,0,0,0,0
"POINT (7.606106988000022 51.968398720000039)",Unfall 169932 (2024) Kat:3, Licht: 2,169932,3,2,0,01,17,5,2,2,1,0,0,0,0,0
"POINT (7.632400842000038 51.986926110000070)",Unfall 169955 (2024) Kat:2, Licht: 0,169955,2,1,0,01,09,6,2,0,1,0,0,0,0,0
"POINT (7.637516993000077 51.984209084000042)",Unfall 170399 (2024) Kat:3, Licht: 2,170399,3,1,0,02,00,5,1,2,0,0,0,0,0,1
"POINT (7.633104007000043 51.960468269000046)",Unfall 170465 (2024) Kat:3, Licht: 0,170465,3,7,0,02,13,4,0,0,1,0,0,0,0,0
"POINT (7.630028916000072 51.943113083000071)",Unfall 170466 (2024) Kat:3, Licht: 1,170466,3,2,5,02,07,4,1,1,1,1,0,0,0,0
"POINT (7.567590846000030 51.930508254000074)",Unfall 170549 (2024) Kat:3, Licht: 2,170549,3,1,0,02,21,2,1,2,0,0,0,1,0,0
"POINT (7.599946897000052 51.996793269000079)",Unfall 170589 (2024) Kat:3, Licht: 2,170589,3,4,6,02,18,1,0,2,0,1,1,0,0,0
"POINT (7.645061659000021 51.938702223000064)",Unfall 170768 (2024) Kat:3, Licht: 2,170768,3,3,5,01,18,4,0,2,0,1,0,0,0,1
"POINT (7.635648043000060 51.914440742000068)",Unfall 170820 (2024) Kat:3, Licht: 2,170820,3,6,0,01,07,3,0,2,0,1,0,0,0,1
"POINT (7.629055516000051 51.959766692000073)",Unfall 170902 (2024) Kat:3, Licht: 2,170902,3,1,0,01,02,1,0,2,1,0,0,0,0,0
"POINT (7.640925450000054 51.905208216000062)",Unfall 170940 (2024) Kat:3, Licht: 0,170940,3,2,5,01,12,7,0,0,1,1,0,0,0,0
"POINT (7.656676800000071 51.992828670000051)",Unfall 170941 (2024) Kat:2, Licht: 0,170941,2,2,1,01,09,7,0,0,0,1,1,0,0,0
"POINT (7.567432886000063 51.961289578000049)",Unfall 171055 (2024) Kat:3, Licht: 2,171055,3,2,5,01,19,5,0,2,1,1,0,0,0,0
"POINT (7.609664667000061 51.952655861000039)",Unfall 171056 (2024) Kat:3, Licht: 0,171056,3,4,0,01,13,5,0,0,1,0,1,0,0,0
"POINT (7.730616934000068 51.917396811000060)",Unfall 171058 (2024) Kat:1, Licht: 0,171058,1,6,3,01,12,5,0,0,1,0,0,0,0,1
"POINT (7.662419280000051 51.962861814000064)",Unfall 171163 (2024) Kat:3, Licht: 0,171163,3,6,3,01,11,3,0,0,1,0,0,0,0,1
"POINT (7.659788264000042 51.967558036000071)",Unfall 171164 (2024) Kat:3, Licht: 2,171164,3,2,5,01,20,3,1,2,1,1,0,0,0,0
"POINT (7.666592473000037 51.926924403000044)",Unfall 171165 (2024) Kat:3, Licht: 0,171165,3,7,6,01,16,3,0,0,0,1,1,0,0,0
"POINT (7.648398882000038 51.928645254000060)",Unfall 171166 (2024) Kat:3, Licht: 2,171166,3,7,2,01,07,3,0,2,0,1,0,0,0,1
"POINT (7.649353040000051 51.904670006000060)",Unfall 171218 (2024) Kat:3, Licht: 0,171218,3,4,6,01,13,3,0,0,0,1,1,0,0,0
"POINT (7.619550838000066 51.942902504000074)",Unfall 171308 (2024) Kat:3, Licht: 2,171308,3,5,1,01,18,1,0,2,0,1,0,0,0,1
"POINT (7.562456591000057 51.995941055000060)",Unfall 171353 (2024) Kat:3, Licht: 0,171353,3,3,4,03,17,1,0,0,1,1,0,0,0,0
"POINT (7.627926352000031 51.932143439000072)",Unfall 171354 (2024) Kat:3, Licht: 2,171354,3,7,0,03,01,1,0,2,1,1,0,0,0,0
"POINT (7.622044644000027 51.956480895000027)",Unfall 171397 (2024) Kat:3, Licht: 0,171397,3,1,6,03,15,7,0,0,1,0,1,0,0,0
"POINT (7.584761506000063 51.965470540000069)",Unfall 171438 (2024) Kat:3, Licht: 2,171438,3,6,0,03,20,6,0,2,1,0,0,0,0,0
"POINT (7.648525867000046 51.952536261000034)",Unfall 171582 (2024) Kat:3, Licht: 0,171582,3,3,5,02,15,3,0,0,1,1,0,0,0,0
"POINT (7.618789627000069 51.956200560000070)",Unfall 171583 (2024) Kat:3, Licht: 0,171583,3,6,0,02,14,3,0,0,1,0,0,0,0,0
"POINT (7.629914056000075 51.958217236000053)",Unfall 171584 (2024) Kat:3, Licht: 0,171584,3,4,6,02,08,3,0,0,0,1,1,0,0,0
"POINT (7.620736185000055 51.957787030000077)",Unfall 171639 (2024) Kat:3, Licht: 2,171639,3,3,5,02,19,2,1,2,1,1,0,0,0,0
"POINT (7.662936855000055 51.936392442000056)",Unfall 171640 (2024) Kat:2, Licht: 2,171640,2,3,5,02,18,2,1,2,1,1,0,0,0,0
"POINT (7.640505477000033 51.905476418000035)",Unfall 171641 (2024) Kat:3, Licht: 0,171641,3,2,5,02,07,2,0,0,1,0,0,0,1,0
"POINT (7.653926085000023 51.967886487000044)",Unfall 171702 (2024) Kat:3, Licht: 0,171702,3,3,5,02,17,7,0,0,0,1,0,0,0,1
"POINT (7.614557164000075 52.036287947000062)",Unfall 171783 (2024) Kat:3, Licht: 0,171783,3,3,5,02,07,5,1,0,0,1,0,0,0,0
"POINT (7.729079979000062 51.914441567000040)",Unfall 171852 (2024) Kat:3, Licht: 0,171852,3,3,5,02,15,4,0,0,0,1,0,0,0,0
"POINT (7.624324949000027 51.934000846000060)",Unfall 171853 (2024) Kat:3, Licht: 0,171853,3,3,5,02,11,4,0,0,0,1,0,0,0,0
"POINT (7.634595391000062 51.957954231000031)",Unfall 171940 (2024) Kat:3, Licht: 0,171940,3,6,6,02,10,2,1,0,0,0,1,0,0,1
"POINT (7.658531490000030 51.966370971000060)",Unfall 171992 (2024) Kat:2, Licht: 0,171992,2,7,6,02,14,1,1,0,0,1,1,0,0,0
"POINT (7.563229860000035 51.970536011000036)",Unfall 172012 (2024) Kat:3, Licht: 0,172012,3,2,5,02,09,7,0,0,1,1,0,0,0,0
"POINT (7.630924487000073 51.932190274000050)",Unfall 172013 (2024) Kat:3, Licht: 0,172013,3,1,0,02,10,7,1,0,1,0,0,0,0,0
"POINT (7.630601119000062 51.960163952000073)",Unfall 172055 (2024) Kat:3, Licht: 0,172055,3,7,0,02,16,6,1,0,1,1,0,0,0,0
"POINT (7.569966743000066 51.959223007000048)",Unfall 172164 (2024) Kat:3, Licht: 0,172164,3,3,5,02,15,4,0,0,1,1,0,0,0,0
"POINT (7.632443387000023 51.955226682000045)",Unfall 172165 (2024) Kat:2, Licht: 2,172165,2,7,9,02,19,4,1,2,0,0,0,0,0,1
"POINT (7.654026609000027 51.962485820000040)",Unfall 172228 (2024) Kat:3, Licht: 2,172228,3,2,6,02,18,3,0,2,0,1,1,0,0,0
"POINT (7.604431591000036 51.927066710000076)",Unfall 172229 (2024) Kat:3, Licht: 1,172229,3,1,0,02,07,3,2,1,0,0,0,0,0,1
"POINT (7.650486422000029 51.924753984000063)",Unfall 172262 (2024) Kat:3, Licht: 0,172262,3,3,5,02,09,4,1,0,1,1,0,0,0,0
"POINT (7.625087724000025 51.949204777000034)",Unfall 172293 (2024) Kat:3, Licht: 0,172293,3,6,3,02,15,2,0,0,1,0,0,0,0,0
"POINT (7.629019549000077 51.973913462000041)",Unfall 172294 (2024) Kat:3, Licht: 0,172294,3,3,0,02,13,2,1,0,1,1,0,0,0,0
"POINT (7.616494622000062 51.955447941000045)",Unfall 172371 (2024) Kat:3, Licht: 0,172371,3,7,5,03,12,6,0,0,1,0,0,0,0,0
"POINT (7.629307687000050 51.972525720000078)",Unfall 172372 (2024) Kat:3, Licht: 0,172372,3,1,0,03,12,6,0,0,1,0,0,0,0,0
"POINT (7.608207655000058 51.973912251000058)",Unfall 172416 (2024) Kat:3, Licht: 0,172416,3,3,5,03,15,5,0,0,1,1,0,0,0,0
"POINT (7.578927307000072 51.967021231000047)",Unfall 172485 (2024) Kat:3, Licht: 0,172485,3,6,6,03,15,4,0,0,1,0,1,0,0,0
"POINT (7.649915707000048 51.953975650000075)",Unfall 172553 (2024) Kat:3, Licht: 0,172553,3,3,5,03,17,3,0,0,1,1,0,0,0,0
"POINT (7.581030592000047 51.966874644000029)",Unfall 172554 (2024) Kat:3, Licht: 0,172554,3,2,5,03,11,3,0,0,1,1,0,0,0,0
"POINT (7.655186880000031 51.970005872000058)",Unfall 172621 (2024) Kat:3, Licht: 0,172621,3,6,0,03,11,2,0,0,1,1,0,0,0,0
"POINT (7.633559317000049 51.960209111000040)",Unfall 172622 (2024) Kat:3, Licht: 0,172622,3,2,5,03,07,2,1,0,1,0,0,0,0,0
"POINT (7.623353792000046 51.966931106000061)",Unfall 172668 (2024) Kat:3, Licht: 0,172668,3,1,0,03,15,1,0,0,1,0,0,0,0,0
"POINT (7.573199203000058 51.929216181000072)",Unfall 172682 (2024) Kat:3, Licht: 0,172682,3,6,2,03,15,7,0,0,1,1,0,0,0,0
"POINT (7.623554810000030 51.974719809000078)",Unfall 172683 (2024) Kat:3, Licht: 0,172683,3,2,5,03,08,7,1,0,1,1,0,0,0,0
"POINT (7.593799671000056 51.961500931000046)",Unfall 172934 (2024) Kat:3, Licht: 0,172934,3,3,5,03,08,2,0,0,1,1,0,0,0,0
"POINT (7.620375293000052 51.960808652000026)",Unfall 173026 (2024) Kat:3, Licht: 0,173026,3,2,5,03,13,7,0,0,1,1,0,0,0,0
"POINT (7.532365482000046 51.942224653000039)",Unfall 173136 (2024) Kat:3, Licht: 0,173136,3,3,5,03,13,5,0,0,1,0,0,0,0,1
"POINT (7.596384943000032 51.958020341000065)",Unfall 173137 (2024) Kat:3, Licht: 0,173137,3,2,5,03,14,5,0,0,1,0,0,0,0,0
"POINT (7.634359843000027 51.956524661000060)",Unfall 173653 (2024) Kat:3, Licht: 0,173653,3,3,1,04,10,3,1,0,1,1,0,0,0,0
"POINT (7.626600326000073 51.957103105000044)",Unfall 173845 (2024) Kat:3, Licht: 0,173845,3,6,0,04,17,7,0,0,1,1,0,0,0,1
"POINT (7.633639462000076 51.965486447000046)",Unfall 173917 (2024) Kat:3, Licht: 0,173917,3,2,4,04,18,6,0,0,1,0,0,0,0,0
"POINT (7.627811070000064 51.961014073000058)",Unfall 173971 (2024) Kat:3, Licht: 0,173971,3,4,0,04,10,5,1,0,1,0,1,0,0,0
"POINT (7.620118642000023 51.955932018000055)",Unfall 173985 (2024) Kat:3, Licht: 0,173985,3,1,0,04,11,5,1,0,1,0,0,0,0,0
"POINT (7.632240771000056 51.957284036000033)",Unfall 174062 (2024) Kat:3, Licht: 0,174062,3,7,6,04,17,3,1,0,1,0,1,0,0,0
"POINT (7.577306579000037 51.927376459000072)",Unfall 174127 (2024) Kat:3, Licht: 2,174127,3,4,0,03,21,1,1,2,1,0,1,0,0,0
"POINT (7.572151418000033 51.972624323000048)",Unfall 174218 (2024) Kat:3, Licht: 0,174218,3,7,1,03,10,5,0,0,0,1,0,0,0,0
"POINT (7.635590021000041 51.979943626000079)",Unfall 174219 (2024) Kat:3, Licht: 0,174219,3,3,0,03,16,5,1,0,1,1,0,0,0,0
"POINT (7.607807282000067 51.987254902000075)",Unfall 174300 (2024) Kat:3, Licht: 0,174300,3,2,5,03,12,3,1,0,1,0,0,0,0,1
"POINT (7.607807282000067 51.987254902000075)",Unfall 174301 (2024) Kat:3, Licht: 0,174301,3,2,5,03,12,3,1,0,1,0,0,0,0,1
"POINT (7.578526878000048 51.968460801000049)",Unfall 174302 (2024) Kat:3, Licht: 0,174302,3,3,5,03,12,3,0,0,1,1,0,0,0,0
"POINT (7.702949166000053 51.981361820000075)",Unfall 174363 (2024) Kat:3, Licht: 1,174363,3,3,5,03,05,2,0,1,1,1,0,0,0,0
"POINT (7.585223300000052 51.948952373000054)",Unfall 174415 (2024) Kat:3, Licht: 0,174415,3,1,0,03,13,1,1,0,1,0,0,0,0,0
"POINT (7.620837178000045 51.951467895000064)",Unfall 174417 (2024) Kat:3, Licht: 1,174417,3,2,4,03,06,1,1,1,1,1,0,0,0,0
"POINT (7.670232901000077 51.951048360000073)",Unfall 174448 (2024) Kat:3, Licht: 0,174448,3,1,0,05,15,4,0,0,1,0,0,0,0,0
"POINT (7.610550704000048 51.956751607000058)",Unfall 174449 (2024) Kat:3, Licht: 0,174449,3,6,3,05,15,4,0,0,1,1,0,0,0,0
"POINT (7.638198899000031 51.954681878000031)",Unfall 174517 (2024) Kat:3, Licht: 2,174517,3,2,4,04,21,3,0,2,1,0,0,0,0,1
"POINT (7.612523730000021 51.957588587000032)",Unfall 174518 (2024) Kat:2, Licht: 0,174518,2,1,0,04,14,3,0,0,1,1,0,0,0,0
"POINT (7.622624740000049 51.956598213000063)",Unfall 174519 (2024) Kat:3, Licht: 0,174519,3,6,4,04,16,3,0,0,1,0,0,0,0,0
"POINT (7.622615473000053 51.921356610000032)",Unfall 174520 (2024) Kat:3, Licht: 0,174520,3,1,0,04,12,3,0,0,1,0,0,0,0,0
"POINT (7.588738127000056 51.976233461000049)",Unfall 174601 (2024) Kat:3, Licht: 0,174601,3,3,5,04,08,2,0,0,1,1,0,0,0,0
"POINT (7.570254976000058 51.959406540000032)",Unfall 174756 (2024) Kat:3, Licht: 2,174756,3,1,8,04,03,6,0,2,0,1,0,0,0,0
"POINT (7.629674640000076 51.958453582000061)",Unfall 174807 (2024) Kat:3, Licht: 0,174807,3,7,2,04,18,5,0,0,1,1,0,0,0,0
"POINT (7.526698518000046 51.921041551000030)",Unfall 174808 (2024) Kat:3, Licht: 0,174808,3,7,5,04,11,5,1,0,0,1,0,1,0,0
"POINT (7.640505477000033 51.905476418000035)",Unfall 174809 (2024) Kat:3, Licht: 0,174809,3,3,5,04,07,5,0,0,0,1,0,0,0,0
"POINT (7.632213743000023 51.954955324000082)",Unfall 174810 (2024) Kat:2, Licht: 0,174810,2,6,6,04,08,5,0,0,1,0,1,0,0,0
"POINT (7.566810929000042 51.964784542000075)",Unfall 174888 (2024) Kat:3, Licht: 0,174888,3,2,5,04,17,4,1,0,1,1,0,0,0,0
"POINT (7.627888794000057 51.907503446000078)",Unfall 174951 (2024) Kat:3, Licht: 0,174951,3,4,6,04,08,3,0,0,0,1,1,0,0,0
"POINT (7.634806632000050 51.958696461000045)",Unfall 175010 (2024) Kat:3, Licht: 0,175010,3,6,3,04,07,2,0,0,1,0,0,0,0,1
"POINT (7.613883573000066 51.943460261000041)",Unfall 175057 (2024) Kat:3, Licht: 2,175057,3,7,0,04,05,1,0,2,0,0,0,0,0,1
"POINT (7.622483873000022 51.971863469000027)",Unfall 175080 (2024) Kat:3, Licht: 0,175080,3,6,4,04,09,7,0,0,1,1,0,0,0,0
"POINT (7.563558861000047 51.966918738000061)",Unfall 175107 (2024) Kat:3, Licht: 0,175107,3,7,1,04,18,4,0,0,0,1,0,0,0,0
"POINT (7.622716572000058 51.968315972000028)",Unfall 175241 (2024) Kat:3, Licht: 0,175241,3,3,3,04,11,4,1,0,1,1,0,0,0,0
"POINT (7.583493462000035 51.962833789000058)",Unfall 175362 (2024) Kat:3, Licht: 0,175362,3,2,1,04,12,2,0,0,1,1,0,0,0,0
"POINT (7.623183837000056 51.967580103000046)",Unfall 175364 (2024) Kat:3, Licht: 0,175364,3,5,0,04,17,2,1,0,1,1,1,0,0,0
"POINT (7.667728860000068 51.929679849000081)",Unfall 175503 (2024) Kat:3, Licht: 0,175503,3,4,6,05,17,4,0,0,0,0,1,1,0,0
"POINT (7.626553668000042 51.956540440000026)",Unfall 175600 (2024) Kat:3, Licht: 0,175600,3,1,3,05,08,3,0,0,1,0,0,0,0,1
"POINT (7.626330276000033 51.945601049000061)",Unfall 175601 (2024) Kat:3, Licht: 0,175601,3,7,0,05,17,3,0,0,1,0,0,0,0,0
"POINT (7.612004989000070 51.930949254000041)",Unfall 175602 (2024) Kat:2, Licht: 0,175602,2,1,7,05,17,3,0,0,1,0,0,0,0,0
"POINT (7.654177342000025 51.961313214000029)",Unfall 175688 (2024) Kat:3, Licht: 0,175688,3,3,5,05,15,2,0,0,1,0,0,0,0,1
"POINT (7.640871629000060 51.905188534000047)",Unfall 175816 (2024) Kat:3, Licht: 0,175816,3,3,5,05,10,7,0,0,1,1,0,0,0,0
"POINT (7.626253663000057 51.953597888000047)",Unfall 175916 (2024) Kat:3, Licht: 0,175916,3,7,0,05,11,5,0,0,1,0,0,0,0,0
"POINT (7.626440288000026 51.974487748000058)",Unfall 175982 (2024) Kat:2, Licht: 0,175982,2,6,3,05,07,4,0,0,1,0,0,0,0,0
"POINT (7.623353792000046 51.966931106000061)",Unfall 175983 (2024) Kat:3, Licht: 0,175983,3,3,0,05,18,4,1,0,1,1,0,0,0,0
"POINT (7.651251341000034 52.011433605000036)",Unfall 175984 (2024) Kat:3, Licht: 0,175984,3,3,5,05,13,4,0,0,0,1,0,0,0,0
"POINT (7.622682390000023 51.976142535000065)",Unfall 176062 (2024) Kat:3, Licht: 0,176062,3,2,5,05,17,3,0,0,1,0,0,0,0,0
"POINT (7.623571050000066 51.960822497000038)",Unfall 176063 (2024) Kat:3, Licht: 0,176063,3,1,6,05,15,3,0,0,1,1,1,0,0,0
"POINT (7.640871629000060 51.905188534000047)",Unfall 176064 (2024) Kat:3, Licht: 0,176064,3,2,6,05,15,3,0,0,0,1,1,0,0,0
"POINT (7.610960122000051 51.971887617000050)",Unfall 176141 (2024) Kat:3, Licht: 0,176141,3,5,5,05,12,2,0,0,1,1,0,0,0,0
"POINT (7.614665731000059 51.980715476000057)",Unfall 176209 (2024) Kat:3, Licht: 0,176209,3,5,1,05,18,1,0,0,1,1,0,0,0,0
"POINT (7.658478460000026 51.906034838000039)",Unfall 176210 (2024) Kat:3, Licht: 0,176210,3,3,5,05,13,1,0,0,1,1,0,0,0,0
"POINT (7.647180880000064 51.949598044000027)",Unfall 176211 (2024) Kat:3, Licht: 0,176211,3,7,0,05,11,1,1,0,1,0,0,0,0,0
"POINT (7.636378429000047 51.936299189000067)",Unfall 176306 (2024) Kat:2, Licht: 0,176306,2,1,3,05,17,6,0,0,1,1,0,0,0,0
"POINT (7.626574327000071 51.939851648000058)",Unfall 176307 (2024) Kat:2, Licht: 0,176307,2,1,1,05,17,6,0,0,1,1,0,0,0,0
"POINT (7.643679445000032 51.952267613000060)",Unfall 176308 (2024) Kat:3, Licht: 0,176308,3,4,6,05,14,6,0,0,0,1,1,0,0,0
"POINT (7.597612814000058 51.958678091000081)",Unfall 176309 (2024) Kat:3, Licht: 0,176309,3,7,1,05,12,6,1,0,1,1,0,0,0,0
"POINT (7.623217644000022 51.953442726000048)",Unfall 176310 (2024) Kat:3, Licht: 0,176310,3,3,5,05,11,6,1,0,1,0,0,0,0,0
"POINT (7.643147606000070 51.997355934000041)",Unfall 176386 (2024) Kat:3, Licht: 0,176386,3,7,5,05,18,5,0,0,1,0,0,0,0,0
"POINT (7.631124115000034 51.969974913000044)",Unfall 176388 (2024) Kat:3, Licht: 0,176388,3,2,6,05,08,5,0,0,0,1,1,0,0,0
"POINT (7.552425935000031 51.990659119000043)",Unfall 176389 (2024) Kat:3, Licht: 0,176389,3,3,5,05,14,5,0,0,1,1,0,0,0,0
"POINT (7.559939287000077 51.926182199000039)",Unfall 176496 (2024) Kat:3, Licht: 0,176496,3,7,0,05,16,6,1,0,1,0,0,0,0,0
"POINT (7.570610932000022 51.931084628000065)",Unfall 176556 (2024) Kat:3, Licht: 0,176556,3,3,5,05,12,5,0,0,1,0,0,0,0,0
"POINT (7.632806838000022 51.928513753000061)",Unfall 176636 (2024) Kat:2, Licht: 0,176636,2,3,5,05,20,4,1,0,1,0,0,0,1,0
"POINT (7.655739745000062 51.965274459000057)",Unfall 176673 (2024) Kat:2, Licht: 0,176673,2,5,0,05,13,3,0,0,1,1,0,0,0,0
"POINT (7.591217126000060 52.000467124000068)",Unfall 176698 (2024) Kat:3, Licht: 0,176698,3,6,4,05,19,5,0,0,0,1,0,0,0,0
"POINT (7.625823896000043 51.962072773000045)",Unfall 176830 (2024) Kat:3, Licht: 2,176830,3,7,5,05,21,1,0,2,1,1,0,0,0,0
"POINT (7.610673110000050 51.938282134000076)",Unfall 176889 (2024) Kat:3, Licht: 0,176889,3,7,7,05,09,7,0,0,1,0,0,0,0,1
"POINT (7.632993308000039 51.965274468000075)",Unfall 176948 (2024) Kat:3, Licht: 0,176948,3,5,1,05,16,6,1,0,1,1,0,0,0,0
"POINT (7.601258998000048 51.970431137000048)",Unfall 176949 (2024) Kat:3, Licht: 0,176949,3,7,4,05,14,6,1,0,1,1,0,0,0,0
"POINT (7.597040031000063 51.971380553000074)",Unfall 177033 (2024) Kat:3, Licht: 0,177033,3,6,1,05,08,5,0,0,0,1,0,0,0,0
"POINT (7.621583546000068 51.912322114000062)",Unfall 177034 (2024) Kat:3, Licht: 0,177034,3,7,0,05,14,5,0,0,1,0,0,0,0,0
"POINT (7.629827652000074 51.958291589000055)",Unfall 177035 (2024) Kat:3, Licht: 0,177035,3,4,6,05,10,5,0,0,0,1,1,0,0,0
"POINT (7.644920922000040 51.983058606000043)",Unfall 177036 (2024) Kat:3, Licht: 0,177036,3,3,5,05,13,5,0,0,1,0,0,0,0,0