WKT,Name,OBJECTID,UKATEGORIE,UTYP1,UART,UMONAT,USTUNDE,UWOCHENTAG,STRZUSTAND,ULICHTVERH,ISTRAD,ISTPKW,ISTFUSS,ISTKRAD,ISTGKFZ,ISTSONSTIG
"POINT (7.629187852000030 51.970159316000036)",Unfall 177122 (2024) Kat:3, Licht: 0,177122,3,3,5,05,16,4,0,0,1,0,0,0,0,0
"POINT (7.615685313000029 51.985423053000034)",Unfall 177123 (2024) Kat:3, Licht: 0,177123,3,4,6,05,10,4,0,0,0,0,1,0,0,1
"POINT (7.630558198000074 51.957889198000032)",Unfall 177192 (2024) Kat:3, Licht: 0,177192,3,2,5,05,16,3,0,0,1,0,0,0,0,0
"POINT (7.616302864000033 51.982611187000032)",Unfall 177193 (2024) Kat:3, Licht: 0,177193,3,6,1,05,09,3,0,0,1,1,0,0,0,0
"POINT (7.664799889000051 51.962836832000050)",Unfall 177263 (2024) Kat:3, Licht: 2,177263,3,6,0,05,00,2,0,2,1,0,1,0,0,0
"POINT (7.649763503000031 51.990791313000045)",Unfall 177264 (2024) Kat:3, Licht: 0,177264,3,6,3,05,13,2,0,0,1,1,0,0,0,0
"POINT (7.624328122000065 51.934001373000058)",Unfall 177358 (2024) Kat:3, Licht: 0,177358,3,1,6,05,18,7,1,0,0,1,1,0,0,0
"POINT (7.632323812000038 51.955307021000067)",Unfall 177420 (2024) Kat:2, Licht: 0,177420,2,6,0,05,17,6,0,0,0,0,0,0,0,1
"POINT (7.623931017000075 51.956624048000037)",Unfall 177421 (2024) Kat:3, Licht: 0,177421,3,3,5,05,15,6,0,0,1,0,0,0,0,0
"POINT (7.656556737000074 51.972004424000033)",Unfall 177422 (2024) Kat:3, Licht: 0,177422,3,3,5,05,07,6,1,0,1,1,0,0,0,0
"POINT (7.610936517000027 51.976313154000081)",Unfall 177516 (2024) Kat:3, Licht: 2,177516,3,5,2,05,22,5,0,2,0,1,0,1,0,0
"POINT (7.682200682000030 51.914141184000073)",Unfall 177517 (2024) Kat:3, Licht: 2,177517,3,7,0,05,02,5,0,2,1,0,0,0,0,0
"POINT (7.643850635000035 51.905196466000064)",Unfall 177520 (2024) Kat:3, Licht: 0,177520,3,3,5,05,14,5,0,0,1,1,0,0,0,0
"POINT (7.638125120000041 51.954845318000082)",Unfall 177521 (2024) Kat:3, Licht: 0,177521,3,1,4,05,06,5,0,0,1,0,0,0,0,1
"POINT (7.619842771000037 51.957336354000063)",Unfall 177701 (2024) Kat:3, Licht: 0,177701,3,6,1,06,12,4,0,0,1,1,0,0,0,0
"POINT (7.634226081000065 51.935413675000063)",Unfall 177702 (2024) Kat:3, Licht: 0,177702,3,2,5,06,07,4,0,0,1,1,0,0,0,0
"POINT (7.634426438000048 51.957348760000059)",Unfall 177760 (2024) Kat:3, Licht: 0,177760,3,1,6,06,14,3,0,0,0,0,1,0,0,1
"POINT (7.630554521000022 51.933127724000030)",Unfall 177761 (2024) Kat:3, Licht: 0,177761,3,7,5,06,16,3,0,0,1,1,0,0,0,0
"POINT (7.616434896000044 51.944082033000029)",Unfall 177762 (2024) Kat:3, Licht: 0,177762,3,1,0,06,13,3,0,0,1,0,0,0,0,0
"POINT (7.629937503000065 51.967632555000080)",Unfall 177763 (2024) Kat:2, Licht: 0,177763,2,1,3,06,09,3,0,0,1,1,0,0,0,0
"POINT (7.621333292000031 51.956277294000074)",Unfall 177827 (2024) Kat:3, Licht: 1,177827,3,1,0,06,05,3,1,1,1,0,0,0,0,0
"POINT (7.610862311000062 51.971969277000028)",Unfall 177832 (2024) Kat:3, Licht: 0,177832,3,3,5,06,18,2,1,0,1,1,0,0,0,0
"POINT (7.614821388000053 51.961958679000077)",Unfall 177833 (2024) Kat:3, Licht: 0,177833,3,3,5,06,16,2,1,0,1,1,0,0,0,0
"POINT (7.628329834000056 51.968214021000051)",Unfall 177834 (2024) Kat:3, Licht: 0,177834,3,1,0,06,12,2,1,0,1,0,0,0,0,0
"POINT (7.644432727000037 51.992649188000030)",Unfall 177900 (2024) Kat:3, Licht: 0,177900,3,1,0,06,21,1,0,0,1,0,0,0,0,0
"POINT (7.654881438000075 51.963628074000042)",Unfall 177901 (2024) Kat:3, Licht: 0,177901,3,7,1,06,20,1,0,0,0,1,0,0,0,1
"POINT (7.659313821000069 51.934373144000062)",Unfall 177903 (2024) Kat:3, Licht: 2,177903,3,6,2,06,02,1,0,2,0,1,0,0,0,0
"POINT (7.615330936000021 51.952561603000049)",Unfall 177973 (2024) Kat:3, Licht: 2,177973,3,5,0,06,22,7,0,2,1,1,0,0,0,0
"POINT (7.612603138000054 51.931043887000044)",Unfall 177975 (2024) Kat:3, Licht: 2,177975,3,5,5,06,01,7,0,2,0,1,0,0,0,0
"POINT (7.593440647000023 51.963700579000033)",Unfall 178049 (2024) Kat:3, Licht: 0,178049,3,5,1,06,16,6,0,0,1,1,0,0,0,0
"POINT (7.622987793000050 51.938626119000048)",Unfall 178050 (2024) Kat:3, Licht: 0,178050,3,6,3,06,14,6,0,0,1,0,0,0,0,0
"POINT (7.664053330000058 51.972862724000038)",Unfall 178152 (2024) Kat:3, Licht: 0,178152,3,6,3,06,18,5,0,0,1,0,0,0,0,0
"POINT (7.664455649000047 51.969644435000077)",Unfall 178153 (2024) Kat:3, Licht: 0,178153,3,6,0,06,18,5,0,0,1,0,0,0,0,0
"POINT (7.630893800000024 51.962492691000080)",Unfall 178154 (2024) Kat:3, Licht: 0,178154,3,7,6,06,15,5,0,0,0,0,1,0,0,1
"POINT (7.633753607000074 51.963283366000041)",Unfall 178259 (2024) Kat:3, Licht: 0,178259,3,7,0,06,17,4,0,0,1,0,0,0,0,0
"POINT (7.662726429000031 51.936303353000028)",Unfall 178260 (2024) Kat:3, Licht: 0,178260,3,3,0,06,07,4,1,0,1,1,0,0,0,0
"POINT (7.591022463000058 51.993357686000081)",Unfall 178261 (2024) Kat:3, Licht: 0,178261,3,4,6,06,17,3,0,0,1,0,1,0,0,0
"POINT (7.653528248000043 51.971042279000073)",Unfall 178328 (2024) Kat:3, Licht: 0,178328,3,3,1,06,07,3,0,0,1,1,0,0,0,0
"POINT (7.670157135000068 51.926311086000055)",Unfall 178405 (2024) Kat:3, Licht: 0,178405,3,6,3,06,16,2,0,0,1,1,0,0,0,0
"POINT (7.633293678000030 51.954906781000034)",Unfall 178482 (2024) Kat:3, Licht: 0,178482,3,7,6,06,16,1,0,0,0,1,1,0,0,0
"POINT (7.598057130000029 51.954173568000044)",Unfall 178483 (2024) Kat:2, Licht: 2,178483,2,3,5,06,02,1,0,2,1,1,0,0,0,0
"POINT (7.627952808000032 51.937607665000030)",Unfall 178484 (2024) Kat:3, Licht: 2,178484,3,1,8,06,00,1,0,2,0,1,0,0,0,1
"POINT (7.615767101000074 51.931875404000039)",Unfall 178527 (2024) Kat:3, Licht: 2,178527,3,5,8,06,03,7,0,2,0,1,0,0,0,0
"POINT (7.633329867000043 51.971657391000065)",Unfall 178551 (2024) Kat:3, Licht: 0,178551,3,1,0,06,10,6,0,0,0,0,0,0,0,1
"POINT (7.603811345000054 51.919173469000043)",Unfall 178552 (2024) Kat:3, Licht: 0,178552,3,6,2,06,08,6,0,0,0,1,0,0,0,0
"POINT (7.630558198000074 51.957889198000032)",Unfall 178553 (2024) Kat:3, Licht: 0,178553,3,6,4,06,15,6,0,0,1,0,0,0,0,0
"POINT (7.611474085000054 51.933530774000076)",Unfall 178654 (2024) Kat:3, Licht: 0,178654,3,2,5,06,10,5,0,0,1,0,0,0,0,0
"POINT (7.622768437000047 51.972264974000041)",Unfall 178730 (2024) Kat:3, Licht: 0,178730,3,3,5,06,13,4,0,0,1,0,0,0,0,0
"POINT (7.617409872000053 51.970019224000055)",Unfall 178818 (2024) Kat:3, Licht: 0,178818,3,2,6,06,12,3,0,0,0,1,1,0,0,0
"POINT (7.634803962000035 51.958687181000073)",Unfall 178914 (2024) Kat:3, Licht: 0,178914,3,1,0,06,17,2,0,0,0,1,0,0,0,1
"POINT (7.616591301000028 51.961929737000048)",Unfall 178915 (2024) Kat:3, Licht: 0,178915,3,2,5,06,13,2,0,0,1,1,0,0,0,0
"POINT (7.576053417000026 51.973160277000034)",Unfall 178916 (2024) Kat:3, Licht: 0,178916,3,7,5,06,08,2,0,0,1,0,0,0,0,0
"POINT (7.638978651000059 51.940191191000054)",Unfall 178992 (2024) Kat:3, Licht: 0,178992,3,1,9,06,15,1,0,0,0,0,0,0,0,1
"POINT (7.624030321000021 51.956608890000041)",Unfall 178993 (2024) Kat:3, Licht: 0,178993,3,7,0,06,14,1,0,0,1,1,0,0,0,0
"POINT (7.635872116000030 51.955968690000077)",Unfall 179051 (2024) Kat:3, Licht: 2,179051,3,1,0,06,22,7,0,2,1,0,0,0,0,0
"POINT (7.553662476000056 51.997751234000077)",Unfall 179052 (2024) Kat:3, Licht: 0,179052,3,3,5,06,19,7,0,0,1,0,0,0,0,0
"POINT (7.634902327000020 51.958987183000033)",Unfall 179110 (2024) Kat:3, Licht: 0,179110,3,6,3,06,15,6,1,0,1,0,0,0,0,1
"POINT (7.629975909000052 51.967760274000057)",Unfall 179112 (2024) Kat:2, Licht: 0,179112,2,1,0,06,10,6,1,0,1,0,0,0,0,0
"POINT (7.627676354000073 51.970164426000053)",Unfall 179113 (2024) Kat:3, Licht: 0,179113,3,7,0,06,09,6,1,0,1,1,0,0,0,0
"POINT (7.628526353000041 51.951841514000080)",Unfall 179114 (2024) Kat:3, Licht: 0,179114,3,6,4,06,07,6,1,0,1,0,0,0,0,0
"POINT (7.633421958000042 51.964240426000060)",Unfall 179160 (2024) Kat:3, Licht: 0,179160,3,3,5,06,14,6,0,0,1,1,0,0,0,0
"POINT (7.618769738000026 51.949749327000063)",Unfall 179190 (2024) Kat:3, Licht: 0,179190,3,1,0,06,15,5,0,0,1,0,0,0,0,0
"POINT (7.642488568000033 51.937113114000056)",Unfall 179191 (2024) Kat:3, Licht: 0,179191,3,3,5,06,15,5,0,0,1,1,0,0,0,0
"POINT (7.644456787000024 51.905257246000076)",Unfall 179282 (2024) Kat:3, Licht: 0,179282,3,7,1,06,10,4,0,0,1,1,0,0,0,0
"POINT (7.622063475000061 51.968704314000036)",Unfall 179372 (2024) Kat:3, Licht: 1,179372,3,1,0,06,21,3,0,1,0,0,0,0,0,1
"POINT (7.587730476000047 51.965471430000036)",Unfall 179438 (2024) Kat:2, Licht: 0,179438,2,2,0,06,08,5,0,0,1,1,0,0,0,0
"POINT (7.623085214000071 51.967766035000068)",Unfall 179444 (2024) Kat:3, Licht: 0,179444,3,7,0,06,07,2,0,0,0,0,0,0,0,1
"POINT (7.621337710000034 51.949646947000076)",Unfall 179523 (2024) Kat:3, Licht: 0,179523,3,2,5,06,11,1,0,0,0,1,0,0,0,0
"POINT (7.652233948000060 51.992938721000030)",Unfall 179686 (2024) Kat:3, Licht: 0,179686,3,6,4,07,17,6,1,0,1,0,0,0,0,0
"POINT (7.652631641000028 51.955385658000068)",Unfall 179736 (2024) Kat:3, Licht: 0,179736,3,2,5,07,18,5,0,0,1,0,0,0,0,1
"POINT (7.570784591000063 51.960343067000053)",Unfall 179737 (2024) Kat:3, Licht: 0,179737,3,7,0,07,17,5,0,0,1,1,0,0,0,0
"POINT (7.613656240000068 51.917165745000034)",Unfall 179738 (2024) Kat:2, Licht: 0,179738,2,3,0,07,08,5,1,0,1,1,0,0,0,0
"POINT (7.624169975000029 51.952430233000030)",Unfall 179803 (2024) Kat:3, Licht: 0,179803,3,3,5,07,14,4,0,0,0,1,0,1,0,0
"POINT (7.611532922000038 51.953045133000046)",Unfall 179804 (2024) Kat:3, Licht: 0,179804,3,7,5,07,12,4,0,0,1,1,0,0,0,0
"POINT (7.596005745000070 51.972269445000052)",Unfall 179865 (2024) Kat:3, Licht: 1,179865,3,6,3,07,22,3,0,1,1,0,0,0,0,0
"POINT (7.632631818000050 52.002278705000037)",Unfall 179866 (2024) Kat:3, Licht: 0,179866,3,1,8,07,17,3,0,0,0,1,0,0,0,1
"POINT (7.606365173000029 51.941798573000028)",Unfall 179925 (2024) Kat:3, Licht: 1,179925,3,3,5,07,21,2,0,1,1,0,0,0,0,1
"POINT (7.637685194000028 51.926149110000040)",Unfall 180021 (2024) Kat:2, Licht: 2,180021,2,1,0,07,23,7,0,2,1,0,0,0,0,0
"POINT (7.615850496000064 51.983818908000046)",Unfall 180068 (2024) Kat:3, Licht: 0,180068,3,3,5,07,15,5,0,0,1,1,0,0,0,0
"POINT (7.585296640000024 51.929395614000043)",Unfall 180078 (2024) Kat:2, Licht: 0,180078,2,3,5,07,07,6,0,0,1,1,0,0,0,0
"POINT (7.647986027000059 51.931714805000070)",Unfall 180079 (2024) Kat:3, Licht: 0,180079,3,3,5,07,16,6,0,0,0,1,0,0,0,1
"POINT (7.648758010000051 51.956361895000043)",Unfall 180081 (2024) Kat:3, Licht: 0,180081,3,7,6,07,11,6,0,0,0,1,1,0,0,0
"POINT (7.639850725000031 51.952278711000076)",Unfall 180157 (2024) Kat:3, Licht: 0,180157,3,2,5,07,16,5,0,0,0,1,0,0,0,0
"POINT (7.639218990000074 51.957872177000070)",Unfall 180158 (2024) Kat:2, Licht: 0,180158,2,3,5,07,17,5,0,0,1,0,0,0,0,0
"POINT (7.635648043000060 51.914440742000068)",Unfall 180159 (2024) Kat:3, Licht: 0,180159,3,2,5,07,16,5,0,0,1,1,0,0,0,0
"POINT (7.565109711000048 51.961102321000055)",Unfall 180160 (2024) Kat:3, Licht: 0,180160,3,4,0,07,15,5,0,0,1,0,1,0,0,0
"POINT (7.666544548000047 51.959946631000037)",Unfall 180161 (2024) Kat:3, Licht: 0,180161,3,1,1,07,08,5,1,0,1,0,0,0,0,1
"POINT (7.633639462000076 51.965486447000046)",Unfall 180239 (2024) Kat:3, Licht: 0,180239,3,2,0,07,17,4,0,0,1,0,0,0,0,0
"POINT (7.635506472000031 51.966041587000063)",Unfall 180240 (2024) Kat:3, Licht: 0,180240,3,5,0,07,13,4,0,0,1,1,0,0,0,0
"POINT (7.636034801000051 51.985096961000067)",Unfall 180306 (2024) Kat:3, Licht: 0,180306,3,6,0,07,09,3,1,0,1,0,0,0,0,1
"POINT (7.653533134000043 51.932500507000043)",Unfall 180307 (2024) Kat:3, Licht: 0,180307,3,1,5,07,08,3,1,0,1,1,0,0,0,0
"POINT (7.594787152000038 51.954819506000035)",Unfall 180308 (2024) Kat:3, Licht: 0,180308,3,3,5,07,08,3,1,0,1,1,0,0,0,0
"POINT (7.633580769000048 51.960193257000071)",Unfall 180401 (2024) Kat:3, Licht: 0,180401,3,1,0,07,15,2,1,0,1,0,0,0,0,0
"POINT (7.652650344000051 51.955764591000047)",Unfall 180402 (2024) Kat:3, Licht: 0,180402,3,5,1,07,13,2,0,0,1,1,0,0,0,0
"POINT (7.623670661000062 52.009360673000060)",Unfall 180403 (2024) Kat:2, Licht: 0,180403,2,1,9,07,10,2,0,0,0,1,0,0,0,0
"POINT (7.643699406000053 51.942554664000056)",Unfall 180540 (2024) Kat:3, Licht: 0,180540,3,7,5,06,20,7,0,0,1,1,0,0,0,0
"POINT (7.631612638000036 51.966759355000079)",Unfall 180542 (2024) Kat:3, Licht: 0,180542,3,1,0,06,16,7,0,0,1,0,0,0,0,0
"POINT (7.700410009000052 51.988775540000063)",Unfall 180543 (2024) Kat:2, Licht: 0,180543,2,7,5,06,14,7,0,0,1,1,0,0,0,0
"POINT (7.630018921000044 51.967902457000037)",Unfall 180545 (2024) Kat:2, Licht: 0,180545,2,6,4,06,10,7,0,0,1,0,0,0,0,0
"POINT (7.577102177000029 51.961833130000059)",Unfall 180587 (2024) Kat:3, Licht: 0,180587,3,1,0,07,13,2,0,0,0,0,0,0,0,1
"POINT (7.604431968000029 51.963164264000056)",Unfall 180614 (2024) Kat:3, Licht: 0,180614,3,2,3,07,12,2,0,0,1,1,0,0,0,0
"POINT (7.677080275000037 51.921916000000067)",Unfall 180658 (2024) Kat:3, Licht: 0,180658,3,7,1,07,14,4,0,0,0,1,1,0,0,1
"POINT (7.609999241000025 51.878983814000037)",Unfall 180659 (2024) Kat:3, Licht: 0,180659,3,3,5,07,16,4,0,0,0,1,0,0,0,1
"POINT (7.597090567000066 51.958415023000043)",Unfall 180660 (2024) Kat:3, Licht: 0,180660,3,6,4,07,11,4,0,0,1,0,0,0,0,1
"POINT (7.623552164000046 51.953878463000081)",Unfall 180709 (2024) Kat:3, Licht: 0,180709,3,5,0,07,19,3,0,0,1,1,0,0,0,0
"POINT (7.548216341000057 52.001430408000033)",Unfall 180772 (2024) Kat:3, Licht: 0,180772,3,1,0,07,15,2,0,0,0,0,0,1,0,0
"POINT (7.645365599000058 51.972049266000056)",Unfall 180779 (2024) Kat:3, Licht: 0,180779,3,6,6,07,05,2,0,0,1,0,1,0,0,0
"POINT (7.700672595000071 51.963426726000080)",Unfall 180830 (2024) Kat:3, Licht: 0,180830,3,4,6,07,12,1,0,0,1,0,1,0,0,0
"POINT (7.613475168000036 51.980409467000072)",Unfall 180939 (2024) Kat:3, Licht: 0,180939,3,2,5,07,14,6,0,0,0,1,0,0,0,1
"POINT (7.642434756000057 51.961184588000037)",Unfall 180940 (2024) Kat:3, Licht: 0,180940,3,5,1,07,13,6,0,0,1,1,0,0,0,0
"POINT (7.632102517000021 51.900770005000027)",Unfall 180991 (2024) Kat:3, Licht: 0,180991,3,3,5,07,16,5,0,0,1,1,0,0,0,0
"POINT (7.618939375000025 51.944693272000052)",Unfall 180992 (2024) Kat:3, Licht: 0,180992,3,7,1,07,10,5,0,0,1,1,0,0,0,0
"POINT (7.598764859000028 51.997507419000044)",Unfall 181049 (2024) Kat:2, Licht: 0,181049,2,3,5,07,19,4,0,0,1,1,0,0,0,0
"POINT (7.621439751000025 51.958437736000064)",Unfall 181050 (2024) Kat:3, Licht: 0,181050,3,3,5,07,12,4,0,0,1,0,0,0,0,0
"POINT (7.654293417000076 51.947671058000026)",Unfall 181169 (2024) Kat:3, Licht: 2,181169,3,1,0,07,22,2,0,2,1,0,0,0,0,0
"POINT (7.644705669000075 51.907907273000035)",Unfall 181170 (2024) Kat:3, Licht: 0,181170,3,5,0,07,11,2,0,0,0,1,0,0,0,0
"POINT (7.624996361000058 51.970164271000044)",Unfall 181235 (2024) Kat:3, Licht: 0,181235,3,1,0,07,14,1,1,0,0,0,0,1,0,0
"POINT (7.663849788000050 51.902686384000049)",Unfall 181281 (2024) Kat:3, Licht: 0,181281,3,7,0,07,13,7,0,0,1,1,0,0,0,0
"POINT (7.647573031000036 51.968506524000077)",Unfall 181294 (2024) Kat:3, Licht: 2,181294,3,7,0,07,00,6,1,2,0,1,0,0,0,1
"POINT (7.661457308000024 51.911517323000055)",Unfall 181402 (2024) Kat:3, Licht: 0,181402,3,3,5,07,16,5,0,0,1,0,0,0,0,0
"POINT (7.628033715000072 51.937968277000039)",Unfall 181403 (2024) Kat:3, Licht: 0,181403,3,7,8,07,20,5,0,0,1,1,0,0,0,0
"POINT (7.620494175000033 51.957587232000037)",Unfall 181467 (2024) Kat:2, Licht: 0,181467,2,3,5,07,20,4,0,0,1,1,0,0,0,0
"POINT (7.624037827000052 51.962111439000068)",Unfall 181468 (2024) Kat:3, Licht: 0,181468,3,3,0,07,18,4,0,0,1,0,0,0,0,1
"POINT (7.628008458000068 51.960994085000038)",Unfall 181469 (2024) Kat:3, Licht: 0,181469,3,6,6,07,14,4,0,0,1,0,1,0,0,0
"POINT (7.607863198000075 51.993795082000076)",Unfall 181470 (2024) Kat:3, Licht: 0,181470,3,2,1,07,09,4,0,0,1,1,0,0,0,0
"POINT (7.674580199000047 51.961326692000057)",Unfall 181471 (2024) Kat:3, Licht: 0,181471,3,5,1,07,08,4,1,0,1,1,0,0,0,0
"POINT (7.612523142000043 51.957588362000081)",Unfall 181535 (2024) Kat:3, Licht: 0,181535,3,1,4,07,12,3,0,0,1,1,0,0,0,0
"POINT (7.632858241000065 51.919445335000034)",Unfall 181536 (2024) Kat:3, Licht: 0,181536,3,3,5,07,17,3,0,0,1,1,0,0,0,0
"POINT (7.659008453000069 51.958531258000050)",Unfall 181537 (2024) Kat:3, Licht: 0,181537,3,3,5,07,14,3,1,0,1,1,0,0,0,0
"POINT (7.620119767000062 51.963431537000076)",Unfall 181649 (2024) Kat:3, Licht: 2,181649,3,7,9,08,23,7,0,2,1,0,0,0,0,0
"POINT (7.609993135000025 51.938381590000063)",Unfall 181650 (2024) Kat:3, Licht: 0,181650,3,7,0,08,18,7,0,0,1,0,0,0,0,0
"POINT (7.636242191000065 51.913246821000030)",Unfall 181651 (2024) Kat:3, Licht: 0,181651,3,1,0,08,14,7,0,0,1,0,0,0,0,0
"POINT (7.662983354000062 51.980137352000042)",Unfall 181652 (2024) Kat:3, Licht: 0,181652,3,7,4,08,11,7,0,0,1,0,1,0,0,0
"POINT (7.670508487000063 51.925996162000047)",Unfall 181716 (2024) Kat:3, Licht: 0,181716,3,6,3,08,11,6,0,0,1,1,0,0,0,0
"POINT (7.617947080000022 51.971653937000042)",Unfall 181856 (2024) Kat:3, Licht: 0,181856,3,5,1,08,18,4,0,0,1,1,0,0,0,0
"POINT (7.636430180000048 51.960454437000067)",Unfall 181901 (2024) Kat:3, Licht: 0,181901,3,3,0,08,16,3,0,0,1,1,0,0,0,0
"POINT (7.522194158000048 51.923699274000057)",Unfall 181960 (2024) Kat:3, Licht: 0,181960,3,3,0,08,15,2,0,0,1,1,0,0,0,0
"POINT (7.625456396000061 51.910188292000043)",Unfall 181961 (2024) Kat:3, Licht: 0,181961,3,3,5,08,10,2,0,0,1,0,0,0,0,1
"POINT (7.612241097000037 51.980161109000051)",Unfall 181962 (2024) Kat:3, Licht: 0,181962,3,6,4,08,06,2,0,0,1,0,0,0,0,1
"POINT (7.607414384000037 51.942051101000061)",Unfall 181963 (2024) Kat:3, Licht: 0,181963,3,6,3,08,13,2,0,0,1,1,0,0,0,0
"POINT (7.633641917000034 51.908760512000072)",Unfall 182073 (2024) Kat:3, Licht: 2,182073,3,6,3,08,23,7,0,2,0,1,0,1,0,0
"POINT (7.622001390000037 51.958937448000029)",Unfall 182128 (2024) Kat:3, Licht: 0,182128,3,5,1,08,17,6,0,0,1,1,0,0,0,0
"POINT (7.637379488000022 51.951179913000033)",Unfall 182203 (2024) Kat:3, Licht: 0,182203,3,7,5,08,06,7,0,0,0,1,0,0,0,1
"POINT (7.638111826000056 51.955166581000071)",Unfall 182270 (2024) Kat:3, Licht: 0,182270,3,1,0,08,17,4,0,0,0,0,0,0,0,1
"POINT (7.619319611000037 51.961642966000056)",Unfall 182271 (2024) Kat:2, Licht: 0,182271,2,5,1,08,13,4,0,0,1,1,0,0,0,0
"POINT (7.579779150000036 51.967461884000045)",Unfall 182634 (2024) Kat:3, Licht: 0,182634,3,2,5,08,16,5,1,0,1,1,0,0,0,0
"POINT (7.684091009000042 51.914567305000048)",Unfall 182655 (2024) Kat:3, Licht: 0,182655,3,3,5,08,20,2,0,0,1,1,0,0,0,0
"POINT (7.671100673000069 51.943785292000030)",Unfall 182731 (2024) Kat:3, Licht: 0,182731,3,3,5,08,16,6,0,0,1,0,0,0,0,0
"POINT (7.620551207000062 51.957634324000026)",Unfall 182732 (2024) Kat:3, Licht: 0,182732,3,7,5,08,13,6,0,0,1,0,0,0,0,0
"POINT (7.596512261000044 51.936590591000027)",Unfall 182733 (2024) Kat:3, Licht: 0,182733,3,3,0,08,07,6,1,0,1,1,0,0,0,0
"POINT (7.610256157000038 51.972514451000052)",Unfall 182894 (2024) Kat:3, Licht: 0,182894,3,3,5,08,13,4,0,0,1,1,0,0,0,0
"POINT (7.621407920000024 51.958400737000034)",Unfall 182895 (2024) Kat:3, Licht: 0,182895,3,7,6,08,11,4,0,0,1,0,1,0,0,0
"POINT (7.635751550000066 51.937850628000035)",Unfall 182896 (2024) Kat:3, Licht: 0,182896,3,3,5,08,07,4,0,0,1,0,0,0,0,0
"POINT (7.674357890000067 51.949147343000050)",Unfall 182971 (2024) Kat:3, Licht: 0,182971,3,7,0,08,18,3,0,0,1,1,0,0,0,0
"POINT (7.648518020000040 51.952417270000069)",Unfall 182972 (2024) Kat:3, Licht: 0,182972,3,2,0,08,17,3,0,0,1,0,0,0,0,0
"POINT (7.622079777000067 51.947816199000044)",Unfall 182973 (2024) Kat:3, Licht: 0,182973,3,3,5,08,11,3,0,0,1,1,0,0,0,0
"POINT (7.621972611000047 51.968249352000043)",Unfall 182974 (2024) Kat:3, Licht: 0,182974,3,7,5,08,08,3,0,0,1,0,0,0,0,0
"POINT (7.604791633000048 51.942501372000038)",Unfall 183052 (2024) Kat:3, Licht: 0,183052,3,1,0,08,13,2,0,0,1,0,0,0,0,0
"POINT (7.641024843000025 51.963062523000076)",Unfall 183053 (2024) Kat:3, Licht: 0,183053,3,5,1,08,13,2,0,0,1,1,0,0,0,0
"POINT (7.609069765000072 51.984095274000026)",Unfall 183124 (2024) Kat:3, Licht: 2,183124,3,6,4,08,01,1,1,2,0,0,1,1,0,0
"POINT (7.627889656000036 51.961006115000032)",Unfall 183252 (2024) Kat:3, Licht: 0,183252,3,7,0,08,10,6,1,0,1,0,0,0,0,1
"POINT (7.619319611000037 51.961642966000056)",Unfall 183253 (2024) Kat:3, Licht: 0,183253,3,3,5,08,13,6,0,0,1,0,0,0,0,0
"POINT (7.630612434000057 51.932777690000080)",Unfall 183254 (2024) Kat:3, Licht: 1,183254,3,3,5,08,07,6,0,1,1,1,0,0,0,0
"POINT (7.648518020000040 51.952417270000069)",Unfall 183349 (2024) Kat:3, Licht: 0,183349,3,6,2,08,13,5,0,0,1,0,0,0,0,0
"POINT (7.636196762000054 51.913358630000062)",Unfall 183350 (2024) Kat:3, Licht: 0,183350,3,7,0,08,14,5,0,0,1,0,0,0,0,0
"POINT (7.639250541000024 51.966664224000056)",Unfall 183438 (2024) Kat:3, Licht: 0,183438,3,7,0,08,12,4,0,0,1,0,0,0,0,0
"POINT (7.619985692000057 51.952251484000044)",Unfall 183439 (2024) Kat:3, Licht: 0,183439,3,2,5,08,09,4,0,0,1,0,0,0,0,1
"POINT (7.633109589000071 51.918971866000049)",Unfall 183521 (2024) Kat:3, Licht: 0,183521,3,6,0,08,08,3,0,0,1,1,0,0,0,0
"POINT (7.671299237000028 51.950686420000068)",Unfall 183608 (2024) Kat:3, Licht: 0,183608,3,2,0,08,11,2,0,0,1,0,0,1,0,0
"POINT (7.631531684000038 51.962720238000031)",Unfall 183653 (2024) Kat:3, Licht: 0,183653,3,7,0,08,14,5,0,0,1,1,0,0,0,0
"POINT (7.538349968000034 51.951717645000031)",Unfall 183703 (2024) Kat:3, Licht: 0,183703,3,5,1,08,19,1,0,0,1,1,0,0,0,0
"POINT (7.669585462000043 51.927130565000027)",Unfall 183730 (2024) Kat:3, Licht: 0,183730,3,5,0,08,09,6,0,0,1,1,0,0,0,0
"POINT (7.599952612000038 51.996834271000068)",Unfall 183774 (2024) Kat:3, Licht: 0,183774,3,2,5,09,13,6,0,0,1,1,0,0,0,0
"POINT (7.670954129000052 51.961235161000047)",Unfall 183775 (2024) Kat:3, Licht: 0,183775,3,5,0,09,13,6,0,0,1,1,0,0,0,0
"POINT (7.622408840000048 51.946211993000077)",Unfall 184145 (2024) Kat:3, Licht: 0,184145,3,7,1,09,13,7,0,0,0,1,0,1,0,0