WKT,Name,OBJECTID,UKATEGORIE,UTYP1,UART,UMONAT,USTUNDE,UWOCHENTAG,STRZUSTAND,ULICHTVERH,ISTRAD,ISTPKW,ISTFUSS,ISTKRAD,ISTGKFZ,ISTSONSTIG
"POINT (7.644087134000074 51.995664855000030)",Unfall 184214 (2024) Kat:3, Licht: 0,184214,3,4,6,09,18,6,0,0,0,1,1,0,0,0
"POINT (7.613077007000072 51.983703659000071)",Unfall 184215 (2024) Kat:3, Licht: 0,184215,3,7,3,09,16,6,0,0,1,1,0,0,0,0
"POINT (7.636489394000023 51.962251092000031)",Unfall 184216 (2024) Kat:3, Licht: 0,184216,3,6,3,09,12,6,0,0,0,1,0,0,0,0
"POINT (7.622056504000057 51.947816279000051)",Unfall 184217 (2024) Kat:3, Licht: 0,184217,3,3,0,09,08,6,0,0,1,1,0,0,0,0
"POINT (7.629289381000035 51.950254300000040)",Unfall 184373 (2024) Kat:3, Licht: 0,184373,3,3,5,09,12,4,0,0,1,1,0,0,0,0
"POINT (7.633639462000076 51.965486447000046)",Unfall 184374 (2024) Kat:3, Licht: 2,184374,3,1,0,09,21,4,1,2,1,0,0,0,0,0
"POINT (7.623698927000021 51.910987796000029)",Unfall 184375 (2024) Kat:2, Licht: 2,184375,2,1,0,09,20,4,1,2,1,1,0,0,0,0
"POINT (7.628835708000054 51.959161184000038)",Unfall 184376 (2024) Kat:3, Licht: 0,184376,3,3,5,09,19,4,0,0,1,1,0,0,0,0
"POINT (7.561554635000050 51.959915889000058)",Unfall 184447 (2024) Kat:3, Licht: 0,184447,3,1,3,09,14,3,0,0,1,0,0,0,0,0
"POINT (7.611814449000065 51.930919735000032)",Unfall 184652 (2024) Kat:3, Licht: 0,184652,3,3,5,09,10,1,0,0,1,1,0,0,0,0
"POINT (7.635251642000071 51.939218729000061)",Unfall 184653 (2024) Kat:3, Licht: 0,184653,3,6,2,09,11,1,0,0,1,0,0,0,0,1
"POINT (7.635094782000067 51.960131154000067)",Unfall 184667 (2024) Kat:3, Licht: 0,184667,3,2,0,09,09,3,0,0,0,1,0,0,0,1
"POINT (7.616405507000024 51.961934190000079)",Unfall 184726 (2024) Kat:3, Licht: 0,184726,3,1,1,08,19,7,0,0,0,1,0,0,0,0
"POINT (7.633639462000076 51.965486447000046)",Unfall 184727 (2024) Kat:3, Licht: 2,184727,3,6,4,08,00,7,0,2,1,0,0,0,0,1
"POINT (7.633985789000064 51.949982518000070)",Unfall 184769 (2024) Kat:3, Licht: 2,184769,3,1,1,09,22,7,0,2,1,1,0,0,0,0
"POINT (7.600477091000073 51.928447194000057)",Unfall 184770 (2024) Kat:3, Licht: 2,184770,3,1,9,09,00,7,1,2,1,0,0,0,0,0
"POINT (7.633639462000076 51.965486447000046)",Unfall 184818 (2024) Kat:3, Licht: 0,184818,3,2,3,09,18,6,1,0,1,0,0,0,0,0
"POINT (7.633639462000076 51.965486447000046)",Unfall 184969 (2024) Kat:2, Licht: 2,184969,2,2,4,09,22,4,1,2,1,0,0,0,0,0
"POINT (7.636405602000025 51.955916967000064)",Unfall 184970 (2024) Kat:3, Licht: 0,184970,3,7,1,09,13,4,1,0,1,0,0,0,1,0
"POINT (7.646862684000041 51.946096225000076)",Unfall 185044 (2024) Kat:3, Licht: 0,185044,3,3,5,09,08,3,1,0,1,1,0,0,0,0
"POINT (7.573440042000072 51.924075272000039)",Unfall 185107 (2024) Kat:3, Licht: 0,185107,3,2,5,09,17,2,0,0,1,1,0,0,0,0
"POINT (7.609927109000068 52.000592825000069)",Unfall 185108 (2024) Kat:3, Licht: 0,185108,3,6,0,09,13,2,0,0,0,0,1,0,0,1
"POINT (7.646274357000038 51.928259423000043)",Unfall 185109 (2024) Kat:3, Licht: 0,185109,3,2,5,09,08,2,0,0,1,0,0,0,0,0
"POINT (7.616120283000043 51.936641847000033)",Unfall 185110 (2024) Kat:3, Licht: 0,185110,3,6,0,09,07,2,0,0,1,0,0,0,0,0
"POINT (7.641772553000067 51.963125660000060)",Unfall 185111 (2024) Kat:3, Licht: 0,185111,3,3,1,09,08,2,0,0,1,0,0,0,0,0
"POINT (7.670243918000040 51.928195429000027)",Unfall 185179 (2024) Kat:3, Licht: 0,185179,3,5,1,09,08,1,0,0,1,1,0,0,0,0
"POINT (7.633570847000044 51.960202017000029)",Unfall 185226 (2024) Kat:3, Licht: 1,185226,3,1,0,09,18,6,1,1,0,0,0,0,0,1
"POINT (7.643200066000077 51.927585129000079)",Unfall 185250 (2024) Kat:2, Licht: 0,185250,2,6,0,09,18,7,0,0,1,0,0,0,0,0
"POINT (7.541597256000045 51.954618936000031)",Unfall 185327 (2024) Kat:3, Licht: 0,185327,3,3,5,09,16,6,0,0,1,1,0,0,0,0
"POINT (7.543255733000024 51.993038038000066)",Unfall 185328 (2024) Kat:3, Licht: 0,185328,3,7,0,09,10,6,0,0,0,1,0,0,0,1
"POINT (7.613345319000075 51.993370831000050)",Unfall 185329 (2024) Kat:3, Licht: 0,185329,3,3,3,09,07,6,0,0,1,1,0,0,0,0
"POINT (7.632361876000061 51.968293896000034)",Unfall 185330 (2024) Kat:3, Licht: 2,185330,3,7,0,09,06,6,0,2,1,0,0,0,0,0
"POINT (7.633374711000044 51.960311615000080)",Unfall 185331 (2024) Kat:3, Licht: 0,185331,3,7,0,09,17,6,0,0,0,0,0,0,0,1
"POINT (7.633923141000025 51.949765263000074)",Unfall 185430 (2024) Kat:3, Licht: 0,185430,3,2,5,09,16,5,0,0,1,1,0,0,0,0
"POINT (7.614448362000076 51.953587848000041)",Unfall 185509 (2024) Kat:3, Licht: 2,185509,3,5,1,09,02,4,0,2,1,1,0,0,0,0
"POINT (7.630558198000074 51.957889198000032)",Unfall 185510 (2024) Kat:2, Licht: 0,185510,2,3,5,09,08,4,0,0,1,0,0,0,0,0
"POINT (7.592817661000026 51.969472728000028)",Unfall 185511 (2024) Kat:3, Licht: 2,185511,3,3,5,09,06,4,0,2,1,1,0,0,0,0
"POINT (7.642824402000031 51.955471651000039)",Unfall 185589 (2024) Kat:3, Licht: 0,185589,3,5,0,09,14,3,0,0,1,1,0,0,0,0
"POINT (7.625958978000028 51.971618511000031)",Unfall 185653 (2024) Kat:2, Licht: 0,185653,2,3,5,09,18,2,0,0,1,0,0,0,0,0
"POINT (7.633570847000044 51.960202017000029)",Unfall 185737 (2024) Kat:3, Licht: 0,185737,3,6,3,09,15,1,0,0,1,1,0,0,0,0
"POINT (7.607381720000035 51.974714598000048)",Unfall 185772 (2024) Kat:2, Licht: 2,185772,2,7,6,09,23,7,0,2,0,1,1,0,0,0
"POINT (7.601901762000068 51.973274173000050)",Unfall 185815 (2024) Kat:3, Licht: 2,185815,3,6,5,10,18,4,0,2,1,1,0,0,0,0
"POINT (7.671007050000071 51.947531617000038)",Unfall 185816 (2024) Kat:3, Licht: 0,185816,3,6,0,10,12,4,0,0,1,0,1,0,0,0
"POINT (7.646441213000060 51.965711101000068)",Unfall 185849 (2024) Kat:3, Licht: 0,185849,3,3,0,10,10,3,0,0,1,1,0,0,0,0
"POINT (7.574295954000036 51.929817010000079)",Unfall 185898 (2024) Kat:3, Licht: 0,185898,3,3,5,10,18,2,0,0,0,1,1,0,0,0
"POINT (7.702463217000059 51.987711049000040)",Unfall 185899 (2024) Kat:2, Licht: 0,185899,2,7,0,10,08,2,0,0,1,0,0,0,0,0
"POINT (7.636001065000073 51.913842421000027)",Unfall 185965 (2024) Kat:3, Licht: 0,185965,3,5,0,10,12,7,0,0,0,1,0,0,0,0
"POINT (7.660095724000030 51.892015694000065)",Unfall 186019 (2024) Kat:3, Licht: 0,186019,3,7,6,10,17,6,0,0,1,0,1,0,0,0
"POINT (7.620152148000045 51.937348802000031)",Unfall 186020 (2024) Kat:3, Licht: 0,186020,3,1,1,10,17,6,0,0,1,1,0,0,0,0
"POINT (7.651686996000024 51.968165584000076)",Unfall 186021 (2024) Kat:3, Licht: 0,186021,3,2,5,10,15,6,0,0,1,1,0,0,0,0
"POINT (7.633085131000030 51.960481243000061)",Unfall 186087 (2024) Kat:3, Licht: 0,186087,3,5,3,10,12,5,0,0,0,1,0,1,0,0
"POINT (7.629775991000031 51.966420530000050)",Unfall 186088 (2024) Kat:3, Licht: 0,186088,3,3,5,10,12,5,0,0,0,1,0,0,0,0
"POINT (7.638195521000057 51.951615904000050)",Unfall 186150 (2024) Kat:3, Licht: 0,186150,3,7,4,10,15,4,1,0,0,1,0,1,0,0
"POINT (7.531557687000031 51.945667092000065)",Unfall 186151 (2024) Kat:1, Licht: 0,186151,1,3,5,10,11,4,0,0,0,1,0,1,0,0
"POINT (7.621144197000035 51.984511969000039)",Unfall 186220 (2024) Kat:2, Licht: 0,186220,2,3,5,10,09,3,0,0,0,0,0,0,1,1
"POINT (7.548976807000031 51.949773479000044)",Unfall 186310 (2024) Kat:3, Licht: 0,186310,3,3,0,10,07,2,0,0,1,1,0,0,0,0
"POINT (7.602834982000047 51.968920670000045)",Unfall 186311 (2024) Kat:3, Licht: 0,186311,3,7,0,10,13,2,0,0,0,0,0,1,0,0
"POINT (7.578901613000028 51.930620483000041)",Unfall 186428 (2024) Kat:3, Licht: 0,186428,3,7,0,10,17,3,0,0,1,0,0,0,0,1
"POINT (7.625712086000021 51.962082930000065)",Unfall 186438 (2024) Kat:3, Licht: 1,186438,3,6,6,10,06,7,0,1,1,0,1,0,0,0
"POINT (7.608702699000048 51.883296060000077)",Unfall 186501 (2024) Kat:3, Licht: 1,186501,3,7,9,10,19,6,0,1,1,0,0,0,0,0
"POINT (7.623347281000065 51.963769648000039)",Unfall 186573 (2024) Kat:3, Licht: 0,186573,3,2,3,10,17,4,0,0,1,0,0,0,0,0
"POINT (7.644039168000063 51.899347789000046)",Unfall 186574 (2024) Kat:3, Licht: 0,186574,3,1,0,10,12,4,1,0,1,0,0,0,0,0
"POINT (7.634640276000027 51.958114537000029)",Unfall 186967 (2024) Kat:3, Licht: 0,186967,3,6,2,11,11,7,0,0,0,1,0,0,0,0
"POINT (7.560235766000062 51.967193224000027)",Unfall 186968 (2024) Kat:3, Licht: 0,186968,3,4,6,11,16,7,0,0,0,1,1,0,0,0
"POINT (7.620148129000029 51.957381090000069)",Unfall 186969 (2024) Kat:3, Licht: 2,186969,3,2,5,11,17,7,0,2,0,1,0,0,0,0
"POINT (7.666515969000045 52.022166747000028)",Unfall 187007 (2024) Kat:2, Licht: 2,187007,2,1,9,11,19,6,1,2,0,0,0,1,0,0
"POINT (7.630173935000073 51.968661906000079)",Unfall 187152 (2024) Kat:3, Licht: 0,187152,3,3,5,10,16,3,1,0,1,0,0,0,0,0
"POINT (7.636777159000076 51.927236192000066)",Unfall 187153 (2024) Kat:3, Licht: 0,187153,3,3,5,10,11,3,1,0,1,1,0,0,0,0
"POINT (7.595335861000024 51.961223307000068)",Unfall 187201 (2024) Kat:2, Licht: 0,187201,2,7,1,10,07,3,0,0,1,1,0,0,0,0
"POINT (7.635430506000034 51.971148292000066)",Unfall 187244 (2024) Kat:3, Licht: 0,187244,3,2,0,10,14,2,0,0,1,1,0,0,0,0
"POINT (7.728325658000074 51.917739352000069)",Unfall 187245 (2024) Kat:3, Licht: 2,187245,3,2,4,10,19,2,1,2,0,1,0,0,0,1
"POINT (7.611047048000046 51.938227441000038)",Unfall 187246 (2024) Kat:3, Licht: 0,187246,3,3,5,10,07,2,0,0,1,1,0,0,0,0
"POINT (7.595746264000070 52.000044542000069)",Unfall 187378 (2024) Kat:3, Licht: 2,187378,3,3,5,10,21,6,0,2,1,1,0,0,0,0
"POINT (7.634848051000063 51.905300317000069)",Unfall 187379 (2024) Kat:3, Licht: 0,187379,3,7,6,10,15,6,0,0,0,0,1,0,0,1
"POINT (7.538701534000040 51.947971361000043)",Unfall 187438 (2024) Kat:2, Licht: 0,187438,2,2,5,10,11,5,0,0,1,1,0,0,0,0
"POINT (7.593880223000042 51.961503120000032)",Unfall 187613 (2024) Kat:2, Licht: 0,187613,2,3,5,10,14,2,1,0,0,1,0,0,0,1
"POINT (7.609993135000025 51.938381590000063)",Unfall 187614 (2024) Kat:3, Licht: 0,187614,3,7,0,10,17,2,0,0,1,1,0,0,0,0
"POINT (7.647784753000053 51.907390272000043)",Unfall 187666 (2024) Kat:3, Licht: 1,187666,3,3,0,10,19,1,0,1,1,1,0,0,0,0
"POINT (7.655523150000022 51.967238059000067)",Unfall 187698 (2024) Kat:2, Licht: 0,187698,2,1,0,10,17,7,0,0,0,0,0,1,0,0
"POINT (7.716169808000075 51.937717524000050)",Unfall 187699 (2024) Kat:3, Licht: 0,187699,3,6,1,10,19,7,0,0,0,1,0,0,0,0
"POINT (7.641717197000048 51.904262116000041)",Unfall 187744 (2024) Kat:3, Licht: 2,187744,3,3,0,10,19,6,0,2,0,1,0,1,0,0
"POINT (7.621739096000056 51.970123199000057)",Unfall 187904 (2024) Kat:3, Licht: 0,187904,3,7,1,11,10,6,1,0,1,1,0,0,0,0
"POINT (7.638636704000021 51.964751459000070)",Unfall 187966 (2024) Kat:3, Licht: 2,187966,3,3,5,11,06,5,1,2,1,0,0,0,0,0
"POINT (7.657312546000071 51.958635478000076)",Unfall 188024 (2024) Kat:3, Licht: 0,188024,3,5,9,11,11,4,1,0,1,1,0,0,0,0
"POINT (7.610252335000041 51.997813009000026)",Unfall 188025 (2024) Kat:3, Licht: 0,188025,3,6,9,11,10,4,0,0,0,1,0,0,0,0
"POINT (7.628879546000064 51.951156750000052)",Unfall 188121 (2024) Kat:3, Licht: 2,188121,3,2,5,11,19,4,0,2,1,1,0,0,0,0
"POINT (7.652980938000042 51.952506348000043)",Unfall 188237 (2024) Kat:3, Licht: 2,188237,3,2,0,11,17,7,0,2,1,0,0,0,0,0
"POINT (7.619848782000076 51.952334097000062)",Unfall 188321 (2024) Kat:3, Licht: 2,188321,3,2,5,11,19,5,0,2,1,1,0,0,0,0
"POINT (7.622651180000048 51.959404213000028)",Unfall 188464 (2024) Kat:3, Licht: 2,188464,3,6,2,11,17,3,0,2,1,1,0,0,0,0
"POINT (7.631227559000024 51.970093994000081)",Unfall 188465 (2024) Kat:2, Licht: 2,188465,2,6,0,11,18,3,0,2,1,1,0,0,0,0
"POINT (7.562781617000041 51.965432496000062)",Unfall 188510 (2024) Kat:3, Licht: 0,188510,3,5,1,11,18,3,0,0,0,1,0,0,0,0
"POINT (7.659796020000044 51.967544491000069)",Unfall 188529 (2024) Kat:3, Licht: 2,188529,3,2,5,11,18,2,1,2,1,1,0,0,0,0
"POINT (7.643785122000054 51.902049307000027)",Unfall 188604 (2024) Kat:3, Licht: 2,188604,3,7,7,11,20,1,0,2,0,0,0,1,0,1
"POINT (7.623985322000067 51.968024237000066)",Unfall 188634 (2024) Kat:3, Licht: 0,188634,3,3,5,11,09,7,0,0,1,1,0,0,0,0
"POINT (7.639132568000036 51.957817006000028)",Unfall 188665 (2024) Kat:3, Licht: 2,188665,3,7,0,11,20,7,0,2,0,1,0,0,0,1
"POINT (7.653169594000076 51.959405868000033)",Unfall 188794 (2024) Kat:2, Licht: 0,188794,2,7,0,11,15,4,0,0,1,0,0,0,0,0
"POINT (7.574170000000038 51.975863899000046)",Unfall 188795 (2024) Kat:3, Licht: 0,188795,3,7,1,11,14,4,0,0,1,0,0,0,0,0
"POINT (7.657543158000067 51.958625924000046)",Unfall 188796 (2024) Kat:3, Licht: 1,188796,3,6,2,11,08,4,0,1,1,0,0,0,0,0
"POINT (7.616015687000072 51.967876079000064)",Unfall 188858 (2024) Kat:3, Licht: 2,188858,3,4,6,11,18,3,0,2,0,1,1,0,0,0
"POINT (7.662106651000045 51.994868604000033)",Unfall 188859 (2024) Kat:3, Licht: 2,188859,3,7,0,11,18,3,0,2,0,0,0,1,0,0
"POINT (7.682936097000038 51.956656079000027)",Unfall 188860 (2024) Kat:3, Licht: 0,188860,3,7,0,11,08,3,0,0,1,0,0,0,0,1
"POINT (7.652747582000075 51.957024792000027)",Unfall 189057 (2024) Kat:3, Licht: 0,189057,3,7,3,12,13,3,0,0,1,1,0,0,0,0
"POINT (7.601960104000057 51.939968752000027)",Unfall 189058 (2024) Kat:2, Licht: 0,189058,2,2,5,12,13,3,0,0,1,0,0,0,1,0
"POINT (7.613501266000071 51.973981915000081)",Unfall 189174 (2024) Kat:3, Licht: 2,189174,3,7,0,12,02,1,1,2,0,0,0,0,0,1
"POINT (7.643862361000060 51.905180758000029)",Unfall 189227 (2024) Kat:3, Licht: 0,189227,3,7,0,12,13,6,1,0,0,0,1,0,0,1
"POINT (7.623499104000075 51.960856600000056)",Unfall 189280 (2024) Kat:3, Licht: 0,189280,3,6,3,12,12,5,0,0,1,1,0,0,0,0
"POINT (7.613077007000072 51.983703659000071)",Unfall 189281 (2024) Kat:3, Licht: 2,189281,3,4,6,12,23,5,1,2,1,0,1,0,0,0
"POINT (7.632609347000027 51.950951888000077)",Unfall 189282 (2024) Kat:3, Licht: 0,189282,3,7,5,12,15,5,0,0,1,1,0,0,0,0
"POINT (7.609534910000036 51.961462293000068)",Unfall 189354 (2024) Kat:3, Licht: 0,189354,3,2,5,12,15,4,0,0,1,1,0,0,0,0
"POINT (7.626563061000070 51.956661940000060)",Unfall 189416 (2024) Kat:3, Licht: 0,189416,3,6,3,12,14,3,0,0,1,1,0,0,0,0
"POINT (7.643283947000043 51.983210959000075)",Unfall 189417 (2024) Kat:3, Licht: 0,189417,3,6,3,12,07,3,1,0,1,1,0,0,0,0
"POINT (7.636196762000054 51.913358630000062)",Unfall 189478 (2024) Kat:3, Licht: 0,189478,3,3,5,12,13,4,0,0,1,1,0,0,0,0
"POINT (7.573490316000061 51.931913461000079)",Unfall 189545 (2024) Kat:2, Licht: 2,189545,2,7,8,12,20,1,0,2,0,0,0,1,0,0
"POINT (7.621671854000056 51.983026843000061)",Unfall 189546 (2024) Kat:3, Licht: 2,189546,3,6,2,12,17,1,0,2,1,0,0,0,0,0
"POINT (7.581100456000058 51.966832683000064)",Unfall 189576 (2024) Kat:3, Licht: 1,189576,3,3,0,12,16,4,0,1,1,1,0,0,0,0
"POINT (7.632289886000024 51.971950890000073)",Unfall 189620 (2024) Kat:2, Licht: 2,189620,2,2,4,11,20,6,0,2,1,0,0,0,0,0
"POINT (7.621516726000038 51.921987122000075)",Unfall 189621 (2024) Kat:3, Licht: 0,189621,3,3,5,11,14,6,0,0,1,1,0,0,0,0
"POINT (7.628988088000028 51.904519598000036)",Unfall 189622 (2024) Kat:3, Licht: 1,189622,3,6,4,11,08,6,1,1,1,1,0,0,0,0
"POINT (7.677408509000031 51.928757126000050)",Unfall 189696 (2024) Kat:3, Licht: 0,189696,3,2,5,12,13,2,1,0,1,0,0,0,0,0
"POINT (7.626552914000058 51.956530214000054)",Unfall 189768 (2024) Kat:3, Licht: 2,189768,3,7,6,11,16,4,1,2,0,1,1,0,0,0
"POINT (7.623456244000067 51.975578782000071)",Unfall 189769 (2024) Kat:3, Licht: 2,189769,3,7,0,11,07,4,0,2,1,0,1,0,0,0
"POINT (7.585286145000055 51.965504659000032)",Unfall 189846 (2024) Kat:3, Licht: 0,189846,3,5,1,11,17,3,0,0,0,1,0,0,1,0
"POINT (7.630409867000026 51.962086856000042)",Unfall 189911 (2024) Kat:3, Licht: 2,189911,3,3,5,11,22,2,1,2,1,0,0,0,0,0
"POINT (7.633127111000022 51.971710939000047)",Unfall 189912 (2024) Kat:3, Licht: 0,189912,3,3,5,11,14,2,1,0,0,1,0,0,0,1
"POINT (7.620794141000033 51.960751851000055)",Unfall 189913 (2024) Kat:3, Licht: 0,189913,3,6,3,11,12,2,0,0,1,1,0,0,0,0
"POINT (7.595024060000071 51.954707878000079)",Unfall 189914 (2024) Kat:3, Licht: 0,189914,3,6,1,11,11,2,0,0,1,1,0,0,0,0
"POINT (7.635671755000033 51.938448883000035)",Unfall 189915 (2024) Kat:2, Licht: 1,189915,2,3,5,11,08,2,0,1,0,1,0,1,0,0
"POINT (7.634047220000070 51.897644800000080)",Unfall 189964 (2024) Kat:3, Licht: 1,189964,3,7,0,11,16,1,0,1,1,1,0,0,0,0
"POINT (7.645904146000021 51.957277761000057)",Unfall 190282 (2024) Kat:3, Licht: 0,190282,3,5,1,12,12,3,1,0,1,1,0,0,0,0
"POINT (7.616979103000062 51.937939782000058)",Unfall 190353 (2024) Kat:3, Licht: 0,190353,3,7,8,12,14,7,0,0,1,1,0,0,0,0
"POINT (7.641302929000062 51.952459831000056)",Unfall 190396 (2024) Kat:3, Licht: 0,190396,3,4,6,12,14,6,1,0,1,0,1,0,0,0
"POINT (7.653034554000044 51.958785791000082)",Unfall 190471 (2024) Kat:3, Licht: 2,190471,3,3,5,12,01,3,0,2,0,1,0,0,0,0
"POINT (7.630075309000063 51.960601007000037)",Unfall 190531 (2024) Kat:3, Licht: 0,190531,3,7,6,12,12,1,1,0,0,1,1,0,0,0
"POINT (7.627287395000053 51.969218761000036)",Unfall 190612 (2024) Kat:3, Licht: 2,190612,3,6,5,12,07,6,0,2,1,0,0,0,0,0
"POINT (7.619961833000048 51.952265880000027)",Unfall 190617 (2024) Kat:3, Licht: 2,190617,3,4,6,12,18,6,0,2,0,1,1,0,0,0
"POINT (7.615853044000062 51.983794713000066)",Unfall 190676 (2024) Kat:2, Licht: 2,190676,2,3,5,12,18,5,1,2,1,1,0,0,0,0
"POINT (7.622398858000054 51.946017869000059)",Unfall 190677 (2024) Kat:2, Licht: 0,190677,2,3,0,12,13,5,1,0,1,1,0,0,0,0
"POINT (7.543869842000049 51.953000949000057)",Unfall 190812 (2024) Kat:3, Licht: 2,190812,3,7,5,12,17,3,0,2,1,1,0,0,0,0
"POINT (7.589508484000021 51.960217700000044)",Unfall 190813 (2024) Kat:3, Licht: 0,190813,3,3,5,12,08,3,0,0,1,1,0,0,0,0
"POINT (7.662597411000036 51.905712091000055)",Unfall 190870 (2024) Kat:3, Licht: 0,190870,3,3,5,12,15,2,1,0,1,1,0,0,0,0
"POINT (7.667299694000064 51.940472337000074)",Unfall 190883 (2024) Kat:3, Licht: 0,190883,3,1,9,12,10,6,1,0,0,1,0,0,0,0
"POINT (7.599952612000038 51.996834271000068)",Unfall 190952 (2024) Kat:3, Licht: 2,190952,3,2,0,12,16,1,1,2,1,0,0,0,0,1
"POINT (7.659518440000056 51.956811257000027)",Unfall 262976 (2024) Kat:3, Licht: 0,262976,3,6,6,02,16,3,0,0,1,0,1,0,0,0
"POINT (7.616363665000051 51.966332343000033)",Unfall 262980 (2024) Kat:3, Licht: 0,262980,3,7,5,02,07,4,1,0,1,0,0,0,0,0
"POINT (7.624669583000070 51.983894141000064)",Unfall 263002 (2024) Kat:3, Licht: 0,263002,3,1,9,03,13,6,0,0,1,0,0,0,0,0
"POINT (7.632330501000069 51.967396659000030)",Unfall 263013 (2024) Kat:3, Licht: 2,263013,3,6,3,03,21,3,0,2,1,0,0,0,0,0
"POINT (7.610303870000052 52.012490271000047)",Unfall 263101 (2024) Kat:2, Licht: 0,263101,2,7,0,04,18,6,0,0,1,0,0,0,0,0
"POINT (7.634054797000033 51.964352524000049)",Unfall 263198 (2024) Kat:3, Licht: 0,263198,3,1,5,05,12,2,0,0,1,0,0,0,0,0
"POINT (7.638910629000065 51.901516979000064)",Unfall 263236 (2024) Kat:3, Licht: 0,263236,3,3,5,05,16,7,0,0,1,1,0,0,0,0
"POINT (7.630451513000025 51.967931357000055)",Unfall 263266 (2024) Kat:3, Licht: 2,263266,3,7,0,05,03,5,0,2,1,0,0,0,0,0
"POINT (7.519360565000056 51.942402525000034)",Unfall 263297 (2024) Kat:2, Licht: 0,263297,2,6,3,05,15,5,0,0,1,1,0,0,0,0
"POINT (7.685344455000063 52.004339866000066)",Unfall 263316 (2024) Kat:3, Licht: 0,263316,3,7,1,05,09,1,0,0,1,1,0,0,0,0
"POINT (7.631865526000070 51.967733322000072)",Unfall 263350 (2024) Kat:3, Licht: 0,263350,3,6,2,06,16,4,0,0,1,0,0,0,0,0
"POINT (7.667709378000040 51.978604535000045)",Unfall 263364 (2024) Kat:3, Licht: 0,263364,3,7,0,06,20,6,0,0,1,0,0,0,0,1
"POINT (7.697200524000039 52.018390144000080)",Unfall 263380 (2024) Kat:2, Licht: 0,263380,2,7,0,06,07,4,1,0,1,1,0,0,0,0
"POINT (7.602501961000030 51.920695031000037)",Unfall 263493 (2024) Kat:3, Licht: 0,263493,3,2,5,07,09,3,1,0,1,0,0,0,1,0
"POINT (7.625007916000072 51.936915843000065)",Unfall 263494 (2024) Kat:3, Licht: 0,263494,3,3,5,07,08,3,0,0,1,1,0,0,0,0
"POINT (7.590049330000056 52.013367792000054)",Unfall 263541 (2024) Kat:3, Licht: 0,263541,3,3,5,07,12,5,0,0,1,1,0,0,0,0
"POINT (7.662339437000071 51.895860894000066)",Unfall 263585 (2024) Kat:2, Licht: 0,263585,2,6,6,07,19,5,0,0,1,0,1,0,0,0
"POINT (7.616315341000075 51.966043437000053)",Unfall 263594 (2024) Kat:2, Licht: 0,263594,2,6,3,07,11,6,0,0,1,0,0,0,0,0
"POINT (7.530387672000074 52.006801001000042)",Unfall 263663 (2024) Kat:3, Licht: 0,263663,3,7,0,07,17,3,0,0,1,0,0,0,0,1
"POINT (7.648743372000069 51.918509061000066)",Unfall 263680 (2024) Kat:3, Licht: 0,263680,3,1,6,08,15,6,0,0,1,0,1,0,0,0
"POINT (7.631657132000043 51.967799869000032)",Unfall 263687 (2024) Kat:3, Licht: 0,263687,3,6,3,08,19,7,0,0,1,0,0,0,0,0
"POINT (7.634260428000061 51.960865086000069)",Unfall 263762 (2024) Kat:3, Licht: 0,263762,3,1,2,08,16,6,1,0,1,0,0,0,0,0
"POINT (7.644338999000070 51.998331597000060)",Unfall 263799 (2024) Kat:3, Licht: 0,263799,3,7,6,08,18,6,0,0,1,0,1,0,0,0
"POINT (7.634145487000069 51.960747645000026)",Unfall 263887 (2024) Kat:2, Licht: 0,263887,2,6,3,09,07,5,0,0,1,0,0,0,0,0
"POINT (7.604426046000071 51.996035099000039)",Unfall 263907 (2024) Kat:2, Licht: 0,263907,2,4,6,09,14,2,0,0,1,0,1,0,0,0
"POINT (7.616127009000024 51.964270372000044)",Unfall 263950 (2024) Kat:3, Licht: 1,263950,3,6,3,09,19,6,0,1,1,0,0,0,0,0
"POINT (7.582098923000046 51.960556488000066)",Unfall 263990 (2024) Kat:3, Licht: 0,263990,3,3,0,10,17,5,0,0,1,1,0,0,0,0
"POINT (7.658924858000034 51.956426393000072)",Unfall 264008 (2024) Kat:3, Licht: 2,264008,3,6,4,10,19,4,1,2,1,0,0,0,0,0
"POINT (7.634981710000034 52.005208656000036)",Unfall 264012 (2024) Kat:2, Licht: 0,264012,2,2,2,10,18,2,0,0,1,0,0,0,0,1
"POINT (7.595789909000075 51.973996204000059)",Unfall 264015 (2024) Kat:3, Licht: 0,264015,3,3,5,10,10,3,0,0,1,0,0,0,0,0
"POINT (7.646494169000050 51.962424871000053)",Unfall 264079 (2024) Kat:3, Licht: 0,264079,3,1,0,10,14,3,1,0,1,0,0,0,0,0
"POINT (7.643427100000054 51.945641155000033)",Unfall 264106 (2024) Kat:3, Licht: 2,264106,3,6,4,11,05,5,1,2,1,0,0,0,0,0
"POINT (7.624215383000035 51.977737057000070)",Unfall 264123 (2024) Kat:3, Licht: 0,264123,3,6,4,11,14,4,1,0,1,0,1,0,0,0